date,quarter,month,year,split,avg_salary,count_in_day,из_нежилых_Промышленные_здания_quarter,Полный_плановый_объем_потребления_электроэнергии_month,Предложения_новостроек_month,Всего_введено_зданий_quarter,"Жилые_здания,_жилые_помещения_и_т.п._quarter",Ипотека_всего_в_деньгах_month,Средства_на_счетах_эскроу_в_рублях_накопительный_итог_month,Средства_на_счетах_эскроу_в_рублях_ежемесячные_изменения_month,Ипотека_по_ДДУ_в_деньгах_month,Ипотека_по_ДДУ_в_количестве_выданных_кредитов_month,Ипотека_всего_в_количестве_выданных_кредитов_month,Коммунальное_хозяйство_-_всего_накопительный_итог_на_начало_месяца_-_собирается_month,"из_них_Закупка_товаров,_работ_и_услуг_для_обеспечения_государственных_муниципальных_нужд_month",из_них_Капитальные_вложения_в_объекты_государственной_муниципальной_собственности_month,из_них_Иные_бюджетные_ассигнования_собирается_month,Оценка_объема_потребеления_безина_quarter,Оценка_объема_потребеления_ДТ_quarter,Цена_на_95_бензин_розничные_цены_month,Цена_на_92_бензин_розничные_цены_month,Цена_на_ДТ_розничные_цены_month,Розничная_продажа_бензинов_автомобильных_в_деньгах;_накопительный_итог_quarter,Розничная_продажа_Дизельное_топливо_в_деньгах;_накопительный_итог_quarter,автоуслуги_по_тратам_потребителей_-_Тинькофф_индекс_month,топливо_потратам_потребителей-Тинькофф_индекс_month,Аренда_складской_недвижимости_month,Аренда_торговой_недвижимости_month,Аренда_офисной_недвижимости_month,Продажа_складской_недвижимости_month,Продажа_торговой_недвижимости_month,Продажа_офисной_недвижимости_month,из_нежилых_коммерческие_здания_quarter,из_коммерческих_торговые_площади_quarter,Изменение_активности_МСП_по_регионам_Сбериндекс_month,Индекс_потребительской_активности_-_Сбериндекс_month,дом_и_ремонт_по_тратам_потребителей_-_Тинькофф_индекс_month,медуслуги_по_тратам_потребителей-Тинькофф_индекс_month,рестораны_по_тратам_потребителей-Тинькофф_индекс_month,Доля_онлайн_платежей_в_безналичных_тратах_населения_month,Кол-во_выпущенных_специалистов_сварочного_производства_и_сварщиков_year
2018-01-02,1,1,2018,2,97500.0,2,53,,,1266.9,1024.3,3509,,,1306,763,2089,40659207.76,14186119.64,23377795.5,2685525.49,534.0950031894535,139.1969347041314,42.85,39.55,39.53,21978677,5494683,,,,,,,,,76.7,33.3,,,,,,,509.0
2018-01-03,1,1,2018,3,36250.0,4,53,,,1266.9,1024.3,3509,,,1306,763,2089,40659207.76,14186119.64,23377795.5,2685525.49,534.0950031894535,139.1969347041314,42.85,39.55,39.53,21978677,5494683,,,,,,,,,76.7,33.3,,,,,,,509.0
2018-01-04,1,1,2018,4,37500.0,3,53,,,1266.9,1024.3,3509,,,1306,763,2089,40659207.76,14186119.64,23377795.5,2685525.49,534.0950031894535,139.1969347041314,42.85,39.55,39.53,21978677,5494683,,,,,,,,,76.7,33.3,,,,,,,509.0
2018-01-05,1,1,2018,5,46250.0,4,53,,,1266.9,1024.3,3509,,,1306,763,2089,40659207.76,14186119.64,23377795.5,2685525.49,534.0950031894535,139.1969347041314,42.85,39.55,39.53,21978677,5494683,,,,,,,,,76.7,33.3,,,,,,,509.0
2018-01-06,1,1,2018,6,46000.0,3,53,,,1266.9,1024.3,3509,,,1306,763,2089,40659207.76,14186119.64,23377795.5,2685525.49,534.0950031894535,139.1969347041314,42.85,39.55,39.53,21978677,5494683,,,,,,,,,76.7,33.3,,,,,,,509.0
2018-01-07,1,1,2018,7,50000.0,3,53,,,1266.9,1024.3,3509,,,1306,763,2089,40659207.76,14186119.64,23377795.5,2685525.49,534.0950031894535,139.1969347041314,42.85,39.55,39.53,21978677,5494683,,,,,,,,,76.7,33.3,,,,,,,509.0
2018-01-08,1,1,2018,8,40000.0,17,53,,,1266.9,1024.3,3509,,,1306,763,2089,40659207.76,14186119.64,23377795.5,2685525.49,534.0950031894535,139.1969347041314,42.85,39.55,39.53,21978677,5494683,,,,,,,,,76.7,33.3,,,,,,,509.0
2018-01-09,1,1,2018,9,40000.0,40,53,,,1266.9,1024.3,3509,,,1306,763,2089,40659207.76,14186119.64,23377795.5,2685525.49,534.0950031894535,139.1969347041314,42.85,39.55,39.53,21978677,5494683,,,,,,,,,76.7,33.3,,,,,,,509.0
2018-01-10,1,1,2018,10,40000.0,18,53,,,1266.9,1024.3,3509,,,1306,763,2089,40659207.76,14186119.64,23377795.5,2685525.49,534.0950031894535,139.1969347041314,42.85,39.55,39.53,21978677,5494683,,,,,,,,,76.7,33.3,,,,,,,509.0
2018-01-11,1,1,2018,11,45000.0,32,53,,,1266.9,1024.3,3509,,,1306,763,2089,40659207.76,14186119.64,23377795.5,2685525.49,534.0950031894535,139.1969347041314,42.85,39.55,39.53,21978677,5494683,,,,,,,,,76.7,33.3,,,,,,,509.0
2018-01-12,1,1,2018,12,40000.0,28,53,,,1266.9,1024.3,3509,,,1306,763,2089,40659207.76,14186119.64,23377795.5,2685525.49,534.0950031894535,139.1969347041314,42.85,39.55,39.53,21978677,5494683,,,,,,,,,76.7,33.3,,,,,,,509.0
2018-01-13,1,1,2018,13,45000.0,8,53,,,1266.9,1024.3,3509,,,1306,763,2089,40659207.76,14186119.64,23377795.5,2685525.49,534.0950031894535,139.1969347041314,42.85,39.55,39.53,21978677,5494683,,,,,,,,,76.7,33.3,,,,,,,509.0
2018-01-14,1,1,2018,14,30000.0,6,53,,,1266.9,1024.3,3509,,,1306,763,2089,40659207.76,14186119.64,23377795.5,2685525.49,534.0950031894535,139.1969347041314,42.85,39.55,39.53,21978677,5494683,,,,,,,,,76.7,33.3,,,,,,,509.0
2018-01-15,1,1,2018,15,40000.0,41,53,,,1266.9,1024.3,3509,,,1306,763,2089,40659207.76,14186119.64,23377795.5,2685525.49,534.0950031894535,139.1969347041314,42.85,39.55,39.53,21978677,5494683,,,,,,,,,76.7,33.3,,,,,,,509.0
2018-01-16,1,1,2018,16,35000.0,31,53,,,1266.9,1024.3,3509,,,1306,763,2089,40659207.76,14186119.64,23377795.5,2685525.49,534.0950031894535,139.1969347041314,42.85,39.55,39.53,21978677,5494683,,,,,,,,,76.7,33.3,,,,,,,509.0
2018-01-17,1,1,2018,17,42500.0,30,53,,,1266.9,1024.3,3509,,,1306,763,2089,40659207.76,14186119.64,23377795.5,2685525.49,534.0950031894535,139.1969347041314,42.85,39.55,39.53,21978677,5494683,,,,,,,,,76.7,33.3,,,,,,,509.0
2018-01-18,1,1,2018,18,47500.0,29,53,,,1266.9,1024.3,3509,,,1306,763,2089,40659207.76,14186119.64,23377795.5,2685525.49,534.0950031894535,139.1969347041314,42.85,39.55,39.53,21978677,5494683,,,,,,,,,76.7,33.3,,,,,,,509.0
2018-01-19,1,1,2018,19,50000.0,14,53,,,1266.9,1024.3,3509,,,1306,763,2089,40659207.76,14186119.64,23377795.5,2685525.49,534.0950031894535,139.1969347041314,42.85,39.55,39.53,21978677,5494683,,,,,,,,,76.7,33.3,,,,,,,509.0
2018-01-20,1,1,2018,20,55000.0,7,53,,,1266.9,1024.3,3509,,,1306,763,2089,40659207.76,14186119.64,23377795.5,2685525.49,534.0950031894535,139.1969347041314,42.85,39.55,39.53,21978677,5494683,,,,,,,,,76.7,33.3,,,,,,,509.0
2018-01-21,1,1,2018,21,75000.0,3,53,,,1266.9,1024.3,3509,,,1306,763,2089,40659207.76,14186119.64,23377795.5,2685525.49,534.0950031894535,139.1969347041314,42.85,39.55,39.53,21978677,5494683,,,,,,,,,76.7,33.3,,,,,,,509.0
2018-01-22,1,1,2018,22,40000.0,31,53,,,1266.9,1024.3,3509,,,1306,763,2089,40659207.76,14186119.64,23377795.5,2685525.49,534.0950031894535,139.1969347041314,42.85,39.55,39.53,21978677,5494683,,,,,,,,,76.7,33.3,,,,,,,509.0
2018-01-23,1,1,2018,23,40000.0,21,53,,,1266.9,1024.3,3509,,,1306,763,2089,40659207.76,14186119.64,23377795.5,2685525.49,534.0950031894535,139.1969347041314,42.85,39.55,39.53,21978677,5494683,,,,,,,,,76.7,33.3,,,,,,,509.0
2018-01-24,1,1,2018,24,41500.0,22,53,,,1266.9,1024.3,3509,,,1306,763,2089,40659207.76,14186119.64,23377795.5,2685525.49,534.0950031894535,139.1969347041314,42.85,39.55,39.53,21978677,5494683,,,,,,,,,76.7,33.3,,,,,,,509.0
2018-01-25,1,1,2018,25,50000.0,29,53,,,1266.9,1024.3,3509,,,1306,763,2089,40659207.76,14186119.64,23377795.5,2685525.49,534.0950031894535,139.1969347041314,42.85,39.55,39.53,21978677,5494683,,,,,,,,,76.7,33.3,,,,,,,509.0
2018-01-26,1,1,2018,26,45000.0,17,53,,,1266.9,1024.3,3509,,,1306,763,2089,40659207.76,14186119.64,23377795.5,2685525.49,534.0950031894535,139.1969347041314,42.85,39.55,39.53,21978677,5494683,,,,,,,,,76.7,33.3,,,,,,,509.0
2018-01-27,1,1,2018,27,60000.0,5,53,,,1266.9,1024.3,3509,,,1306,763,2089,40659207.76,14186119.64,23377795.5,2685525.49,534.0950031894535,139.1969347041314,42.85,39.55,39.53,21978677,5494683,,,,,,,,,76.7,33.3,,,,,,,509.0
2018-01-28,1,1,2018,28,45000.0,4,53,,,1266.9,1024.3,3509,,,1306,763,2089,40659207.76,14186119.64,23377795.5,2685525.49,534.0950031894535,139.1969347041314,42.85,39.55,39.53,21978677,5494683,,,,,,,,,76.7,33.3,,,,,,,509.0
2018-01-29,1,1,2018,29,40000.0,50,53,,,1266.9,1024.3,3509,,,1306,763,2089,40659207.76,14186119.64,23377795.5,2685525.49,534.0950031894535,139.1969347041314,42.85,39.55,39.53,21978677,5494683,,,,,,,,,76.7,33.3,,,,,,,509.0
2018-01-30,1,1,2018,30,40000.0,21,53,,,1266.9,1024.3,3509,,,1306,763,2089,40659207.76,14186119.64,23377795.5,2685525.49,534.0950031894535,139.1969347041314,42.85,39.55,39.53,21978677,5494683,,,,,,,,,76.7,33.3,,,,,,,509.0
2018-01-31,1,1,2018,31,35000.0,16,53,,,1266.9,1024.3,3509,,,1306,763,2089,40659207.76,14186119.64,23377795.5,2685525.49,534.0950031894535,139.1969347041314,42.85,39.55,39.53,21978677,5494683,,,,,,,,,76.7,33.3,,,,,,,509.0
2018-02-01,1,2,2018,1,35000.0,22,53,,,1266.9,1024.3,4975,,,1980,1150,2980,56089509.86000001,33562979.38,13706394.869999997,8470135.61,534.0950031894535,139.1969347041314,42.7975,39.4925,39.4825,21978677,5494683,,,,,,,,,76.7,33.3,,,,,,,509.0
2018-02-02,1,2,2018,2,37500.0,23,53,,,1266.9,1024.3,4975,,,1980,1150,2980,56089509.86000001,33562979.38,13706394.869999997,8470135.61,534.0950031894535,139.1969347041314,42.7975,39.4925,39.4825,21978677,5494683,,,,,,,,,76.7,33.3,,,,,,,509.0
2018-02-03,1,2,2018,3,48750.0,6,53,,,1266.9,1024.3,4975,,,1980,1150,2980,56089509.86000001,33562979.38,13706394.869999997,8470135.61,534.0950031894535,139.1969347041314,42.7975,39.4925,39.4825,21978677,5494683,,,,,,,,,76.7,33.3,,,,,,,509.0
2018-02-04,1,2,2018,4,43750.0,2,53,,,1266.9,1024.3,4975,,,1980,1150,2980,56089509.86000001,33562979.38,13706394.869999997,8470135.61,534.0950031894535,139.1969347041314,42.7975,39.4925,39.4825,21978677,5494683,,,,,,,,,76.7,33.3,,,,,,,509.0
2018-02-05,1,2,2018,5,45000.0,40,53,,,1266.9,1024.3,4975,,,1980,1150,2980,56089509.86000001,33562979.38,13706394.869999997,8470135.61,534.0950031894535,139.1969347041314,42.7975,39.4925,39.4825,21978677,5494683,,,,,,,,,76.7,33.3,,,,,,,509.0
2018-02-06,1,2,2018,6,40000.0,27,53,,,1266.9,1024.3,4975,,,1980,1150,2980,56089509.86000001,33562979.38,13706394.869999997,8470135.61,534.0950031894535,139.1969347041314,42.7975,39.4925,39.4825,21978677,5494683,,,,,,,,,76.7,33.3,,,,,,,509.0
2018-02-07,1,2,2018,7,38750.0,30,53,,,1266.9,1024.3,4975,,,1980,1150,2980,56089509.86000001,33562979.38,13706394.869999997,8470135.61,534.0950031894535,139.1969347041314,42.7975,39.4925,39.4825,21978677,5494683,,,,,,,,,76.7,33.3,,,,,,,509.0
2018-02-08,1,2,2018,8,45000.0,26,53,,,1266.9,1024.3,4975,,,1980,1150,2980,56089509.86000001,33562979.38,13706394.869999997,8470135.61,534.0950031894535,139.1969347041314,42.7975,39.4925,39.4825,21978677,5494683,,,,,,,,,76.7,33.3,,,,,,,509.0
2018-02-09,1,2,2018,9,38750.0,22,53,,,1266.9,1024.3,4975,,,1980,1150,2980,56089509.86000001,33562979.38,13706394.869999997,8470135.61,534.0950031894535,139.1969347041314,42.7975,39.4925,39.4825,21978677,5494683,,,,,,,,,76.7,33.3,,,,,,,509.0
2018-02-10,1,2,2018,10,50000.0,6,53,,,1266.9,1024.3,4975,,,1980,1150,2980,56089509.86000001,33562979.38,13706394.869999997,8470135.61,534.0950031894535,139.1969347041314,42.7975,39.4925,39.4825,21978677,5494683,,,,,,,,,76.7,33.3,,,,,,,509.0
2018-02-11,1,2,2018,11,32250.0,10,53,,,1266.9,1024.3,4975,,,1980,1150,2980,56089509.86000001,33562979.38,13706394.869999997,8470135.61,534.0950031894535,139.1969347041314,42.7975,39.4925,39.4825,21978677,5494683,,,,,,,,,76.7,33.3,,,,,,,509.0
2018-02-12,1,2,2018,12,43750.0,36,53,,,1266.9,1024.3,4975,,,1980,1150,2980,56089509.86000001,33562979.38,13706394.869999997,8470135.61,534.0950031894535,139.1969347041314,42.7975,39.4925,39.4825,21978677,5494683,,,,,,,,,76.7,33.3,,,,,,,509.0
2018-02-13,1,2,2018,13,43000.0,47,53,,,1266.9,1024.3,4975,,,1980,1150,2980,56089509.86000001,33562979.38,13706394.869999997,8470135.61,534.0950031894535,139.1969347041314,42.7975,39.4925,39.4825,21978677,5494683,,,,,,,,,76.7,33.3,,,,,,,509.0
2018-02-14,1,2,2018,14,42500.0,23,53,,,1266.9,1024.3,4975,,,1980,1150,2980,56089509.86000001,33562979.38,13706394.869999997,8470135.61,534.0950031894535,139.1969347041314,42.7975,39.4925,39.4825,21978677,5494683,,,,,,,,,76.7,33.3,,,,,,,509.0
2018-02-15,1,2,2018,15,41000.0,30,53,,,1266.9,1024.3,4975,,,1980,1150,2980,56089509.86000001,33562979.38,13706394.869999997,8470135.61,534.0950031894535,139.1969347041314,42.7975,39.4925,39.4825,21978677,5494683,,,,,,,,,76.7,33.3,,,,,,,509.0
2018-02-16,1,2,2018,16,40000.0,28,53,,,1266.9,1024.3,4975,,,1980,1150,2980,56089509.86000001,33562979.38,13706394.869999997,8470135.61,534.0950031894535,139.1969347041314,42.7975,39.4925,39.4825,21978677,5494683,,,,,,,,,76.7,33.3,,,,,,,509.0
2018-02-17,1,2,2018,17,37500.0,8,53,,,1266.9,1024.3,4975,,,1980,1150,2980,56089509.86000001,33562979.38,13706394.869999997,8470135.61,534.0950031894535,139.1969347041314,42.7975,39.4925,39.4825,21978677,5494683,,,,,,,,,76.7,33.3,,,,,,,509.0
2018-02-18,1,2,2018,18,20000.0,3,53,,,1266.9,1024.3,4975,,,1980,1150,2980,56089509.86000001,33562979.38,13706394.869999997,8470135.61,534.0950031894535,139.1969347041314,42.7975,39.4925,39.4825,21978677,5494683,,,,,,,,,76.7,33.3,,,,,,,509.0
2018-02-19,1,2,2018,19,37500.0,35,53,,,1266.9,1024.3,4975,,,1980,1150,2980,56089509.86000001,33562979.38,13706394.869999997,8470135.61,534.0950031894535,139.1969347041314,42.7975,39.4925,39.4825,21978677,5494683,,,,,,,,,76.7,33.3,,,,,,,509.0
2018-02-20,1,2,2018,20,45000.0,35,53,,,1266.9,1024.3,4975,,,1980,1150,2980,56089509.86000001,33562979.38,13706394.869999997,8470135.61,534.0950031894535,139.1969347041314,42.7975,39.4925,39.4825,21978677,5494683,,,,,,,,,76.7,33.3,,,,,,,509.0
2018-02-21,1,2,2018,21,40000.0,19,53,,,1266.9,1024.3,4975,,,1980,1150,2980,56089509.86000001,33562979.38,13706394.869999997,8470135.61,534.0950031894535,139.1969347041314,42.7975,39.4925,39.4825,21978677,5494683,,,,,,,,,76.7,33.3,,,,,,,509.0
2018-02-22,1,2,2018,22,42000.0,21,53,,,1266.9,1024.3,4975,,,1980,1150,2980,56089509.86000001,33562979.38,13706394.869999997,8470135.61,534.0950031894535,139.1969347041314,42.7975,39.4925,39.4825,21978677,5494683,,,,,,,,,76.7,33.3,,,,,,,509.0
2018-02-23,1,2,2018,23,40000.0,7,53,,,1266.9,1024.3,4975,,,1980,1150,2980,56089509.86000001,33562979.38,13706394.869999997,8470135.61,534.0950031894535,139.1969347041314,42.7975,39.4925,39.4825,21978677,5494683,,,,,,,,,76.7,33.3,,,,,,,509.0
2018-02-24,1,2,2018,24,37500.0,6,53,,,1266.9,1024.3,4975,,,1980,1150,2980,56089509.86000001,33562979.38,13706394.869999997,8470135.61,534.0950031894535,139.1969347041314,42.7975,39.4925,39.4825,21978677,5494683,,,,,,,,,76.7,33.3,,,,,,,509.0
2018-02-25,1,2,2018,25,52500.0,2,53,,,1266.9,1024.3,4975,,,1980,1150,2980,56089509.86000001,33562979.38,13706394.869999997,8470135.61,534.0950031894535,139.1969347041314,42.7975,39.4925,39.4825,21978677,5494683,,,,,,,,,76.7,33.3,,,,,,,509.0
2018-02-26,1,2,2018,26,40000.0,33,53,,,1266.9,1024.3,4975,,,1980,1150,2980,56089509.86000001,33562979.38,13706394.869999997,8470135.61,534.0950031894535,139.1969347041314,42.7975,39.4925,39.4825,21978677,5494683,,,,,,,,,76.7,33.3,,,,,,,509.0
2018-02-27,1,2,2018,27,37500.0,12,53,,,1266.9,1024.3,4975,,,1980,1150,2980,56089509.86000001,33562979.38,13706394.869999997,8470135.61,534.0950031894535,139.1969347041314,42.7975,39.4925,39.4825,21978677,5494683,,,,,,,,,76.7,33.3,,,,,,,509.0
2018-02-28,1,2,2018,28,40000.0,22,53,,,1266.9,1024.3,4975,,,1980,1150,2980,56089509.86000001,33562979.38,13706394.869999997,8470135.61,534.0950031894535,139.1969347041314,42.7975,39.4925,39.4825,21978677,5494683,,,,,,,,,76.7,33.3,,,,,,,509.0
2018-03-01,1,3,2018,1,40000.0,27,53,,,1266.9,1024.3,6443,,,2184,1256,3658,94919784.32,28852803.669999994,29730771.71,35951312.99,534.0950031894535,139.1969347041314,42.7525,39.465,39.41,21978677,5494683,,,,,,,,,76.7,33.3,,,,,,,509.0
2018-03-02,1,3,2018,2,50000.0,26,53,,,1266.9,1024.3,6443,,,2184,1256,3658,94919784.32,28852803.669999994,29730771.71,35951312.99,534.0950031894535,139.1969347041314,42.7525,39.465,39.41,21978677,5494683,,,,,,,,,76.7,33.3,,,,,,,509.0
2018-03-03,1,3,2018,3,47500.0,2,53,,,1266.9,1024.3,6443,,,2184,1256,3658,94919784.32,28852803.669999994,29730771.71,35951312.99,534.0950031894535,139.1969347041314,42.7525,39.465,39.41,21978677,5494683,,,,,,,,,76.7,33.3,,,,,,,509.0
2018-03-04,1,3,2018,4,40000.0,3,53,,,1266.9,1024.3,6443,,,2184,1256,3658,94919784.32,28852803.669999994,29730771.71,35951312.99,534.0950031894535,139.1969347041314,42.7525,39.465,39.41,21978677,5494683,,,,,,,,,76.7,33.3,,,,,,,509.0
2018-03-05,1,3,2018,5,45000.0,28,53,,,1266.9,1024.3,6443,,,2184,1256,3658,94919784.32,28852803.669999994,29730771.71,35951312.99,534.0950031894535,139.1969347041314,42.7525,39.465,39.41,21978677,5494683,,,,,,,,,76.7,33.3,,,,,,,509.0
2018-03-06,1,3,2018,6,40000.0,22,53,,,1266.9,1024.3,6443,,,2184,1256,3658,94919784.32,28852803.669999994,29730771.71,35951312.99,534.0950031894535,139.1969347041314,42.7525,39.465,39.41,21978677,5494683,,,,,,,,,76.7,33.3,,,,,,,509.0
2018-03-07,1,3,2018,7,40000.0,26,53,,,1266.9,1024.3,6443,,,2184,1256,3658,94919784.32,28852803.669999994,29730771.71,35951312.99,534.0950031894535,139.1969347041314,42.7525,39.465,39.41,21978677,5494683,,,,,,,,,76.7,33.3,,,,,,,509.0
2018-03-08,1,3,2018,8,35000.0,3,53,,,1266.9,1024.3,6443,,,2184,1256,3658,94919784.32,28852803.669999994,29730771.71,35951312.99,534.0950031894535,139.1969347041314,42.7525,39.465,39.41,21978677,5494683,,,,,,,,,76.7,33.3,,,,,,,509.0
2018-03-09,1,3,2018,9,45000.0,7,53,,,1266.9,1024.3,6443,,,2184,1256,3658,94919784.32,28852803.669999994,29730771.71,35951312.99,534.0950031894535,139.1969347041314,42.7525,39.465,39.41,21978677,5494683,,,,,,,,,76.7,33.3,,,,,,,509.0
2018-03-10,1,3,2018,10,30000.0,7,53,,,1266.9,1024.3,6443,,,2184,1256,3658,94919784.32,28852803.669999994,29730771.71,35951312.99,534.0950031894535,139.1969347041314,42.7525,39.465,39.41,21978677,5494683,,,,,,,,,76.7,33.3,,,,,,,509.0
2018-03-11,1,3,2018,11,32500.0,6,53,,,1266.9,1024.3,6443,,,2184,1256,3658,94919784.32,28852803.669999994,29730771.71,35951312.99,534.0950031894535,139.1969347041314,42.7525,39.465,39.41,21978677,5494683,,,,,,,,,76.7,33.3,,,,,,,509.0
2018-03-12,1,3,2018,12,42500.0,39,53,,,1266.9,1024.3,6443,,,2184,1256,3658,94919784.32,28852803.669999994,29730771.71,35951312.99,534.0950031894535,139.1969347041314,42.7525,39.465,39.41,21978677,5494683,,,,,,,,,76.7,33.3,,,,,,,509.0
2018-03-13,1,3,2018,13,35000.0,25,53,,,1266.9,1024.3,6443,,,2184,1256,3658,94919784.32,28852803.669999994,29730771.71,35951312.99,534.0950031894535,139.1969347041314,42.7525,39.465,39.41,21978677,5494683,,,,,,,,,76.7,33.3,,,,,,,509.0
2018-03-14,1,3,2018,14,40000.0,19,53,,,1266.9,1024.3,6443,,,2184,1256,3658,94919784.32,28852803.669999994,29730771.71,35951312.99,534.0950031894535,139.1969347041314,42.7525,39.465,39.41,21978677,5494683,,,,,,,,,76.7,33.3,,,,,,,509.0
2018-03-15,1,3,2018,15,40000.0,33,53,,,1266.9,1024.3,6443,,,2184,1256,3658,94919784.32,28852803.669999994,29730771.71,35951312.99,534.0950031894535,139.1969347041314,42.7525,39.465,39.41,21978677,5494683,,,,,,,,,76.7,33.3,,,,,,,509.0
2018-03-16,1,3,2018,16,41250.0,24,53,,,1266.9,1024.3,6443,,,2184,1256,3658,94919784.32,28852803.669999994,29730771.71,35951312.99,534.0950031894535,139.1969347041314,42.7525,39.465,39.41,21978677,5494683,,,,,,,,,76.7,33.3,,,,,,,509.0
2018-03-17,1,3,2018,17,52500.0,11,53,,,1266.9,1024.3,6443,,,2184,1256,3658,94919784.32,28852803.669999994,29730771.71,35951312.99,534.0950031894535,139.1969347041314,42.7525,39.465,39.41,21978677,5494683,,,,,,,,,76.7,33.3,,,,,,,509.0
2018-03-18,1,3,2018,18,66250.0,4,53,,,1266.9,1024.3,6443,,,2184,1256,3658,94919784.32,28852803.669999994,29730771.71,35951312.99,534.0950031894535,139.1969347041314,42.7525,39.465,39.41,21978677,5494683,,,,,,,,,76.7,33.3,,,,,,,509.0
2018-03-19,1,3,2018,19,40000.0,41,53,,,1266.9,1024.3,6443,,,2184,1256,3658,94919784.32,28852803.669999994,29730771.71,35951312.99,534.0950031894535,139.1969347041314,42.7525,39.465,39.41,21978677,5494683,,,,,,,,,76.7,33.3,,,,,,,509.0
2018-03-20,1,3,2018,20,40000.0,25,53,,,1266.9,1024.3,6443,,,2184,1256,3658,94919784.32,28852803.669999994,29730771.71,35951312.99,534.0950031894535,139.1969347041314,42.7525,39.465,39.41,21978677,5494683,,,,,,,,,76.7,33.3,,,,,,,509.0
2018-03-21,1,3,2018,21,36250.0,24,53,,,1266.9,1024.3,6443,,,2184,1256,3658,94919784.32,28852803.669999994,29730771.71,35951312.99,534.0950031894535,139.1969347041314,42.7525,39.465,39.41,21978677,5494683,,,,,,,,,76.7,33.3,,,,,,,509.0
2018-03-22,1,3,2018,22,40000.0,37,53,,,1266.9,1024.3,6443,,,2184,1256,3658,94919784.32,28852803.669999994,29730771.71,35951312.99,534.0950031894535,139.1969347041314,42.7525,39.465,39.41,21978677,5494683,,,,,,,,,76.7,33.3,,,,,,,509.0
2018-03-23,1,3,2018,23,45000.0,34,53,,,1266.9,1024.3,6443,,,2184,1256,3658,94919784.32,28852803.669999994,29730771.71,35951312.99,534.0950031894535,139.1969347041314,42.7525,39.465,39.41,21978677,5494683,,,,,,,,,76.7,33.3,,,,,,,509.0
2018-03-24,1,3,2018,24,31750.0,2,53,,,1266.9,1024.3,6443,,,2184,1256,3658,94919784.32,28852803.669999994,29730771.71,35951312.99,534.0950031894535,139.1969347041314,42.7525,39.465,39.41,21978677,5494683,,,,,,,,,76.7,33.3,,,,,,,509.0
2018-03-25,1,3,2018,25,45000.0,6,53,,,1266.9,1024.3,6443,,,2184,1256,3658,94919784.32,28852803.669999994,29730771.71,35951312.99,534.0950031894535,139.1969347041314,42.7525,39.465,39.41,21978677,5494683,,,,,,,,,76.7,33.3,,,,,,,509.0
2018-03-26,1,3,2018,26,40000.0,29,53,,,1266.9,1024.3,6443,,,2184,1256,3658,94919784.32,28852803.669999994,29730771.71,35951312.99,534.0950031894535,139.1969347041314,42.7525,39.465,39.41,21978677,5494683,,,,,,,,,76.7,33.3,,,,,,,509.0
2018-03-27,1,3,2018,27,40000.0,27,53,,,1266.9,1024.3,6443,,,2184,1256,3658,94919784.32,28852803.669999994,29730771.71,35951312.99,534.0950031894535,139.1969347041314,42.7525,39.465,39.41,21978677,5494683,,,,,,,,,76.7,33.3,,,,,,,509.0
2018-03-28,1,3,2018,28,40000.0,19,53,,,1266.9,1024.3,6443,,,2184,1256,3658,94919784.32,28852803.669999994,29730771.71,35951312.99,534.0950031894535,139.1969347041314,42.7525,39.465,39.41,21978677,5494683,,,,,,,,,76.7,33.3,,,,,,,509.0
2018-03-29,1,3,2018,29,45000.0,22,53,,,1266.9,1024.3,6443,,,2184,1256,3658,94919784.32,28852803.669999994,29730771.71,35951312.99,534.0950031894535,139.1969347041314,42.7525,39.465,39.41,21978677,5494683,,,,,,,,,76.7,33.3,,,,,,,509.0
2018-03-30,1,3,2018,30,33750.0,22,53,,,1266.9,1024.3,6443,,,2184,1256,3658,94919784.32,28852803.669999994,29730771.71,35951312.99,534.0950031894535,139.1969347041314,42.7525,39.465,39.41,21978677,5494683,,,,,,,,,76.7,33.3,,,,,,,509.0
2018-03-31,1,3,2018,31,31250.0,8,53,,,1266.9,1024.3,6443,,,2184,1256,3658,94919784.32,28852803.669999994,29730771.71,35951312.99,534.0950031894535,139.1969347041314,42.7525,39.465,39.41,21978677,5494683,,,,,,,,,76.7,33.3,,,,,,,509.0
2018-04-01,2,4,2018,1,40000.0,5,35.7,,,1041.6999999999998,817.2,6279,,,2149,1216,3496,150425886.33999997,46010859.5,90156968.03000002,11230359.549999997,575.8480790082934,265.2602518566354,42.765,39.4975,39.5725,24562080,10953480,,,,,,,,,57.89999999999999,31.60000000000001,,,,,,,509.0
2018-04-02,2,4,2018,2,41500.0,50,35.7,,,1041.6999999999998,817.2,6279,,,2149,1216,3496,150425886.33999997,46010859.5,90156968.03000002,11230359.549999997,575.8480790082934,265.2602518566354,42.765,39.4975,39.5725,24562080,10953480,,,,,,,,,57.89999999999999,31.60000000000001,,,,,,,509.0
2018-04-03,2,4,2018,3,45000.0,25,35.7,,,1041.6999999999998,817.2,6279,,,2149,1216,3496,150425886.33999997,46010859.5,90156968.03000002,11230359.549999997,575.8480790082934,265.2602518566354,42.765,39.4975,39.5725,24562080,10953480,,,,,,,,,57.89999999999999,31.60000000000001,,,,,,,509.0
2018-04-04,2,4,2018,4,32500.0,22,35.7,,,1041.6999999999998,817.2,6279,,,2149,1216,3496,150425886.33999997,46010859.5,90156968.03000002,11230359.549999997,575.8480790082934,265.2602518566354,42.765,39.4975,39.5725,24562080,10953480,,,,,,,,,57.89999999999999,31.60000000000001,,,,,,,509.0
2018-04-05,2,4,2018,5,45000.0,31,35.7,,,1041.6999999999998,817.2,6279,,,2149,1216,3496,150425886.33999997,46010859.5,90156968.03000002,11230359.549999997,575.8480790082934,265.2602518566354,42.765,39.4975,39.5725,24562080,10953480,,,,,,,,,57.89999999999999,31.60000000000001,,,,,,,509.0
2018-04-06,2,4,2018,6,37500.0,14,35.7,,,1041.6999999999998,817.2,6279,,,2149,1216,3496,150425886.33999997,46010859.5,90156968.03000002,11230359.549999997,575.8480790082934,265.2602518566354,42.765,39.4975,39.5725,24562080,10953480,,,,,,,,,57.89999999999999,31.60000000000001,,,,,,,509.0
2018-04-07,2,4,2018,7,24500.0,1,35.7,,,1041.6999999999998,817.2,6279,,,2149,1216,3496,150425886.33999997,46010859.5,90156968.03000002,11230359.549999997,575.8480790082934,265.2602518566354,42.765,39.4975,39.5725,24562080,10953480,,,,,,,,,57.89999999999999,31.60000000000001,,,,,,,509.0
2018-04-08,2,4,2018,8,75000.0,3,35.7,,,1041.6999999999998,817.2,6279,,,2149,1216,3496,150425886.33999997,46010859.5,90156968.03000002,11230359.549999997,575.8480790082934,265.2602518566354,42.765,39.4975,39.5725,24562080,10953480,,,,,,,,,57.89999999999999,31.60000000000001,,,,,,,509.0
2018-04-09,2,4,2018,9,42500.0,32,35.7,,,1041.6999999999998,817.2,6279,,,2149,1216,3496,150425886.33999997,46010859.5,90156968.03000002,11230359.549999997,575.8480790082934,265.2602518566354,42.765,39.4975,39.5725,24562080,10953480,,,,,,,,,57.89999999999999,31.60000000000001,,,,,,,509.0
2018-04-10,2,4,2018,10,41250.0,28,35.7,,,1041.6999999999998,817.2,6279,,,2149,1216,3496,150425886.33999997,46010859.5,90156968.03000002,11230359.549999997,575.8480790082934,265.2602518566354,42.765,39.4975,39.5725,24562080,10953480,,,,,,,,,57.89999999999999,31.60000000000001,,,,,,,509.0
2018-04-11,2,4,2018,11,40000.0,32,35.7,,,1041.6999999999998,817.2,6279,,,2149,1216,3496,150425886.33999997,46010859.5,90156968.03000002,11230359.549999997,575.8480790082934,265.2602518566354,42.765,39.4975,39.5725,24562080,10953480,,,,,,,,,57.89999999999999,31.60000000000001,,,,,,,509.0
2018-04-12,2,4,2018,12,45000.0,27,35.7,,,1041.6999999999998,817.2,6279,,,2149,1216,3496,150425886.33999997,46010859.5,90156968.03000002,11230359.549999997,575.8480790082934,265.2602518566354,42.765,39.4975,39.5725,24562080,10953480,,,,,,,,,57.89999999999999,31.60000000000001,,,,,,,509.0
2018-04-13,2,4,2018,13,45000.0,22,35.7,,,1041.6999999999998,817.2,6279,,,2149,1216,3496,150425886.33999997,46010859.5,90156968.03000002,11230359.549999997,575.8480790082934,265.2602518566354,42.765,39.4975,39.5725,24562080,10953480,,,,,,,,,57.89999999999999,31.60000000000001,,,,,,,509.0
2018-04-14,2,4,2018,14,50000.0,5,35.7,,,1041.6999999999998,817.2,6279,,,2149,1216,3496,150425886.33999997,46010859.5,90156968.03000002,11230359.549999997,575.8480790082934,265.2602518566354,42.765,39.4975,39.5725,24562080,10953480,,,,,,,,,57.89999999999999,31.60000000000001,,,,,,,509.0
2018-04-15,2,4,2018,15,50000.0,10,35.7,,,1041.6999999999998,817.2,6279,,,2149,1216,3496,150425886.33999997,46010859.5,90156968.03000002,11230359.549999997,575.8480790082934,265.2602518566354,42.765,39.4975,39.5725,24562080,10953480,,,,,,,,,57.89999999999999,31.60000000000001,,,,,,,509.0
2018-04-16,2,4,2018,16,37500.0,31,35.7,,,1041.6999999999998,817.2,6279,,,2149,1216,3496,150425886.33999997,46010859.5,90156968.03000002,11230359.549999997,575.8480790082934,265.2602518566354,42.765,39.4975,39.5725,24562080,10953480,,,,,,,,,57.89999999999999,31.60000000000001,,,,,,,509.0
2018-04-17,2,4,2018,17,41500.0,27,35.7,,,1041.6999999999998,817.2,6279,,,2149,1216,3496,150425886.33999997,46010859.5,90156968.03000002,11230359.549999997,575.8480790082934,265.2602518566354,42.765,39.4975,39.5725,24562080,10953480,,,,,,,,,57.89999999999999,31.60000000000001,,,,,,,509.0
2018-04-18,2,4,2018,18,45000.0,23,35.7,,,1041.6999999999998,817.2,6279,,,2149,1216,3496,150425886.33999997,46010859.5,90156968.03000002,11230359.549999997,575.8480790082934,265.2602518566354,42.765,39.4975,39.5725,24562080,10953480,,,,,,,,,57.89999999999999,31.60000000000001,,,,,,,509.0
2018-04-19,2,4,2018,19,45000.0,21,35.7,,,1041.6999999999998,817.2,6279,,,2149,1216,3496,150425886.33999997,46010859.5,90156968.03000002,11230359.549999997,575.8480790082934,265.2602518566354,42.765,39.4975,39.5725,24562080,10953480,,,,,,,,,57.89999999999999,31.60000000000001,,,,,,,509.0
2018-04-20,2,4,2018,20,40000.0,33,35.7,,,1041.6999999999998,817.2,6279,,,2149,1216,3496,150425886.33999997,46010859.5,90156968.03000002,11230359.549999997,575.8480790082934,265.2602518566354,42.765,39.4975,39.5725,24562080,10953480,,,,,,,,,57.89999999999999,31.60000000000001,,,,,,,509.0
2018-04-21,2,4,2018,21,40000.0,9,35.7,,,1041.6999999999998,817.2,6279,,,2149,1216,3496,150425886.33999997,46010859.5,90156968.03000002,11230359.549999997,575.8480790082934,265.2602518566354,42.765,39.4975,39.5725,24562080,10953480,,,,,,,,,57.89999999999999,31.60000000000001,,,,,,,509.0
2018-04-22,2,4,2018,22,40000.0,7,35.7,,,1041.6999999999998,817.2,6279,,,2149,1216,3496,150425886.33999997,46010859.5,90156968.03000002,11230359.549999997,575.8480790082934,265.2602518566354,42.765,39.4975,39.5725,24562080,10953480,,,,,,,,,57.89999999999999,31.60000000000001,,,,,,,509.0
2018-04-23,2,4,2018,23,45000.0,39,35.7,,,1041.6999999999998,817.2,6279,,,2149,1216,3496,150425886.33999997,46010859.5,90156968.03000002,11230359.549999997,575.8480790082934,265.2602518566354,42.765,39.4975,39.5725,24562080,10953480,,,,,,,,,57.89999999999999,31.60000000000001,,,,,,,509.0
2018-04-24,2,4,2018,24,40000.0,26,35.7,,,1041.6999999999998,817.2,6279,,,2149,1216,3496,150425886.33999997,46010859.5,90156968.03000002,11230359.549999997,575.8480790082934,265.2602518566354,42.765,39.4975,39.5725,24562080,10953480,,,,,,,,,57.89999999999999,31.60000000000001,,,,,,,509.0
2018-04-25,2,4,2018,25,42500.0,15,35.7,,,1041.6999999999998,817.2,6279,,,2149,1216,3496,150425886.33999997,46010859.5,90156968.03000002,11230359.549999997,575.8480790082934,265.2602518566354,42.765,39.4975,39.5725,24562080,10953480,,,,,,,,,57.89999999999999,31.60000000000001,,,,,,,509.0
2018-04-26,2,4,2018,26,50000.0,36,35.7,,,1041.6999999999998,817.2,6279,,,2149,1216,3496,150425886.33999997,46010859.5,90156968.03000002,11230359.549999997,575.8480790082934,265.2602518566354,42.765,39.4975,39.5725,24562080,10953480,,,,,,,,,57.89999999999999,31.60000000000001,,,,,,,509.0
2018-04-27,2,4,2018,27,50000.0,23,35.7,,,1041.6999999999998,817.2,6279,,,2149,1216,3496,150425886.33999997,46010859.5,90156968.03000002,11230359.549999997,575.8480790082934,265.2602518566354,42.765,39.4975,39.5725,24562080,10953480,,,,,,,,,57.89999999999999,31.60000000000001,,,,,,,509.0
2018-04-28,2,4,2018,28,42500.0,25,35.7,,,1041.6999999999998,817.2,6279,,,2149,1216,3496,150425886.33999997,46010859.5,90156968.03000002,11230359.549999997,575.8480790082934,265.2602518566354,42.765,39.4975,39.5725,24562080,10953480,,,,,,,,,57.89999999999999,31.60000000000001,,,,,,,509.0
2018-04-29,2,4,2018,29,35000.0,5,35.7,,,1041.6999999999998,817.2,6279,,,2149,1216,3496,150425886.33999997,46010859.5,90156968.03000002,11230359.549999997,575.8480790082934,265.2602518566354,42.765,39.4975,39.5725,24562080,10953480,,,,,,,,,57.89999999999999,31.60000000000001,,,,,,,509.0
2018-04-30,2,4,2018,30,29500.0,2,35.7,,,1041.6999999999998,817.2,6279,,,2149,1216,3496,150425886.33999997,46010859.5,90156968.03000002,11230359.549999997,575.8480790082934,265.2602518566354,42.765,39.4975,39.5725,24562080,10953480,,,,,,,,,57.89999999999999,31.60000000000001,,,,,,,509.0
2018-05-01,2,5,2018,1,40000.0,3,35.7,,,1041.6999999999998,817.2,6096,,,2100,1177,3445,248812797.56000006,30661772.879999995,49003052.56999999,168255239.51999998,575.8480790082934,265.2602518566354,44.35249999999999,40.685,41.205,24562080,10953480,,,,,,,,,57.89999999999999,31.60000000000001,,,,,,,509.0
2018-05-02,2,5,2018,2,37500.0,16,35.7,,,1041.6999999999998,817.2,6096,,,2100,1177,3445,248812797.56000006,30661772.879999995,49003052.56999999,168255239.51999998,575.8480790082934,265.2602518566354,44.35249999999999,40.685,41.205,24562080,10953480,,,,,,,,,57.89999999999999,31.60000000000001,,,,,,,509.0
2018-05-03,2,5,2018,3,45000.0,23,35.7,,,1041.6999999999998,817.2,6096,,,2100,1177,3445,248812797.56000006,30661772.879999995,49003052.56999999,168255239.51999998,575.8480790082934,265.2602518566354,44.35249999999999,40.685,41.205,24562080,10953480,,,,,,,,,57.89999999999999,31.60000000000001,,,,,,,509.0
2018-05-04,2,5,2018,4,50000.0,17,35.7,,,1041.6999999999998,817.2,6096,,,2100,1177,3445,248812797.56000006,30661772.879999995,49003052.56999999,168255239.51999998,575.8480790082934,265.2602518566354,44.35249999999999,40.685,41.205,24562080,10953480,,,,,,,,,57.89999999999999,31.60000000000001,,,,,,,509.0
2018-05-05,2,5,2018,5,46250.0,6,35.7,,,1041.6999999999998,817.2,6096,,,2100,1177,3445,248812797.56000006,30661772.879999995,49003052.56999999,168255239.51999998,575.8480790082934,265.2602518566354,44.35249999999999,40.685,41.205,24562080,10953480,,,,,,,,,57.89999999999999,31.60000000000001,,,,,,,509.0
2018-05-06,2,5,2018,6,27500.0,3,35.7,,,1041.6999999999998,817.2,6096,,,2100,1177,3445,248812797.56000006,30661772.879999995,49003052.56999999,168255239.51999998,575.8480790082934,265.2602518566354,44.35249999999999,40.685,41.205,24562080,10953480,,,,,,,,,57.89999999999999,31.60000000000001,,,,,,,509.0
2018-05-07,2,5,2018,7,45000.0,19,35.7,,,1041.6999999999998,817.2,6096,,,2100,1177,3445,248812797.56000006,30661772.879999995,49003052.56999999,168255239.51999998,575.8480790082934,265.2602518566354,44.35249999999999,40.685,41.205,24562080,10953480,,,,,,,,,57.89999999999999,31.60000000000001,,,,,,,509.0
2018-05-08,2,5,2018,8,35000.0,30,35.7,,,1041.6999999999998,817.2,6096,,,2100,1177,3445,248812797.56000006,30661772.879999995,49003052.56999999,168255239.51999998,575.8480790082934,265.2602518566354,44.35249999999999,40.685,41.205,24562080,10953480,,,,,,,,,57.89999999999999,31.60000000000001,,,,,,,509.0
2018-05-09,2,5,2018,9,51250.0,8,35.7,,,1041.6999999999998,817.2,6096,,,2100,1177,3445,248812797.56000006,30661772.879999995,49003052.56999999,168255239.51999998,575.8480790082934,265.2602518566354,44.35249999999999,40.685,41.205,24562080,10953480,,,,,,,,,57.89999999999999,31.60000000000001,,,,,,,509.0
2018-05-10,2,5,2018,10,40000.0,33,35.7,,,1041.6999999999998,817.2,6096,,,2100,1177,3445,248812797.56000006,30661772.879999995,49003052.56999999,168255239.51999998,575.8480790082934,265.2602518566354,44.35249999999999,40.685,41.205,24562080,10953480,,,,,,,,,57.89999999999999,31.60000000000001,,,,,,,509.0
2018-05-11,2,5,2018,11,50000.0,29,35.7,,,1041.6999999999998,817.2,6096,,,2100,1177,3445,248812797.56000006,30661772.879999995,49003052.56999999,168255239.51999998,575.8480790082934,265.2602518566354,44.35249999999999,40.685,41.205,24562080,10953480,,,,,,,,,57.89999999999999,31.60000000000001,,,,,,,509.0
2018-05-12,2,5,2018,12,35000.0,4,35.7,,,1041.6999999999998,817.2,6096,,,2100,1177,3445,248812797.56000006,30661772.879999995,49003052.56999999,168255239.51999998,575.8480790082934,265.2602518566354,44.35249999999999,40.685,41.205,24562080,10953480,,,,,,,,,57.89999999999999,31.60000000000001,,,,,,,509.0
2018-05-13,2,5,2018,13,40000.0,8,35.7,,,1041.6999999999998,817.2,6096,,,2100,1177,3445,248812797.56000006,30661772.879999995,49003052.56999999,168255239.51999998,575.8480790082934,265.2602518566354,44.35249999999999,40.685,41.205,24562080,10953480,,,,,,,,,57.89999999999999,31.60000000000001,,,,,,,509.0
2018-05-14,2,5,2018,14,40000.0,43,35.7,,,1041.6999999999998,817.2,6096,,,2100,1177,3445,248812797.56000006,30661772.879999995,49003052.56999999,168255239.51999998,575.8480790082934,265.2602518566354,44.35249999999999,40.685,41.205,24562080,10953480,,,,,,,,,57.89999999999999,31.60000000000001,,,,,,,509.0
2018-05-15,2,5,2018,15,50000.0,19,35.7,,,1041.6999999999998,817.2,6096,,,2100,1177,3445,248812797.56000006,30661772.879999995,49003052.56999999,168255239.51999998,575.8480790082934,265.2602518566354,44.35249999999999,40.685,41.205,24562080,10953480,,,,,,,,,57.89999999999999,31.60000000000001,,,,,,,509.0
2018-05-16,2,5,2018,16,39000.0,23,35.7,,,1041.6999999999998,817.2,6096,,,2100,1177,3445,248812797.56000006,30661772.879999995,49003052.56999999,168255239.51999998,575.8480790082934,265.2602518566354,44.35249999999999,40.685,41.205,24562080,10953480,,,,,,,,,57.89999999999999,31.60000000000001,,,,,,,509.0
2018-05-17,2,5,2018,17,40000.0,26,35.7,,,1041.6999999999998,817.2,6096,,,2100,1177,3445,248812797.56000006,30661772.879999995,49003052.56999999,168255239.51999998,575.8480790082934,265.2602518566354,44.35249999999999,40.685,41.205,24562080,10953480,,,,,,,,,57.89999999999999,31.60000000000001,,,,,,,509.0
2018-05-18,2,5,2018,18,50000.0,30,35.7,,,1041.6999999999998,817.2,6096,,,2100,1177,3445,248812797.56000006,30661772.879999995,49003052.56999999,168255239.51999998,575.8480790082934,265.2602518566354,44.35249999999999,40.685,41.205,24562080,10953480,,,,,,,,,57.89999999999999,31.60000000000001,,,,,,,509.0
2018-05-19,2,5,2018,19,46250.0,10,35.7,,,1041.6999999999998,817.2,6096,,,2100,1177,3445,248812797.56000006,30661772.879999995,49003052.56999999,168255239.51999998,575.8480790082934,265.2602518566354,44.35249999999999,40.685,41.205,24562080,10953480,,,,,,,,,57.89999999999999,31.60000000000001,,,,,,,509.0
2018-05-20,2,5,2018,20,46750.0,10,35.7,,,1041.6999999999998,817.2,6096,,,2100,1177,3445,248812797.56000006,30661772.879999995,49003052.56999999,168255239.51999998,575.8480790082934,265.2602518566354,44.35249999999999,40.685,41.205,24562080,10953480,,,,,,,,,57.89999999999999,31.60000000000001,,,,,,,509.0
2018-05-21,2,5,2018,21,40000.0,43,35.7,,,1041.6999999999998,817.2,6096,,,2100,1177,3445,248812797.56000006,30661772.879999995,49003052.56999999,168255239.51999998,575.8480790082934,265.2602518566354,44.35249999999999,40.685,41.205,24562080,10953480,,,,,,,,,57.89999999999999,31.60000000000001,,,,,,,509.0
2018-05-22,2,5,2018,22,43000.0,23,35.7,,,1041.6999999999998,817.2,6096,,,2100,1177,3445,248812797.56000006,30661772.879999995,49003052.56999999,168255239.51999998,575.8480790082934,265.2602518566354,44.35249999999999,40.685,41.205,24562080,10953480,,,,,,,,,57.89999999999999,31.60000000000001,,,,,,,509.0
2018-05-23,2,5,2018,23,40000.0,19,35.7,,,1041.6999999999998,817.2,6096,,,2100,1177,3445,248812797.56000006,30661772.879999995,49003052.56999999,168255239.51999998,575.8480790082934,265.2602518566354,44.35249999999999,40.685,41.205,24562080,10953480,,,,,,,,,57.89999999999999,31.60000000000001,,,,,,,509.0
2018-05-24,2,5,2018,24,45000.0,33,35.7,,,1041.6999999999998,817.2,6096,,,2100,1177,3445,248812797.56000006,30661772.879999995,49003052.56999999,168255239.51999998,575.8480790082934,265.2602518566354,44.35249999999999,40.685,41.205,24562080,10953480,,,,,,,,,57.89999999999999,31.60000000000001,,,,,,,509.0
2018-05-25,2,5,2018,25,45000.0,29,35.7,,,1041.6999999999998,817.2,6096,,,2100,1177,3445,248812797.56000006,30661772.879999995,49003052.56999999,168255239.51999998,575.8480790082934,265.2602518566354,44.35249999999999,40.685,41.205,24562080,10953480,,,,,,,,,57.89999999999999,31.60000000000001,,,,,,,509.0
2018-05-26,2,5,2018,26,45000.0,4,35.7,,,1041.6999999999998,817.2,6096,,,2100,1177,3445,248812797.56000006,30661772.879999995,49003052.56999999,168255239.51999998,575.8480790082934,265.2602518566354,44.35249999999999,40.685,41.205,24562080,10953480,,,,,,,,,57.89999999999999,31.60000000000001,,,,,,,509.0
2018-05-27,2,5,2018,27,53750.0,2,35.7,,,1041.6999999999998,817.2,6096,,,2100,1177,3445,248812797.56000006,30661772.879999995,49003052.56999999,168255239.51999998,575.8480790082934,265.2602518566354,44.35249999999999,40.685,41.205,24562080,10953480,,,,,,,,,57.89999999999999,31.60000000000001,,,,,,,509.0
2018-05-28,2,5,2018,28,37500.0,34,35.7,,,1041.6999999999998,817.2,6096,,,2100,1177,3445,248812797.56000006,30661772.879999995,49003052.56999999,168255239.51999998,575.8480790082934,265.2602518566354,44.35249999999999,40.685,41.205,24562080,10953480,,,,,,,,,57.89999999999999,31.60000000000001,,,,,,,509.0
2018-05-29,2,5,2018,29,40000.0,17,35.7,,,1041.6999999999998,817.2,6096,,,2100,1177,3445,248812797.56000006,30661772.879999995,49003052.56999999,168255239.51999998,575.8480790082934,265.2602518566354,44.35249999999999,40.685,41.205,24562080,10953480,,,,,,,,,57.89999999999999,31.60000000000001,,,,,,,509.0
2018-05-30,2,5,2018,30,40000.0,16,35.7,,,1041.6999999999998,817.2,6096,,,2100,1177,3445,248812797.56000006,30661772.879999995,49003052.56999999,168255239.51999998,575.8480790082934,265.2602518566354,44.35249999999999,40.685,41.205,24562080,10953480,,,,,,,,,57.89999999999999,31.60000000000001,,,,,,,509.0
2018-05-31,2,5,2018,31,30000.0,13,35.7,,,1041.6999999999998,817.2,6096,,,2100,1177,3445,248812797.56000006,30661772.879999995,49003052.56999999,168255239.51999998,575.8480790082934,265.2602518566354,44.35249999999999,40.685,41.205,24562080,10953480,,,,,,,,,57.89999999999999,31.60000000000001,,,,,,,509.0
2018-06-01,2,6,2018,1,38500.0,18,35.7,,,1041.6999999999998,817.2,6437,,,2141,1223,3566,198077560.69999993,42908993.69,53322445.70999998,101105899.65,575.8480790082934,265.2602518566354,46.037499999999994,42.585,43.102500000000006,24562080,10953480,,,,,,,,,57.89999999999999,31.60000000000001,,,,,,,509.0
2018-06-02,2,6,2018,2,50000.0,11,35.7,,,1041.6999999999998,817.2,6437,,,2141,1223,3566,198077560.69999993,42908993.69,53322445.70999998,101105899.65,575.8480790082934,265.2602518566354,46.037499999999994,42.585,43.102500000000006,24562080,10953480,,,,,,,,,57.89999999999999,31.60000000000001,,,,,,,509.0
2018-06-03,2,6,2018,3,42500.0,6,35.7,,,1041.6999999999998,817.2,6437,,,2141,1223,3566,198077560.69999993,42908993.69,53322445.70999998,101105899.65,575.8480790082934,265.2602518566354,46.037499999999994,42.585,43.102500000000006,24562080,10953480,,,,,,,,,57.89999999999999,31.60000000000001,,,,,,,509.0
2018-06-04,2,6,2018,4,40000.0,37,35.7,,,1041.6999999999998,817.2,6437,,,2141,1223,3566,198077560.69999993,42908993.69,53322445.70999998,101105899.65,575.8480790082934,265.2602518566354,46.037499999999994,42.585,43.102500000000006,24562080,10953480,,,,,,,,,57.89999999999999,31.60000000000001,,,,,,,509.0
2018-06-05,2,6,2018,5,45000.0,33,35.7,,,1041.6999999999998,817.2,6437,,,2141,1223,3566,198077560.69999993,42908993.69,53322445.70999998,101105899.65,575.8480790082934,265.2602518566354,46.037499999999994,42.585,43.102500000000006,24562080,10953480,,,,,,,,,57.89999999999999,31.60000000000001,,,,,,,509.0
2018-06-06,2,6,2018,6,40000.0,26,35.7,,,1041.6999999999998,817.2,6437,,,2141,1223,3566,198077560.69999993,42908993.69,53322445.70999998,101105899.65,575.8480790082934,265.2602518566354,46.037499999999994,42.585,43.102500000000006,24562080,10953480,,,,,,,,,57.89999999999999,31.60000000000001,,,,,,,509.0
2018-06-07,2,6,2018,7,40000.0,26,35.7,,,1041.6999999999998,817.2,6437,,,2141,1223,3566,198077560.69999993,42908993.69,53322445.70999998,101105899.65,575.8480790082934,265.2602518566354,46.037499999999994,42.585,43.102500000000006,24562080,10953480,,,,,,,,,57.89999999999999,31.60000000000001,,,,,,,509.0
2018-06-08,2,6,2018,8,39500.0,16,35.7,,,1041.6999999999998,817.2,6437,,,2141,1223,3566,198077560.69999993,42908993.69,53322445.70999998,101105899.65,575.8480790082934,265.2602518566354,46.037499999999994,42.585,43.102500000000006,24562080,10953480,,,,,,,,,57.89999999999999,31.60000000000001,,,,,,,509.0
2018-06-09,2,6,2018,9,45000.0,14,35.7,,,1041.6999999999998,817.2,6437,,,2141,1223,3566,198077560.69999993,42908993.69,53322445.70999998,101105899.65,575.8480790082934,265.2602518566354,46.037499999999994,42.585,43.102500000000006,24562080,10953480,,,,,,,,,57.89999999999999,31.60000000000001,,,,,,,509.0
2018-06-10,2,6,2018,10,70000.0,3,35.7,,,1041.6999999999998,817.2,6437,,,2141,1223,3566,198077560.69999993,42908993.69,53322445.70999998,101105899.65,575.8480790082934,265.2602518566354,46.037499999999994,42.585,43.102500000000006,24562080,10953480,,,,,,,,,57.89999999999999,31.60000000000001,,,,,,,509.0
2018-06-11,2,6,2018,11,40000.0,5,35.7,,,1041.6999999999998,817.2,6437,,,2141,1223,3566,198077560.69999993,42908993.69,53322445.70999998,101105899.65,575.8480790082934,265.2602518566354,46.037499999999994,42.585,43.102500000000006,24562080,10953480,,,,,,,,,57.89999999999999,31.60000000000001,,,,,,,509.0
2018-06-12,2,6,2018,12,56250.0,4,35.7,,,1041.6999999999998,817.2,6437,,,2141,1223,3566,198077560.69999993,42908993.69,53322445.70999998,101105899.65,575.8480790082934,265.2602518566354,46.037499999999994,42.585,43.102500000000006,24562080,10953480,,,,,,,,,57.89999999999999,31.60000000000001,,,,,,,509.0
2018-06-13,2,6,2018,13,42500.0,49,35.7,,,1041.6999999999998,817.2,6437,,,2141,1223,3566,198077560.69999993,42908993.69,53322445.70999998,101105899.65,575.8480790082934,265.2602518566354,46.037499999999994,42.585,43.102500000000006,24562080,10953480,,,,,,,,,57.89999999999999,31.60000000000001,,,,,,,509.0
2018-06-14,2,6,2018,14,37500.0,40,35.7,,,1041.6999999999998,817.2,6437,,,2141,1223,3566,198077560.69999993,42908993.69,53322445.70999998,101105899.65,575.8480790082934,265.2602518566354,46.037499999999994,42.585,43.102500000000006,24562080,10953480,,,,,,,,,57.89999999999999,31.60000000000001,,,,,,,509.0
2018-06-15,2,6,2018,15,40000.0,20,35.7,,,1041.6999999999998,817.2,6437,,,2141,1223,3566,198077560.69999993,42908993.69,53322445.70999998,101105899.65,575.8480790082934,265.2602518566354,46.037499999999994,42.585,43.102500000000006,24562080,10953480,,,,,,,,,57.89999999999999,31.60000000000001,,,,,,,509.0
2018-06-16,2,6,2018,16,40000.0,8,35.7,,,1041.6999999999998,817.2,6437,,,2141,1223,3566,198077560.69999993,42908993.69,53322445.70999998,101105899.65,575.8480790082934,265.2602518566354,46.037499999999994,42.585,43.102500000000006,24562080,10953480,,,,,,,,,57.89999999999999,31.60000000000001,,,,,,,509.0
2018-06-17,2,6,2018,17,50000.0,7,35.7,,,1041.6999999999998,817.2,6437,,,2141,1223,3566,198077560.69999993,42908993.69,53322445.70999998,101105899.65,575.8480790082934,265.2602518566354,46.037499999999994,42.585,43.102500000000006,24562080,10953480,,,,,,,,,57.89999999999999,31.60000000000001,,,,,,,509.0
2018-06-18,2,6,2018,18,40000.0,47,35.7,,,1041.6999999999998,817.2,6437,,,2141,1223,3566,198077560.69999993,42908993.69,53322445.70999998,101105899.65,575.8480790082934,265.2602518566354,46.037499999999994,42.585,43.102500000000006,24562080,10953480,,,,,,,,,57.89999999999999,31.60000000000001,,,,,,,509.0
2018-06-19,2,6,2018,19,50000.0,25,35.7,,,1041.6999999999998,817.2,6437,,,2141,1223,3566,198077560.69999993,42908993.69,53322445.70999998,101105899.65,575.8480790082934,265.2602518566354,46.037499999999994,42.585,43.102500000000006,24562080,10953480,,,,,,,,,57.89999999999999,31.60000000000001,,,,,,,509.0
2018-06-20,2,6,2018,20,44000.0,24,35.7,,,1041.6999999999998,817.2,6437,,,2141,1223,3566,198077560.69999993,42908993.69,53322445.70999998,101105899.65,575.8480790082934,265.2602518566354,46.037499999999994,42.585,43.102500000000006,24562080,10953480,,,,,,,,,57.89999999999999,31.60000000000001,,,,,,,509.0
2018-06-21,2,6,2018,21,40000.0,32,35.7,,,1041.6999999999998,817.2,6437,,,2141,1223,3566,198077560.69999993,42908993.69,53322445.70999998,101105899.65,575.8480790082934,265.2602518566354,46.037499999999994,42.585,43.102500000000006,24562080,10953480,,,,,,,,,57.89999999999999,31.60000000000001,,,,,,,509.0
2018-06-22,2,6,2018,22,50000.0,24,35.7,,,1041.6999999999998,817.2,6437,,,2141,1223,3566,198077560.69999993,42908993.69,53322445.70999998,101105899.65,575.8480790082934,265.2602518566354,46.037499999999994,42.585,43.102500000000006,24562080,10953480,,,,,,,,,57.89999999999999,31.60000000000001,,,,,,,509.0
2018-06-23,2,6,2018,23,30000.0,5,35.7,,,1041.6999999999998,817.2,6437,,,2141,1223,3566,198077560.69999993,42908993.69,53322445.70999998,101105899.65,575.8480790082934,265.2602518566354,46.037499999999994,42.585,43.102500000000006,24562080,10953480,,,,,,,,,57.89999999999999,31.60000000000001,,,,,,,509.0
2018-06-24,2,6,2018,24,45000.0,4,35.7,,,1041.6999999999998,817.2,6437,,,2141,1223,3566,198077560.69999993,42908993.69,53322445.70999998,101105899.65,575.8480790082934,265.2602518566354,46.037499999999994,42.585,43.102500000000006,24562080,10953480,,,,,,,,,57.89999999999999,31.60000000000001,,,,,,,509.0
2018-06-25,2,6,2018,25,45000.0,33,35.7,,,1041.6999999999998,817.2,6437,,,2141,1223,3566,198077560.69999993,42908993.69,53322445.70999998,101105899.65,575.8480790082934,265.2602518566354,46.037499999999994,42.585,43.102500000000006,24562080,10953480,,,,,,,,,57.89999999999999,31.60000000000001,,,,,,,509.0
2018-06-26,2,6,2018,26,45000.0,25,35.7,,,1041.6999999999998,817.2,6437,,,2141,1223,3566,198077560.69999993,42908993.69,53322445.70999998,101105899.65,575.8480790082934,265.2602518566354,46.037499999999994,42.585,43.102500000000006,24562080,10953480,,,,,,,,,57.89999999999999,31.60000000000001,,,,,,,509.0
2018-06-27,2,6,2018,27,40000.0,28,35.7,,,1041.6999999999998,817.2,6437,,,2141,1223,3566,198077560.69999993,42908993.69,53322445.70999998,101105899.65,575.8480790082934,265.2602518566354,46.037499999999994,42.585,43.102500000000006,24562080,10953480,,,,,,,,,57.89999999999999,31.60000000000001,,,,,,,509.0
2018-06-28,2,6,2018,28,50000.0,21,35.7,,,1041.6999999999998,817.2,6437,,,2141,1223,3566,198077560.69999993,42908993.69,53322445.70999998,101105899.65,575.8480790082934,265.2602518566354,46.037499999999994,42.585,43.102500000000006,24562080,10953480,,,,,,,,,57.89999999999999,31.60000000000001,,,,,,,509.0
2018-06-29,2,6,2018,29,45000.0,28,35.7,,,1041.6999999999998,817.2,6437,,,2141,1223,3566,198077560.69999993,42908993.69,53322445.70999998,101105899.65,575.8480790082934,265.2602518566354,46.037499999999994,42.585,43.102500000000006,24562080,10953480,,,,,,,,,57.89999999999999,31.60000000000001,,,,,,,509.0
2018-06-30,2,6,2018,30,50000.0,11,35.7,,,1041.6999999999998,817.2,6437,,,2141,1223,3566,198077560.69999993,42908993.69,53322445.70999998,101105899.65,575.8480790082934,265.2602518566354,46.037499999999994,42.585,43.102500000000006,24562080,10953480,,,,,,,,,57.89999999999999,31.60000000000001,,,,,,,509.0
2018-07-01,3,7,2018,1,37500.0,7,17.599999999999994,,,1787,1567.8999999999999,6345,,,2402,1342,3584,135633540.82000005,58973916.44,64418313.25999999,10805344.029999971,895.2707122127154,277.6216396971211,46.23,42.8125,43.34,39716820,12038137,,,,,,,,,60.60000000000001,31.099999999999994,,,,,,,509.0
2018-07-02,3,7,2018,2,47500.0,41,17.599999999999994,,,1787,1567.8999999999999,6345,,,2402,1342,3584,135633540.82000005,58973916.44,64418313.25999999,10805344.029999971,895.2707122127154,277.6216396971211,46.23,42.8125,43.34,39716820,12038137,,,,,,,,,60.60000000000001,31.099999999999994,,,,,,,509.0
2018-07-03,3,7,2018,3,40000.0,42,17.599999999999994,,,1787,1567.8999999999999,6345,,,2402,1342,3584,135633540.82000005,58973916.44,64418313.25999999,10805344.029999971,895.2707122127154,277.6216396971211,46.23,42.8125,43.34,39716820,12038137,,,,,,,,,60.60000000000001,31.099999999999994,,,,,,,509.0
2018-07-04,3,7,2018,4,46000.0,32,17.599999999999994,,,1787,1567.8999999999999,6345,,,2402,1342,3584,135633540.82000005,58973916.44,64418313.25999999,10805344.029999971,895.2707122127154,277.6216396971211,46.23,42.8125,43.34,39716820,12038137,,,,,,,,,60.60000000000001,31.099999999999994,,,,,,,509.0
2018-07-05,3,7,2018,5,37500.0,29,17.599999999999994,,,1787,1567.8999999999999,6345,,,2402,1342,3584,135633540.82000005,58973916.44,64418313.25999999,10805344.029999971,895.2707122127154,277.6216396971211,46.23,42.8125,43.34,39716820,12038137,,,,,,,,,60.60000000000001,31.099999999999994,,,,,,,509.0
2018-07-06,3,7,2018,6,40000.0,27,17.599999999999994,,,1787,1567.8999999999999,6345,,,2402,1342,3584,135633540.82000005,58973916.44,64418313.25999999,10805344.029999971,895.2707122127154,277.6216396971211,46.23,42.8125,43.34,39716820,12038137,,,,,,,,,60.60000000000001,31.099999999999994,,,,,,,509.0
2018-07-08,3,7,2018,8,52500.0,5,17.599999999999994,,,1787,1567.8999999999999,6345,,,2402,1342,3584,135633540.82000005,58973916.44,64418313.25999999,10805344.029999971,895.2707122127154,277.6216396971211,46.23,42.8125,43.34,39716820,12038137,,,,,,,,,60.60000000000001,31.099999999999994,,,,,,,509.0
2018-07-09,3,7,2018,9,44000.0,29,17.599999999999994,,,1787,1567.8999999999999,6345,,,2402,1342,3584,135633540.82000005,58973916.44,64418313.25999999,10805344.029999971,895.2707122127154,277.6216396971211,46.23,42.8125,43.34,39716820,12038137,,,,,,,,,60.60000000000001,31.099999999999994,,,,,,,509.0
2018-07-10,3,7,2018,10,43750.0,22,17.599999999999994,,,1787,1567.8999999999999,6345,,,2402,1342,3584,135633540.82000005,58973916.44,64418313.25999999,10805344.029999971,895.2707122127154,277.6216396971211,46.23,42.8125,43.34,39716820,12038137,,,,,,,,,60.60000000000001,31.099999999999994,,,,,,,509.0
2018-07-11,3,7,2018,11,45000.0,25,17.599999999999994,,,1787,1567.8999999999999,6345,,,2402,1342,3584,135633540.82000005,58973916.44,64418313.25999999,10805344.029999971,895.2707122127154,277.6216396971211,46.23,42.8125,43.34,39716820,12038137,,,,,,,,,60.60000000000001,31.099999999999994,,,,,,,509.0
2018-07-12,3,7,2018,12,44400.0,26,17.599999999999994,,,1787,1567.8999999999999,6345,,,2402,1342,3584,135633540.82000005,58973916.44,64418313.25999999,10805344.029999971,895.2707122127154,277.6216396971211,46.23,42.8125,43.34,39716820,12038137,,,,,,,,,60.60000000000001,31.099999999999994,,,,,,,509.0
2018-07-13,3,7,2018,13,42000.0,31,17.599999999999994,,,1787,1567.8999999999999,6345,,,2402,1342,3584,135633540.82000005,58973916.44,64418313.25999999,10805344.029999971,895.2707122127154,277.6216396971211,46.23,42.8125,43.34,39716820,12038137,,,,,,,,,60.60000000000001,31.099999999999994,,,,,,,509.0
2018-07-14,3,7,2018,14,35000.0,6,17.599999999999994,,,1787,1567.8999999999999,6345,,,2402,1342,3584,135633540.82000005,58973916.44,64418313.25999999,10805344.029999971,895.2707122127154,277.6216396971211,46.23,42.8125,43.34,39716820,12038137,,,,,,,,,60.60000000000001,31.099999999999994,,,,,,,509.0
2018-07-15,3,7,2018,15,55000.0,2,17.599999999999994,,,1787,1567.8999999999999,6345,,,2402,1342,3584,135633540.82000005,58973916.44,64418313.25999999,10805344.029999971,895.2707122127154,277.6216396971211,46.23,42.8125,43.34,39716820,12038137,,,,,,,,,60.60000000000001,31.099999999999994,,,,,,,509.0
2018-07-16,3,7,2018,16,40000.0,45,17.599999999999994,,,1787,1567.8999999999999,6345,,,2402,1342,3584,135633540.82000005,58973916.44,64418313.25999999,10805344.029999971,895.2707122127154,277.6216396971211,46.23,42.8125,43.34,39716820,12038137,,,,,,,,,60.60000000000001,31.099999999999994,,,,,,,509.0
2018-07-17,3,7,2018,17,40000.0,19,17.599999999999994,,,1787,1567.8999999999999,6345,,,2402,1342,3584,135633540.82000005,58973916.44,64418313.25999999,10805344.029999971,895.2707122127154,277.6216396971211,46.23,42.8125,43.34,39716820,12038137,,,,,,,,,60.60000000000001,31.099999999999994,,,,,,,509.0
2018-07-18,3,7,2018,18,45000.0,33,17.599999999999994,,,1787,1567.8999999999999,6345,,,2402,1342,3584,135633540.82000005,58973916.44,64418313.25999999,10805344.029999971,895.2707122127154,277.6216396971211,46.23,42.8125,43.34,39716820,12038137,,,,,,,,,60.60000000000001,31.099999999999994,,,,,,,509.0
2018-07-19,3,7,2018,19,50000.0,27,17.599999999999994,,,1787,1567.8999999999999,6345,,,2402,1342,3584,135633540.82000005,58973916.44,64418313.25999999,10805344.029999971,895.2707122127154,277.6216396971211,46.23,42.8125,43.34,39716820,12038137,,,,,,,,,60.60000000000001,31.099999999999994,,,,,,,509.0
2018-07-20,3,7,2018,20,45000.0,22,17.599999999999994,,,1787,1567.8999999999999,6345,,,2402,1342,3584,135633540.82000005,58973916.44,64418313.25999999,10805344.029999971,895.2707122127154,277.6216396971211,46.23,42.8125,43.34,39716820,12038137,,,,,,,,,60.60000000000001,31.099999999999994,,,,,,,509.0
2018-07-21,3,7,2018,21,48750.0,8,17.599999999999994,,,1787,1567.8999999999999,6345,,,2402,1342,3584,135633540.82000005,58973916.44,64418313.25999999,10805344.029999971,895.2707122127154,277.6216396971211,46.23,42.8125,43.34,39716820,12038137,,,,,,,,,60.60000000000001,31.099999999999994,,,,,,,509.0
2018-07-22,3,7,2018,22,37500.0,8,17.599999999999994,,,1787,1567.8999999999999,6345,,,2402,1342,3584,135633540.82000005,58973916.44,64418313.25999999,10805344.029999971,895.2707122127154,277.6216396971211,46.23,42.8125,43.34,39716820,12038137,,,,,,,,,60.60000000000001,31.099999999999994,,,,,,,509.0
2018-07-23,3,7,2018,23,39500.0,26,17.599999999999994,,,1787,1567.8999999999999,6345,,,2402,1342,3584,135633540.82000005,58973916.44,64418313.25999999,10805344.029999971,895.2707122127154,277.6216396971211,46.23,42.8125,43.34,39716820,12038137,,,,,,,,,60.60000000000001,31.099999999999994,,,,,,,509.0
2018-07-24,3,7,2018,24,40000.0,30,17.599999999999994,,,1787,1567.8999999999999,6345,,,2402,1342,3584,135633540.82000005,58973916.44,64418313.25999999,10805344.029999971,895.2707122127154,277.6216396971211,46.23,42.8125,43.34,39716820,12038137,,,,,,,,,60.60000000000001,31.099999999999994,,,,,,,509.0
2018-07-25,3,7,2018,25,44000.0,21,17.599999999999994,,,1787,1567.8999999999999,6345,,,2402,1342,3584,135633540.82000005,58973916.44,64418313.25999999,10805344.029999971,895.2707122127154,277.6216396971211,46.23,42.8125,43.34,39716820,12038137,,,,,,,,,60.60000000000001,31.099999999999994,,,,,,,509.0
2018-07-26,3,7,2018,26,40000.0,20,17.599999999999994,,,1787,1567.8999999999999,6345,,,2402,1342,3584,135633540.82000005,58973916.44,64418313.25999999,10805344.029999971,895.2707122127154,277.6216396971211,46.23,42.8125,43.34,39716820,12038137,,,,,,,,,60.60000000000001,31.099999999999994,,,,,,,509.0
2018-07-27,3,7,2018,27,42000.0,22,17.599999999999994,,,1787,1567.8999999999999,6345,,,2402,1342,3584,135633540.82000005,58973916.44,64418313.25999999,10805344.029999971,895.2707122127154,277.6216396971211,46.23,42.8125,43.34,39716820,12038137,,,,,,,,,60.60000000000001,31.099999999999994,,,,,,,509.0
2018-07-28,3,7,2018,28,50000.0,13,17.599999999999994,,,1787,1567.8999999999999,6345,,,2402,1342,3584,135633540.82000005,58973916.44,64418313.25999999,10805344.029999971,895.2707122127154,277.6216396971211,46.23,42.8125,43.34,39716820,12038137,,,,,,,,,60.60000000000001,31.099999999999994,,,,,,,509.0
2018-07-29,3,7,2018,29,50000.0,7,17.599999999999994,,,1787,1567.8999999999999,6345,,,2402,1342,3584,135633540.82000005,58973916.44,64418313.25999999,10805344.029999971,895.2707122127154,277.6216396971211,46.23,42.8125,43.34,39716820,12038137,,,,,,,,,60.60000000000001,31.099999999999994,,,,,,,509.0
2018-07-30,3,7,2018,30,41250.0,32,17.599999999999994,,,1787,1567.8999999999999,6345,,,2402,1342,3584,135633540.82000005,58973916.44,64418313.25999999,10805344.029999971,895.2707122127154,277.6216396971211,46.23,42.8125,43.34,39716820,12038137,,,,,,,,,60.60000000000001,31.099999999999994,,,,,,,509.0
2018-07-31,3,7,2018,31,40000.0,27,17.599999999999994,,,1787,1567.8999999999999,6345,,,2402,1342,3584,135633540.82000005,58973916.44,64418313.25999999,10805344.029999971,895.2707122127154,277.6216396971211,46.23,42.8125,43.34,39716820,12038137,,,,,,,,,60.60000000000001,31.099999999999994,,,,,,,509.0
2018-08-01,3,8,2018,1,41000.0,24,17.599999999999994,,,1787,1567.8999999999999,6942,,,2560,1439,3899,234006716.34000003,75736547.19,126234363.30000001,31720142.97000003,895.2707122127154,277.6216396971211,46.19500000000001,42.6275,43.605000000000004,39716820,12038137,,,,,,,,,60.60000000000001,31.099999999999994,,,,,,,509.0
2018-08-02,3,8,2018,2,45000.0,32,17.599999999999994,,,1787,1567.8999999999999,6942,,,2560,1439,3899,234006716.34000003,75736547.19,126234363.30000001,31720142.97000003,895.2707122127154,277.6216396971211,46.19500000000001,42.6275,43.605000000000004,39716820,12038137,,,,,,,,,60.60000000000001,31.099999999999994,,,,,,,509.0
2018-08-03,3,8,2018,3,40000.0,21,17.599999999999994,,,1787,1567.8999999999999,6942,,,2560,1439,3899,234006716.34000003,75736547.19,126234363.30000001,31720142.97000003,895.2707122127154,277.6216396971211,46.19500000000001,42.6275,43.605000000000004,39716820,12038137,,,,,,,,,60.60000000000001,31.099999999999994,,,,,,,509.0
2018-08-04,3,8,2018,4,40000.0,9,17.599999999999994,,,1787,1567.8999999999999,6942,,,2560,1439,3899,234006716.34000003,75736547.19,126234363.30000001,31720142.97000003,895.2707122127154,277.6216396971211,46.19500000000001,42.6275,43.605000000000004,39716820,12038137,,,,,,,,,60.60000000000001,31.099999999999994,,,,,,,509.0
2018-08-05,3,8,2018,5,60000.0,10,17.599999999999994,,,1787,1567.8999999999999,6942,,,2560,1439,3899,234006716.34000003,75736547.19,126234363.30000001,31720142.97000003,895.2707122127154,277.6216396971211,46.19500000000001,42.6275,43.605000000000004,39716820,12038137,,,,,,,,,60.60000000000001,31.099999999999994,,,,,,,509.0
2018-08-06,3,8,2018,6,46250.0,26,17.599999999999994,,,1787,1567.8999999999999,6942,,,2560,1439,3899,234006716.34000003,75736547.19,126234363.30000001,31720142.97000003,895.2707122127154,277.6216396971211,46.19500000000001,42.6275,43.605000000000004,39716820,12038137,,,,,,,,,60.60000000000001,31.099999999999994,,,,,,,509.0
2018-08-07,3,8,2018,7,35000.0,27,17.599999999999994,,,1787,1567.8999999999999,6942,,,2560,1439,3899,234006716.34000003,75736547.19,126234363.30000001,31720142.97000003,895.2707122127154,277.6216396971211,46.19500000000001,42.6275,43.605000000000004,39716820,12038137,,,,,,,,,60.60000000000001,31.099999999999994,,,,,,,509.0
2018-08-08,3,8,2018,8,45000.0,18,17.599999999999994,,,1787,1567.8999999999999,6942,,,2560,1439,3899,234006716.34000003,75736547.19,126234363.30000001,31720142.97000003,895.2707122127154,277.6216396971211,46.19500000000001,42.6275,43.605000000000004,39716820,12038137,,,,,,,,,60.60000000000001,31.099999999999994,,,,,,,509.0
2018-08-09,3,8,2018,9,36250.0,26,17.599999999999994,,,1787,1567.8999999999999,6942,,,2560,1439,3899,234006716.34000003,75736547.19,126234363.30000001,31720142.97000003,895.2707122127154,277.6216396971211,46.19500000000001,42.6275,43.605000000000004,39716820,12038137,,,,,,,,,60.60000000000001,31.099999999999994,,,,,,,509.0
2018-08-10,3,8,2018,10,40000.0,23,17.599999999999994,,,1787,1567.8999999999999,6942,,,2560,1439,3899,234006716.34000003,75736547.19,126234363.30000001,31720142.97000003,895.2707122127154,277.6216396971211,46.19500000000001,42.6275,43.605000000000004,39716820,12038137,,,,,,,,,60.60000000000001,31.099999999999994,,,,,,,509.0
2018-08-11,3,8,2018,11,47500.0,9,17.599999999999994,,,1787,1567.8999999999999,6942,,,2560,1439,3899,234006716.34000003,75736547.19,126234363.30000001,31720142.97000003,895.2707122127154,277.6216396971211,46.19500000000001,42.6275,43.605000000000004,39716820,12038137,,,,,,,,,60.60000000000001,31.099999999999994,,,,,,,509.0
2018-08-12,3,8,2018,12,37250.0,2,17.599999999999994,,,1787,1567.8999999999999,6942,,,2560,1439,3899,234006716.34000003,75736547.19,126234363.30000001,31720142.97000003,895.2707122127154,277.6216396971211,46.19500000000001,42.6275,43.605000000000004,39716820,12038137,,,,,,,,,60.60000000000001,31.099999999999994,,,,,,,509.0
2018-08-13,3,8,2018,13,48750.0,28,17.599999999999994,,,1787,1567.8999999999999,6942,,,2560,1439,3899,234006716.34000003,75736547.19,126234363.30000001,31720142.97000003,895.2707122127154,277.6216396971211,46.19500000000001,42.6275,43.605000000000004,39716820,12038137,,,,,,,,,60.60000000000001,31.099999999999994,,,,,,,509.0
2018-08-14,3,8,2018,14,40000.0,24,17.599999999999994,,,1787,1567.8999999999999,6942,,,2560,1439,3899,234006716.34000003,75736547.19,126234363.30000001,31720142.97000003,895.2707122127154,277.6216396971211,46.19500000000001,42.6275,43.605000000000004,39716820,12038137,,,,,,,,,60.60000000000001,31.099999999999994,,,,,,,509.0
2018-08-15,3,8,2018,15,46500.0,24,17.599999999999994,,,1787,1567.8999999999999,6942,,,2560,1439,3899,234006716.34000003,75736547.19,126234363.30000001,31720142.97000003,895.2707122127154,277.6216396971211,46.19500000000001,42.6275,43.605000000000004,39716820,12038137,,,,,,,,,60.60000000000001,31.099999999999994,,,,,,,509.0
2018-08-16,3,8,2018,16,47500.0,26,17.599999999999994,,,1787,1567.8999999999999,6942,,,2560,1439,3899,234006716.34000003,75736547.19,126234363.30000001,31720142.97000003,895.2707122127154,277.6216396971211,46.19500000000001,42.6275,43.605000000000004,39716820,12038137,,,,,,,,,60.60000000000001,31.099999999999994,,,,,,,509.0
2018-08-17,3,8,2018,17,40000.0,23,17.599999999999994,,,1787,1567.8999999999999,6942,,,2560,1439,3899,234006716.34000003,75736547.19,126234363.30000001,31720142.97000003,895.2707122127154,277.6216396971211,46.19500000000001,42.6275,43.605000000000004,39716820,12038137,,,,,,,,,60.60000000000001,31.099999999999994,,,,,,,509.0
2018-08-18,3,8,2018,18,40000.0,6,17.599999999999994,,,1787,1567.8999999999999,6942,,,2560,1439,3899,234006716.34000003,75736547.19,126234363.30000001,31720142.97000003,895.2707122127154,277.6216396971211,46.19500000000001,42.6275,43.605000000000004,39716820,12038137,,,,,,,,,60.60000000000001,31.099999999999994,,,,,,,509.0
2018-08-19,3,8,2018,19,38750.0,6,17.599999999999994,,,1787,1567.8999999999999,6942,,,2560,1439,3899,234006716.34000003,75736547.19,126234363.30000001,31720142.97000003,895.2707122127154,277.6216396971211,46.19500000000001,42.6275,43.605000000000004,39716820,12038137,,,,,,,,,60.60000000000001,31.099999999999994,,,,,,,509.0
2018-08-20,3,8,2018,20,40000.0,35,17.599999999999994,,,1787,1567.8999999999999,6942,,,2560,1439,3899,234006716.34000003,75736547.19,126234363.30000001,31720142.97000003,895.2707122127154,277.6216396971211,46.19500000000001,42.6275,43.605000000000004,39716820,12038137,,,,,,,,,60.60000000000001,31.099999999999994,,,,,,,509.0
2018-08-21,3,8,2018,21,47500.0,32,17.599999999999994,,,1787,1567.8999999999999,6942,,,2560,1439,3899,234006716.34000003,75736547.19,126234363.30000001,31720142.97000003,895.2707122127154,277.6216396971211,46.19500000000001,42.6275,43.605000000000004,39716820,12038137,,,,,,,,,60.60000000000001,31.099999999999994,,,,,,,509.0
2018-08-22,3,8,2018,22,41250.0,18,17.599999999999994,,,1787,1567.8999999999999,6942,,,2560,1439,3899,234006716.34000003,75736547.19,126234363.30000001,31720142.97000003,895.2707122127154,277.6216396971211,46.19500000000001,42.6275,43.605000000000004,39716820,12038137,,,,,,,,,60.60000000000001,31.099999999999994,,,,,,,509.0
2018-08-23,3,8,2018,23,60000.0,17,17.599999999999994,,,1787,1567.8999999999999,6942,,,2560,1439,3899,234006716.34000003,75736547.19,126234363.30000001,31720142.97000003,895.2707122127154,277.6216396971211,46.19500000000001,42.6275,43.605000000000004,39716820,12038137,,,,,,,,,60.60000000000001,31.099999999999994,,,,,,,509.0
2018-08-24,3,8,2018,24,47500.0,26,17.599999999999994,,,1787,1567.8999999999999,6942,,,2560,1439,3899,234006716.34000003,75736547.19,126234363.30000001,31720142.97000003,895.2707122127154,277.6216396971211,46.19500000000001,42.6275,43.605000000000004,39716820,12038137,,,,,,,,,60.60000000000001,31.099999999999994,,,,,,,509.0
2018-08-25,3,8,2018,25,42500.0,6,17.599999999999994,,,1787,1567.8999999999999,6942,,,2560,1439,3899,234006716.34000003,75736547.19,126234363.30000001,31720142.97000003,895.2707122127154,277.6216396971211,46.19500000000001,42.6275,43.605000000000004,39716820,12038137,,,,,,,,,60.60000000000001,31.099999999999994,,,,,,,509.0
2018-08-26,3,8,2018,26,36750.0,4,17.599999999999994,,,1787,1567.8999999999999,6942,,,2560,1439,3899,234006716.34000003,75736547.19,126234363.30000001,31720142.97000003,895.2707122127154,277.6216396971211,46.19500000000001,42.6275,43.605000000000004,39716820,12038137,,,,,,,,,60.60000000000001,31.099999999999994,,,,,,,509.0
2018-08-27,3,8,2018,27,40000.0,28,17.599999999999994,,,1787,1567.8999999999999,6942,,,2560,1439,3899,234006716.34000003,75736547.19,126234363.30000001,31720142.97000003,895.2707122127154,277.6216396971211,46.19500000000001,42.6275,43.605000000000004,39716820,12038137,,,,,,,,,60.60000000000001,31.099999999999994,,,,,,,509.0
2018-08-28,3,8,2018,28,40000.0,26,17.599999999999994,,,1787,1567.8999999999999,6942,,,2560,1439,3899,234006716.34000003,75736547.19,126234363.30000001,31720142.97000003,895.2707122127154,277.6216396971211,46.19500000000001,42.6275,43.605000000000004,39716820,12038137,,,,,,,,,60.60000000000001,31.099999999999994,,,,,,,509.0
2018-08-29,3,8,2018,29,45000.0,22,17.599999999999994,,,1787,1567.8999999999999,6942,,,2560,1439,3899,234006716.34000003,75736547.19,126234363.30000001,31720142.97000003,895.2707122127154,277.6216396971211,46.19500000000001,42.6275,43.605000000000004,39716820,12038137,,,,,,,,,60.60000000000001,31.099999999999994,,,,,,,509.0
2018-08-30,3,8,2018,30,38750.0,30,17.599999999999994,,,1787,1567.8999999999999,6942,,,2560,1439,3899,234006716.34000003,75736547.19,126234363.30000001,31720142.97000003,895.2707122127154,277.6216396971211,46.19500000000001,42.6275,43.605000000000004,39716820,12038137,,,,,,,,,60.60000000000001,31.099999999999994,,,,,,,509.0
2018-08-31,3,8,2018,31,47500.0,22,17.599999999999994,,,1787,1567.8999999999999,6942,,,2560,1439,3899,234006716.34000003,75736547.19,126234363.30000001,31720142.97000003,895.2707122127154,277.6216396971211,46.19500000000001,42.6275,43.605000000000004,39716820,12038137,,,,,,,,,60.60000000000001,31.099999999999994,,,,,,,509.0
2018-09-01,3,9,2018,1,40000.0,11,17.599999999999994,,,1787,1567.8999999999999,7141,,,2508,1449,3884,446930571.89999986,82317403.36000001,139486255.24000007,221981954.09999996,895.2707122127154,277.6216396971211,45.8675,42.44499999999999,43.14,39716820,12038137,,,,,,,,,60.60000000000001,31.099999999999994,,,,,,,509.0
2018-09-02,3,9,2018,2,50000.0,5,17.599999999999994,,,1787,1567.8999999999999,7141,,,2508,1449,3884,446930571.89999986,82317403.36000001,139486255.24000007,221981954.09999996,895.2707122127154,277.6216396971211,45.8675,42.44499999999999,43.14,39716820,12038137,,,,,,,,,60.60000000000001,31.099999999999994,,,,,,,509.0
2018-09-03,3,9,2018,3,40000.0,39,17.599999999999994,,,1787,1567.8999999999999,7141,,,2508,1449,3884,446930571.89999986,82317403.36000001,139486255.24000007,221981954.09999996,895.2707122127154,277.6216396971211,45.8675,42.44499999999999,43.14,39716820,12038137,,,,,,,,,60.60000000000001,31.099999999999994,,,,,,,509.0
2018-09-04,3,9,2018,4,40000.0,16,17.599999999999994,,,1787,1567.8999999999999,7141,,,2508,1449,3884,446930571.89999986,82317403.36000001,139486255.24000007,221981954.09999996,895.2707122127154,277.6216396971211,45.8675,42.44499999999999,43.14,39716820,12038137,,,,,,,,,60.60000000000001,31.099999999999994,,,,,,,509.0
2018-09-05,3,9,2018,5,47500.0,21,17.599999999999994,,,1787,1567.8999999999999,7141,,,2508,1449,3884,446930571.89999986,82317403.36000001,139486255.24000007,221981954.09999996,895.2707122127154,277.6216396971211,45.8675,42.44499999999999,43.14,39716820,12038137,,,,,,,,,60.60000000000001,31.099999999999994,,,,,,,509.0
2018-09-06,3,9,2018,6,43750.0,14,17.599999999999994,,,1787,1567.8999999999999,7141,,,2508,1449,3884,446930571.89999986,82317403.36000001,139486255.24000007,221981954.09999996,895.2707122127154,277.6216396971211,45.8675,42.44499999999999,43.14,39716820,12038137,,,,,,,,,60.60000000000001,31.099999999999994,,,,,,,509.0
2018-09-07,3,9,2018,7,42500.0,26,17.599999999999994,,,1787,1567.8999999999999,7141,,,2508,1449,3884,446930571.89999986,82317403.36000001,139486255.24000007,221981954.09999996,895.2707122127154,277.6216396971211,45.8675,42.44499999999999,43.14,39716820,12038137,,,,,,,,,60.60000000000001,31.099999999999994,,,,,,,509.0
2018-09-08,3,9,2018,8,40000.0,7,17.599999999999994,,,1787,1567.8999999999999,7141,,,2508,1449,3884,446930571.89999986,82317403.36000001,139486255.24000007,221981954.09999996,895.2707122127154,277.6216396971211,45.8675,42.44499999999999,43.14,39716820,12038137,,,,,,,,,60.60000000000001,31.099999999999994,,,,,,,509.0
2018-09-09,3,9,2018,9,50000.0,9,17.599999999999994,,,1787,1567.8999999999999,7141,,,2508,1449,3884,446930571.89999986,82317403.36000001,139486255.24000007,221981954.09999996,895.2707122127154,277.6216396971211,45.8675,42.44499999999999,43.14,39716820,12038137,,,,,,,,,60.60000000000001,31.099999999999994,,,,,,,509.0
2018-09-10,3,9,2018,10,38250.0,34,17.599999999999994,,,1787,1567.8999999999999,7141,,,2508,1449,3884,446930571.89999986,82317403.36000001,139486255.24000007,221981954.09999996,895.2707122127154,277.6216396971211,45.8675,42.44499999999999,43.14,39716820,12038137,,,,,,,,,60.60000000000001,31.099999999999994,,,,,,,509.0
2018-09-11,3,9,2018,11,45000.0,31,17.599999999999994,,,1787,1567.8999999999999,7141,,,2508,1449,3884,446930571.89999986,82317403.36000001,139486255.24000007,221981954.09999996,895.2707122127154,277.6216396971211,45.8675,42.44499999999999,43.14,39716820,12038137,,,,,,,,,60.60000000000001,31.099999999999994,,,,,,,509.0
2018-09-12,3,9,2018,12,48750.0,26,17.599999999999994,,,1787,1567.8999999999999,7141,,,2508,1449,3884,446930571.89999986,82317403.36000001,139486255.24000007,221981954.09999996,895.2707122127154,277.6216396971211,45.8675,42.44499999999999,43.14,39716820,12038137,,,,,,,,,60.60000000000001,31.099999999999994,,,,,,,509.0
2018-09-13,3,9,2018,13,41500.0,21,17.599999999999994,,,1787,1567.8999999999999,7141,,,2508,1449,3884,446930571.89999986,82317403.36000001,139486255.24000007,221981954.09999996,895.2707122127154,277.6216396971211,45.8675,42.44499999999999,43.14,39716820,12038137,,,,,,,,,60.60000000000001,31.099999999999994,,,,,,,509.0
2018-09-14,3,9,2018,14,52500.0,40,17.599999999999994,,,1787,1567.8999999999999,7141,,,2508,1449,3884,446930571.89999986,82317403.36000001,139486255.24000007,221981954.09999996,895.2707122127154,277.6216396971211,45.8675,42.44499999999999,43.14,39716820,12038137,,,,,,,,,60.60000000000001,31.099999999999994,,,,,,,509.0
2018-09-15,3,9,2018,15,60000.0,10,17.599999999999994,,,1787,1567.8999999999999,7141,,,2508,1449,3884,446930571.89999986,82317403.36000001,139486255.24000007,221981954.09999996,895.2707122127154,277.6216396971211,45.8675,42.44499999999999,43.14,39716820,12038137,,,,,,,,,60.60000000000001,31.099999999999994,,,,,,,509.0
2018-09-16,3,9,2018,16,50000.0,11,17.599999999999994,,,1787,1567.8999999999999,7141,,,2508,1449,3884,446930571.89999986,82317403.36000001,139486255.24000007,221981954.09999996,895.2707122127154,277.6216396971211,45.8675,42.44499999999999,43.14,39716820,12038137,,,,,,,,,60.60000000000001,31.099999999999994,,,,,,,509.0
2018-09-17,3,9,2018,17,50000.0,33,17.599999999999994,,,1787,1567.8999999999999,7141,,,2508,1449,3884,446930571.89999986,82317403.36000001,139486255.24000007,221981954.09999996,895.2707122127154,277.6216396971211,45.8675,42.44499999999999,43.14,39716820,12038137,,,,,,,,,60.60000000000001,31.099999999999994,,,,,,,509.0
2018-09-18,3,9,2018,18,46250.0,22,17.599999999999994,,,1787,1567.8999999999999,7141,,,2508,1449,3884,446930571.89999986,82317403.36000001,139486255.24000007,221981954.09999996,895.2707122127154,277.6216396971211,45.8675,42.44499999999999,43.14,39716820,12038137,,,,,,,,,60.60000000000001,31.099999999999994,,,,,,,509.0
2018-09-19,3,9,2018,19,42750.0,24,17.599999999999994,,,1787,1567.8999999999999,7141,,,2508,1449,3884,446930571.89999986,82317403.36000001,139486255.24000007,221981954.09999996,895.2707122127154,277.6216396971211,45.8675,42.44499999999999,43.14,39716820,12038137,,,,,,,,,60.60000000000001,31.099999999999994,,,,,,,509.0
2018-09-20,3,9,2018,20,45000.0,26,17.599999999999994,,,1787,1567.8999999999999,7141,,,2508,1449,3884,446930571.89999986,82317403.36000001,139486255.24000007,221981954.09999996,895.2707122127154,277.6216396971211,45.8675,42.44499999999999,43.14,39716820,12038137,,,,,,,,,60.60000000000001,31.099999999999994,,,,,,,509.0
2018-09-21,3,9,2018,21,40000.0,31,17.599999999999994,,,1787,1567.8999999999999,7141,,,2508,1449,3884,446930571.89999986,82317403.36000001,139486255.24000007,221981954.09999996,895.2707122127154,277.6216396971211,45.8675,42.44499999999999,43.14,39716820,12038137,,,,,,,,,60.60000000000001,31.099999999999994,,,,,,,509.0
2018-09-22,3,9,2018,22,56250.0,4,17.599999999999994,,,1787,1567.8999999999999,7141,,,2508,1449,3884,446930571.89999986,82317403.36000001,139486255.24000007,221981954.09999996,895.2707122127154,277.6216396971211,45.8675,42.44499999999999,43.14,39716820,12038137,,,,,,,,,60.60000000000001,31.099999999999994,,,,,,,509.0
2018-09-23,3,9,2018,23,55000.0,5,17.599999999999994,,,1787,1567.8999999999999,7141,,,2508,1449,3884,446930571.89999986,82317403.36000001,139486255.24000007,221981954.09999996,895.2707122127154,277.6216396971211,45.8675,42.44499999999999,43.14,39716820,12038137,,,,,,,,,60.60000000000001,31.099999999999994,,,,,,,509.0
2018-09-24,3,9,2018,24,40000.0,37,17.599999999999994,,,1787,1567.8999999999999,7141,,,2508,1449,3884,446930571.89999986,82317403.36000001,139486255.24000007,221981954.09999996,895.2707122127154,277.6216396971211,45.8675,42.44499999999999,43.14,39716820,12038137,,,,,,,,,60.60000000000001,31.099999999999994,,,,,,,509.0
2018-09-25,3,9,2018,25,40000.0,21,17.599999999999994,,,1787,1567.8999999999999,7141,,,2508,1449,3884,446930571.89999986,82317403.36000001,139486255.24000007,221981954.09999996,895.2707122127154,277.6216396971211,45.8675,42.44499999999999,43.14,39716820,12038137,,,,,,,,,60.60000000000001,31.099999999999994,,,,,,,509.0
2018-09-26,3,9,2018,26,40000.0,28,17.599999999999994,,,1787,1567.8999999999999,7141,,,2508,1449,3884,446930571.89999986,82317403.36000001,139486255.24000007,221981954.09999996,895.2707122127154,277.6216396971211,45.8675,42.44499999999999,43.14,39716820,12038137,,,,,,,,,60.60000000000001,31.099999999999994,,,,,,,509.0
2018-09-27,3,9,2018,27,41250.0,20,17.599999999999994,,,1787,1567.8999999999999,7141,,,2508,1449,3884,446930571.89999986,82317403.36000001,139486255.24000007,221981954.09999996,895.2707122127154,277.6216396971211,45.8675,42.44499999999999,43.14,39716820,12038137,,,,,,,,,60.60000000000001,31.099999999999994,,,,,,,509.0
2018-09-28,3,9,2018,28,50000.0,27,17.599999999999994,,,1787,1567.8999999999999,7141,,,2508,1449,3884,446930571.89999986,82317403.36000001,139486255.24000007,221981954.09999996,895.2707122127154,277.6216396971211,45.8675,42.44499999999999,43.14,39716820,12038137,,,,,,,,,60.60000000000001,31.099999999999994,,,,,,,509.0
2018-09-29,3,9,2018,29,40000.0,9,17.599999999999994,,,1787,1567.8999999999999,7141,,,2508,1449,3884,446930571.89999986,82317403.36000001,139486255.24000007,221981954.09999996,895.2707122127154,277.6216396971211,45.8675,42.44499999999999,43.14,39716820,12038137,,,,,,,,,60.60000000000001,31.099999999999994,,,,,,,509.0
2018-09-30,3,9,2018,30,42500.0,6,17.599999999999994,,,1787,1567.8999999999999,7141,,,2508,1449,3884,446930571.89999986,82317403.36000001,139486255.24000007,221981954.09999996,895.2707122127154,277.6216396971211,45.8675,42.44499999999999,43.14,39716820,12038137,,,,,,,,,60.60000000000001,31.099999999999994,,,,,,,509.0
2018-10-01,4,10,2018,1,41750.0,35,32.89999999999999,,,2693.9,2167.6000000000004,7838,,,2716,1539,4218,536540523.11000013,83179801.19999999,384166859.52,68737380.38999999,942.4571331713656,280.1140347159343,45.96,42.5025,43.06999999999999,41701372,12116566,,,248,1033.3,591.6,28802.5,81061.1,63437.1,167.10000000000002,56.30000000000001,,,,,,,509.0
2018-10-02,4,10,2018,2,48750.0,32,32.89999999999999,,,2693.9,2167.6000000000004,7838,,,2716,1539,4218,536540523.11000013,83179801.19999999,384166859.52,68737380.38999999,942.4571331713656,280.1140347159343,45.96,42.5025,43.06999999999999,41701372,12116566,,,248,1033.3,591.6,28802.5,81061.1,63437.1,167.10000000000002,56.30000000000001,,,,,,,509.0
2018-10-03,4,10,2018,3,40000.0,22,32.89999999999999,,,2693.9,2167.6000000000004,7838,,,2716,1539,4218,536540523.11000013,83179801.19999999,384166859.52,68737380.38999999,942.4571331713656,280.1140347159343,45.96,42.5025,43.06999999999999,41701372,12116566,,,248,1033.3,591.6,28802.5,81061.1,63437.1,167.10000000000002,56.30000000000001,,,,,,,509.0
2018-10-04,4,10,2018,4,47500.0,22,32.89999999999999,,,2693.9,2167.6000000000004,7838,,,2716,1539,4218,536540523.11000013,83179801.19999999,384166859.52,68737380.38999999,942.4571331713656,280.1140347159343,45.96,42.5025,43.06999999999999,41701372,12116566,,,248,1033.3,591.6,28802.5,81061.1,63437.1,167.10000000000002,56.30000000000001,,,,,,,509.0
2018-10-05,4,10,2018,5,43000.0,25,32.89999999999999,,,2693.9,2167.6000000000004,7838,,,2716,1539,4218,536540523.11000013,83179801.19999999,384166859.52,68737380.38999999,942.4571331713656,280.1140347159343,45.96,42.5025,43.06999999999999,41701372,12116566,,,248,1033.3,591.6,28802.5,81061.1,63437.1,167.10000000000002,56.30000000000001,,,,,,,509.0
2018-10-06,4,10,2018,6,31250.0,6,32.89999999999999,,,2693.9,2167.6000000000004,7838,,,2716,1539,4218,536540523.11000013,83179801.19999999,384166859.52,68737380.38999999,942.4571331713656,280.1140347159343,45.96,42.5025,43.06999999999999,41701372,12116566,,,248,1033.3,591.6,28802.5,81061.1,63437.1,167.10000000000002,56.30000000000001,,,,,,,509.0
2018-10-07,4,10,2018,7,65000.0,9,32.89999999999999,,,2693.9,2167.6000000000004,7838,,,2716,1539,4218,536540523.11000013,83179801.19999999,384166859.52,68737380.38999999,942.4571331713656,280.1140347159343,45.96,42.5025,43.06999999999999,41701372,12116566,,,248,1033.3,591.6,28802.5,81061.1,63437.1,167.10000000000002,56.30000000000001,,,,,,,509.0
2018-10-08,4,10,2018,8,42500.0,38,32.89999999999999,,,2693.9,2167.6000000000004,7838,,,2716,1539,4218,536540523.11000013,83179801.19999999,384166859.52,68737380.38999999,942.4571331713656,280.1140347159343,45.96,42.5025,43.06999999999999,41701372,12116566,,,248,1033.3,591.6,28802.5,81061.1,63437.1,167.10000000000002,56.30000000000001,,,,,,,509.0
2018-10-09,4,10,2018,9,40000.0,29,32.89999999999999,,,2693.9,2167.6000000000004,7838,,,2716,1539,4218,536540523.11000013,83179801.19999999,384166859.52,68737380.38999999,942.4571331713656,280.1140347159343,45.96,42.5025,43.06999999999999,41701372,12116566,,,248,1033.3,591.6,28802.5,81061.1,63437.1,167.10000000000002,56.30000000000001,,,,,,,509.0
2018-10-10,4,10,2018,10,56000.0,27,32.89999999999999,,,2693.9,2167.6000000000004,7838,,,2716,1539,4218,536540523.11000013,83179801.19999999,384166859.52,68737380.38999999,942.4571331713656,280.1140347159343,45.96,42.5025,43.06999999999999,41701372,12116566,,,248,1033.3,591.6,28802.5,81061.1,63437.1,167.10000000000002,56.30000000000001,,,,,,,509.0
2018-10-11,4,10,2018,11,45500.0,34,32.89999999999999,,,2693.9,2167.6000000000004,7838,,,2716,1539,4218,536540523.11000013,83179801.19999999,384166859.52,68737380.38999999,942.4571331713656,280.1140347159343,45.96,42.5025,43.06999999999999,41701372,12116566,,,248,1033.3,591.6,28802.5,81061.1,63437.1,167.10000000000002,56.30000000000001,,,,,,,509.0
2018-10-12,4,10,2018,12,40000.0,13,32.89999999999999,,,2693.9,2167.6000000000004,7838,,,2716,1539,4218,536540523.11000013,83179801.19999999,384166859.52,68737380.38999999,942.4571331713656,280.1140347159343,45.96,42.5025,43.06999999999999,41701372,12116566,,,248,1033.3,591.6,28802.5,81061.1,63437.1,167.10000000000002,56.30000000000001,,,,,,,509.0
2018-10-13,4,10,2018,13,50000.0,11,32.89999999999999,,,2693.9,2167.6000000000004,7838,,,2716,1539,4218,536540523.11000013,83179801.19999999,384166859.52,68737380.38999999,942.4571331713656,280.1140347159343,45.96,42.5025,43.06999999999999,41701372,12116566,,,248,1033.3,591.6,28802.5,81061.1,63437.1,167.10000000000002,56.30000000000001,,,,,,,509.0
2018-10-14,4,10,2018,14,50000.0,7,32.89999999999999,,,2693.9,2167.6000000000004,7838,,,2716,1539,4218,536540523.11000013,83179801.19999999,384166859.52,68737380.38999999,942.4571331713656,280.1140347159343,45.96,42.5025,43.06999999999999,41701372,12116566,,,248,1033.3,591.6,28802.5,81061.1,63437.1,167.10000000000002,56.30000000000001,,,,,,,509.0
2018-10-15,4,10,2018,15,47500.0,31,32.89999999999999,,,2693.9,2167.6000000000004,7838,,,2716,1539,4218,536540523.11000013,83179801.19999999,384166859.52,68737380.38999999,942.4571331713656,280.1140347159343,45.96,42.5025,43.06999999999999,41701372,12116566,,,248,1033.3,591.6,28802.5,81061.1,63437.1,167.10000000000002,56.30000000000001,,,,,,,509.0
2018-10-16,4,10,2018,16,45000.0,34,32.89999999999999,,,2693.9,2167.6000000000004,7838,,,2716,1539,4218,536540523.11000013,83179801.19999999,384166859.52,68737380.38999999,942.4571331713656,280.1140347159343,45.96,42.5025,43.06999999999999,41701372,12116566,,,248,1033.3,591.6,28802.5,81061.1,63437.1,167.10000000000002,56.30000000000001,,,,,,,509.0
2018-10-17,4,10,2018,17,50000.0,23,32.89999999999999,,,2693.9,2167.6000000000004,7838,,,2716,1539,4218,536540523.11000013,83179801.19999999,384166859.52,68737380.38999999,942.4571331713656,280.1140347159343,45.96,42.5025,43.06999999999999,41701372,12116566,,,248,1033.3,591.6,28802.5,81061.1,63437.1,167.10000000000002,56.30000000000001,,,,,,,509.0
2018-10-18,4,10,2018,18,42500.0,27,32.89999999999999,,,2693.9,2167.6000000000004,7838,,,2716,1539,4218,536540523.11000013,83179801.19999999,384166859.52,68737380.38999999,942.4571331713656,280.1140347159343,45.96,42.5025,43.06999999999999,41701372,12116566,,,248,1033.3,591.6,28802.5,81061.1,63437.1,167.10000000000002,56.30000000000001,,,,,,,509.0
2018-10-19,4,10,2018,19,40000.0,28,32.89999999999999,,,2693.9,2167.6000000000004,7838,,,2716,1539,4218,536540523.11000013,83179801.19999999,384166859.52,68737380.38999999,942.4571331713656,280.1140347159343,45.96,42.5025,43.06999999999999,41701372,12116566,,,248,1033.3,591.6,28802.5,81061.1,63437.1,167.10000000000002,56.30000000000001,,,,,,,509.0
2018-10-20,4,10,2018,20,43750.0,8,32.89999999999999,,,2693.9,2167.6000000000004,7838,,,2716,1539,4218,536540523.11000013,83179801.19999999,384166859.52,68737380.38999999,942.4571331713656,280.1140347159343,45.96,42.5025,43.06999999999999,41701372,12116566,,,248,1033.3,591.6,28802.5,81061.1,63437.1,167.10000000000002,56.30000000000001,,,,,,,509.0
2018-10-21,4,10,2018,21,65000.0,11,32.89999999999999,,,2693.9,2167.6000000000004,7838,,,2716,1539,4218,536540523.11000013,83179801.19999999,384166859.52,68737380.38999999,942.4571331713656,280.1140347159343,45.96,42.5025,43.06999999999999,41701372,12116566,,,248,1033.3,591.6,28802.5,81061.1,63437.1,167.10000000000002,56.30000000000001,,,,,,,509.0
2018-10-22,4,10,2018,22,42500.0,28,32.89999999999999,,,2693.9,2167.6000000000004,7838,,,2716,1539,4218,536540523.11000013,83179801.19999999,384166859.52,68737380.38999999,942.4571331713656,280.1140347159343,45.96,42.5025,43.06999999999999,41701372,12116566,,,248,1033.3,591.6,28802.5,81061.1,63437.1,167.10000000000002,56.30000000000001,,,,,,,509.0
2018-10-23,4,10,2018,23,41500.0,25,32.89999999999999,,,2693.9,2167.6000000000004,7838,,,2716,1539,4218,536540523.11000013,83179801.19999999,384166859.52,68737380.38999999,942.4571331713656,280.1140347159343,45.96,42.5025,43.06999999999999,41701372,12116566,,,248,1033.3,591.6,28802.5,81061.1,63437.1,167.10000000000002,56.30000000000001,,,,,,,509.0
2018-10-24,4,10,2018,24,40000.0,20,32.89999999999999,,,2693.9,2167.6000000000004,7838,,,2716,1539,4218,536540523.11000013,83179801.19999999,384166859.52,68737380.38999999,942.4571331713656,280.1140347159343,45.96,42.5025,43.06999999999999,41701372,12116566,,,248,1033.3,591.6,28802.5,81061.1,63437.1,167.10000000000002,56.30000000000001,,,,,,,509.0
2018-10-25,4,10,2018,25,37500.0,37,32.89999999999999,,,2693.9,2167.6000000000004,7838,,,2716,1539,4218,536540523.11000013,83179801.19999999,384166859.52,68737380.38999999,942.4571331713656,280.1140347159343,45.96,42.5025,43.06999999999999,41701372,12116566,,,248,1033.3,591.6,28802.5,81061.1,63437.1,167.10000000000002,56.30000000000001,,,,,,,509.0
2018-10-26,4,10,2018,26,40000.0,30,32.89999999999999,,,2693.9,2167.6000000000004,7838,,,2716,1539,4218,536540523.11000013,83179801.19999999,384166859.52,68737380.38999999,942.4571331713656,280.1140347159343,45.96,42.5025,43.06999999999999,41701372,12116566,,,248,1033.3,591.6,28802.5,81061.1,63437.1,167.10000000000002,56.30000000000001,,,,,,,509.0
2018-10-27,4,10,2018,27,50000.0,4,32.89999999999999,,,2693.9,2167.6000000000004,7838,,,2716,1539,4218,536540523.11000013,83179801.19999999,384166859.52,68737380.38999999,942.4571331713656,280.1140347159343,45.96,42.5025,43.06999999999999,41701372,12116566,,,248,1033.3,591.6,28802.5,81061.1,63437.1,167.10000000000002,56.30000000000001,,,,,,,509.0
2018-10-28,4,10,2018,28,55000.0,5,32.89999999999999,,,2693.9,2167.6000000000004,7838,,,2716,1539,4218,536540523.11000013,83179801.19999999,384166859.52,68737380.38999999,942.4571331713656,280.1140347159343,45.96,42.5025,43.06999999999999,41701372,12116566,,,248,1033.3,591.6,28802.5,81061.1,63437.1,167.10000000000002,56.30000000000001,,,,,,,509.0
2018-10-29,4,10,2018,29,45000.0,31,32.89999999999999,,,2693.9,2167.6000000000004,7838,,,2716,1539,4218,536540523.11000013,83179801.19999999,384166859.52,68737380.38999999,942.4571331713656,280.1140347159343,45.96,42.5025,43.06999999999999,41701372,12116566,,,248,1033.3,591.6,28802.5,81061.1,63437.1,167.10000000000002,56.30000000000001,,,,,,,509.0
2018-10-30,4,10,2018,30,35000.0,19,32.89999999999999,,,2693.9,2167.6000000000004,7838,,,2716,1539,4218,536540523.11000013,83179801.19999999,384166859.52,68737380.38999999,942.4571331713656,280.1140347159343,45.96,42.5025,43.06999999999999,41701372,12116566,,,248,1033.3,591.6,28802.5,81061.1,63437.1,167.10000000000002,56.30000000000001,,,,,,,509.0
2018-10-31,4,10,2018,31,40000.0,30,32.89999999999999,,,2693.9,2167.6000000000004,7838,,,2716,1539,4218,536540523.11000013,83179801.19999999,384166859.52,68737380.38999999,942.4571331713656,280.1140347159343,45.96,42.5025,43.06999999999999,41701372,12116566,,,248,1033.3,591.6,28802.5,81061.1,63437.1,167.10000000000002,56.30000000000001,,,,,,,509.0
2018-11-01,4,11,2018,1,40000.0,33,32.89999999999999,,,2693.9,2167.6000000000004,7871,,,2853,1561,4223,385973112.5,125188715.52000004,219430045.48000002,39612249.390000105,942.4571331713656,280.1140347159343,45.965,42.5,43.1775,41701372,12116566,,,248.5,1045.2,631.8,27869.4,81904.8,65482.2,167.10000000000002,56.30000000000001,,,,,,,509.0
2018-11-02,4,11,2018,2,45000.0,29,32.89999999999999,,,2693.9,2167.6000000000004,7871,,,2853,1561,4223,385973112.5,125188715.52000004,219430045.48000002,39612249.390000105,942.4571331713656,280.1140347159343,45.965,42.5,43.1775,41701372,12116566,,,248.5,1045.2,631.8,27869.4,81904.8,65482.2,167.10000000000002,56.30000000000001,,,,,,,509.0
2018-11-03,4,11,2018,3,38750.0,10,32.89999999999999,,,2693.9,2167.6000000000004,7871,,,2853,1561,4223,385973112.5,125188715.52000004,219430045.48000002,39612249.390000105,942.4571331713656,280.1140347159343,45.965,42.5,43.1775,41701372,12116566,,,248.5,1045.2,631.8,27869.4,81904.8,65482.2,167.10000000000002,56.30000000000001,,,,,,,509.0
2018-11-04,4,11,2018,4,41400.0,2,32.89999999999999,,,2693.9,2167.6000000000004,7871,,,2853,1561,4223,385973112.5,125188715.52000004,219430045.48000002,39612249.390000105,942.4571331713656,280.1140347159343,45.965,42.5,43.1775,41701372,12116566,,,248.5,1045.2,631.8,27869.4,81904.8,65482.2,167.10000000000002,56.30000000000001,,,,,,,509.0
2018-11-05,4,11,2018,5,50000.0,15,32.89999999999999,,,2693.9,2167.6000000000004,7871,,,2853,1561,4223,385973112.5,125188715.52000004,219430045.48000002,39612249.390000105,942.4571331713656,280.1140347159343,45.965,42.5,43.1775,41701372,12116566,,,248.5,1045.2,631.8,27869.4,81904.8,65482.2,167.10000000000002,56.30000000000001,,,,,,,509.0
2018-11-06,4,11,2018,6,40000.0,42,32.89999999999999,,,2693.9,2167.6000000000004,7871,,,2853,1561,4223,385973112.5,125188715.52000004,219430045.48000002,39612249.390000105,942.4571331713656,280.1140347159343,45.965,42.5,43.1775,41701372,12116566,,,248.5,1045.2,631.8,27869.4,81904.8,65482.2,167.10000000000002,56.30000000000001,,,,,,,509.0
2018-11-07,4,11,2018,7,40000.0,35,32.89999999999999,,,2693.9,2167.6000000000004,7871,,,2853,1561,4223,385973112.5,125188715.52000004,219430045.48000002,39612249.390000105,942.4571331713656,280.1140347159343,45.965,42.5,43.1775,41701372,12116566,,,248.5,1045.2,631.8,27869.4,81904.8,65482.2,167.10000000000002,56.30000000000001,,,,,,,509.0
2018-11-08,4,11,2018,8,48750.0,24,32.89999999999999,,,2693.9,2167.6000000000004,7871,,,2853,1561,4223,385973112.5,125188715.52000004,219430045.48000002,39612249.390000105,942.4571331713656,280.1140347159343,45.965,42.5,43.1775,41701372,12116566,,,248.5,1045.2,631.8,27869.4,81904.8,65482.2,167.10000000000002,56.30000000000001,,,,,,,509.0
2018-11-09,4,11,2018,9,45000.0,18,32.89999999999999,,,2693.9,2167.6000000000004,7871,,,2853,1561,4223,385973112.5,125188715.52000004,219430045.48000002,39612249.390000105,942.4571331713656,280.1140347159343,45.965,42.5,43.1775,41701372,12116566,,,248.5,1045.2,631.8,27869.4,81904.8,65482.2,167.10000000000002,56.30000000000001,,,,,,,509.0
2018-11-10,4,11,2018,10,42500.0,5,32.89999999999999,,,2693.9,2167.6000000000004,7871,,,2853,1561,4223,385973112.5,125188715.52000004,219430045.48000002,39612249.390000105,942.4571331713656,280.1140347159343,45.965,42.5,43.1775,41701372,12116566,,,248.5,1045.2,631.8,27869.4,81904.8,65482.2,167.10000000000002,56.30000000000001,,,,,,,509.0
2018-11-11,4,11,2018,11,115000.0,15,32.89999999999999,,,2693.9,2167.6000000000004,7871,,,2853,1561,4223,385973112.5,125188715.52000004,219430045.48000002,39612249.390000105,942.4571331713656,280.1140347159343,45.965,42.5,43.1775,41701372,12116566,,,248.5,1045.2,631.8,27869.4,81904.8,65482.2,167.10000000000002,56.30000000000001,,,,,,,509.0
2018-11-12,4,11,2018,12,45000.0,43,32.89999999999999,,,2693.9,2167.6000000000004,7871,,,2853,1561,4223,385973112.5,125188715.52000004,219430045.48000002,39612249.390000105,942.4571331713656,280.1140347159343,45.965,42.5,43.1775,41701372,12116566,,,248.5,1045.2,631.8,27869.4,81904.8,65482.2,167.10000000000002,56.30000000000001,,,,,,,509.0
2018-11-13,4,11,2018,13,42500.0,38,32.89999999999999,,,2693.9,2167.6000000000004,7871,,,2853,1561,4223,385973112.5,125188715.52000004,219430045.48000002,39612249.390000105,942.4571331713656,280.1140347159343,45.965,42.5,43.1775,41701372,12116566,,,248.5,1045.2,631.8,27869.4,81904.8,65482.2,167.10000000000002,56.30000000000001,,,,,,,509.0
2018-11-14,4,11,2018,14,45000.0,29,32.89999999999999,,,2693.9,2167.6000000000004,7871,,,2853,1561,4223,385973112.5,125188715.52000004,219430045.48000002,39612249.390000105,942.4571331713656,280.1140347159343,45.965,42.5,43.1775,41701372,12116566,,,248.5,1045.2,631.8,27869.4,81904.8,65482.2,167.10000000000002,56.30000000000001,,,,,,,509.0
2018-11-15,4,11,2018,15,62500.0,11,32.89999999999999,,,2693.9,2167.6000000000004,7871,,,2853,1561,4223,385973112.5,125188715.52000004,219430045.48000002,39612249.390000105,942.4571331713656,280.1140347159343,45.965,42.5,43.1775,41701372,12116566,,,248.5,1045.2,631.8,27869.4,81904.8,65482.2,167.10000000000002,56.30000000000001,,,,,,,509.0
2018-11-16,4,11,2018,16,50000.0,18,32.89999999999999,,,2693.9,2167.6000000000004,7871,,,2853,1561,4223,385973112.5,125188715.52000004,219430045.48000002,39612249.390000105,942.4571331713656,280.1140347159343,45.965,42.5,43.1775,41701372,12116566,,,248.5,1045.2,631.8,27869.4,81904.8,65482.2,167.10000000000002,56.30000000000001,,,,,,,509.0
2018-11-17,4,11,2018,17,45000.0,7,32.89999999999999,,,2693.9,2167.6000000000004,7871,,,2853,1561,4223,385973112.5,125188715.52000004,219430045.48000002,39612249.390000105,942.4571331713656,280.1140347159343,45.965,42.5,43.1775,41701372,12116566,,,248.5,1045.2,631.8,27869.4,81904.8,65482.2,167.10000000000002,56.30000000000001,,,,,,,509.0
2018-11-18,4,11,2018,18,57500.0,6,32.89999999999999,,,2693.9,2167.6000000000004,7871,,,2853,1561,4223,385973112.5,125188715.52000004,219430045.48000002,39612249.390000105,942.4571331713656,280.1140347159343,45.965,42.5,43.1775,41701372,12116566,,,248.5,1045.2,631.8,27869.4,81904.8,65482.2,167.10000000000002,56.30000000000001,,,,,,,509.0
2018-11-19,4,11,2018,19,40000.0,42,32.89999999999999,,,2693.9,2167.6000000000004,7871,,,2853,1561,4223,385973112.5,125188715.52000004,219430045.48000002,39612249.390000105,942.4571331713656,280.1140347159343,45.965,42.5,43.1775,41701372,12116566,,,248.5,1045.2,631.8,27869.4,81904.8,65482.2,167.10000000000002,56.30000000000001,,,,,,,509.0
2018-11-20,4,11,2018,20,42500.0,16,32.89999999999999,,,2693.9,2167.6000000000004,7871,,,2853,1561,4223,385973112.5,125188715.52000004,219430045.48000002,39612249.390000105,942.4571331713656,280.1140347159343,45.965,42.5,43.1775,41701372,12116566,,,248.5,1045.2,631.8,27869.4,81904.8,65482.2,167.10000000000002,56.30000000000001,,,,,,,509.0
2018-11-21,4,11,2018,21,40000.0,19,32.89999999999999,,,2693.9,2167.6000000000004,7871,,,2853,1561,4223,385973112.5,125188715.52000004,219430045.48000002,39612249.390000105,942.4571331713656,280.1140347159343,45.965,42.5,43.1775,41701372,12116566,,,248.5,1045.2,631.8,27869.4,81904.8,65482.2,167.10000000000002,56.30000000000001,,,,,,,509.0
2018-11-22,4,11,2018,22,50000.0,30,32.89999999999999,,,2693.9,2167.6000000000004,7871,,,2853,1561,4223,385973112.5,125188715.52000004,219430045.48000002,39612249.390000105,942.4571331713656,280.1140347159343,45.965,42.5,43.1775,41701372,12116566,,,248.5,1045.2,631.8,27869.4,81904.8,65482.2,167.10000000000002,56.30000000000001,,,,,,,509.0
2018-11-23,4,11,2018,23,42500.0,19,32.89999999999999,,,2693.9,2167.6000000000004,7871,,,2853,1561,4223,385973112.5,125188715.52000004,219430045.48000002,39612249.390000105,942.4571331713656,280.1140347159343,45.965,42.5,43.1775,41701372,12116566,,,248.5,1045.2,631.8,27869.4,81904.8,65482.2,167.10000000000002,56.30000000000001,,,,,,,509.0
2018-11-24,4,11,2018,24,32500.0,10,32.89999999999999,,,2693.9,2167.6000000000004,7871,,,2853,1561,4223,385973112.5,125188715.52000004,219430045.48000002,39612249.390000105,942.4571331713656,280.1140347159343,45.965,42.5,43.1775,41701372,12116566,,,248.5,1045.2,631.8,27869.4,81904.8,65482.2,167.10000000000002,56.30000000000001,,,,,,,509.0
2018-11-25,4,11,2018,25,35000.0,3,32.89999999999999,,,2693.9,2167.6000000000004,7871,,,2853,1561,4223,385973112.5,125188715.52000004,219430045.48000002,39612249.390000105,942.4571331713656,280.1140347159343,45.965,42.5,43.1775,41701372,12116566,,,248.5,1045.2,631.8,27869.4,81904.8,65482.2,167.10000000000002,56.30000000000001,,,,,,,509.0
2018-11-26,4,11,2018,26,35750.0,32,32.89999999999999,,,2693.9,2167.6000000000004,7871,,,2853,1561,4223,385973112.5,125188715.52000004,219430045.48000002,39612249.390000105,942.4571331713656,280.1140347159343,45.965,42.5,43.1775,41701372,12116566,,,248.5,1045.2,631.8,27869.4,81904.8,65482.2,167.10000000000002,56.30000000000001,,,,,,,509.0
2018-11-27,4,11,2018,27,38500.0,37,32.89999999999999,,,2693.9,2167.6000000000004,7871,,,2853,1561,4223,385973112.5,125188715.52000004,219430045.48000002,39612249.390000105,942.4571331713656,280.1140347159343,45.965,42.5,43.1775,41701372,12116566,,,248.5,1045.2,631.8,27869.4,81904.8,65482.2,167.10000000000002,56.30000000000001,,,,,,,509.0
2018-11-28,4,11,2018,28,40000.0,15,32.89999999999999,,,2693.9,2167.6000000000004,7871,,,2853,1561,4223,385973112.5,125188715.52000004,219430045.48000002,39612249.390000105,942.4571331713656,280.1140347159343,45.965,42.5,43.1775,41701372,12116566,,,248.5,1045.2,631.8,27869.4,81904.8,65482.2,167.10000000000002,56.30000000000001,,,,,,,509.0
2018-11-29,4,11,2018,29,39687.5,26,32.89999999999999,,,2693.9,2167.6000000000004,7871,,,2853,1561,4223,385973112.5,125188715.52000004,219430045.48000002,39612249.390000105,942.4571331713656,280.1140347159343,45.965,42.5,43.1775,41701372,12116566,,,248.5,1045.2,631.8,27869.4,81904.8,65482.2,167.10000000000002,56.30000000000001,,,,,,,509.0
2018-11-30,4,11,2018,30,40000.0,23,32.89999999999999,,,2693.9,2167.6000000000004,7871,,,2853,1561,4223,385973112.5,125188715.52000004,219430045.48000002,39612249.390000105,942.4571331713656,280.1140347159343,45.965,42.5,43.1775,41701372,12116566,,,248.5,1045.2,631.8,27869.4,81904.8,65482.2,167.10000000000002,56.30000000000001,,,,,,,509.0
2018-12-01,4,12,2018,1,40000.0,5,32.89999999999999,,,2693.9,2167.6000000000004,8619,,,2721,1581,4627,3823160229.5199995,266944252.18999994,614239352.5699999,2939889635.75,942.4571331713656,280.1140347159343,46.025,42.5325,43.519999999999996,41701372,12116566,,,248,9032.7,701.9,26749.6,85598.6,68967.4,167.10000000000002,56.30000000000001,,,,,,,509.0
2018-12-02,4,12,2018,2,40000.0,3,32.89999999999999,,,2693.9,2167.6000000000004,8619,,,2721,1581,4627,3823160229.5199995,266944252.18999994,614239352.5699999,2939889635.75,942.4571331713656,280.1140347159343,46.025,42.5325,43.519999999999996,41701372,12116566,,,248,9032.7,701.9,26749.6,85598.6,68967.4,167.10000000000002,56.30000000000001,,,,,,,509.0
2018-12-03,4,12,2018,3,40000.0,29,32.89999999999999,,,2693.9,2167.6000000000004,8619,,,2721,1581,4627,3823160229.5199995,266944252.18999994,614239352.5699999,2939889635.75,942.4571331713656,280.1140347159343,46.025,42.5325,43.519999999999996,41701372,12116566,,,248,9032.7,701.9,26749.6,85598.6,68967.4,167.10000000000002,56.30000000000001,,,,,,,509.0
2018-12-04,4,12,2018,4,41000.0,32,32.89999999999999,,,2693.9,2167.6000000000004,8619,,,2721,1581,4627,3823160229.5199995,266944252.18999994,614239352.5699999,2939889635.75,942.4571331713656,280.1140347159343,46.025,42.5325,43.519999999999996,41701372,12116566,,,248,9032.7,701.9,26749.6,85598.6,68967.4,167.10000000000002,56.30000000000001,,,,,,,509.0
2018-12-05,4,12,2018,5,40000.0,25,32.89999999999999,,,2693.9,2167.6000000000004,8619,,,2721,1581,4627,3823160229.5199995,266944252.18999994,614239352.5699999,2939889635.75,942.4571331713656,280.1140347159343,46.025,42.5325,43.519999999999996,41701372,12116566,,,248,9032.7,701.9,26749.6,85598.6,68967.4,167.10000000000002,56.30000000000001,,,,,,,509.0
2018-12-06,4,12,2018,6,40000.0,40,32.89999999999999,,,2693.9,2167.6000000000004,8619,,,2721,1581,4627,3823160229.5199995,266944252.18999994,614239352.5699999,2939889635.75,942.4571331713656,280.1140347159343,46.025,42.5325,43.519999999999996,41701372,12116566,,,248,9032.7,701.9,26749.6,85598.6,68967.4,167.10000000000002,56.30000000000001,,,,,,,509.0
2018-12-07,4,12,2018,7,40500.0,18,32.89999999999999,,,2693.9,2167.6000000000004,8619,,,2721,1581,4627,3823160229.5199995,266944252.18999994,614239352.5699999,2939889635.75,942.4571331713656,280.1140347159343,46.025,42.5325,43.519999999999996,41701372,12116566,,,248,9032.7,701.9,26749.6,85598.6,68967.4,167.10000000000002,56.30000000000001,,,,,,,509.0
2018-12-08,4,12,2018,8,31750.0,6,32.89999999999999,,,2693.9,2167.6000000000004,8619,,,2721,1581,4627,3823160229.5199995,266944252.18999994,614239352.5699999,2939889635.75,942.4571331713656,280.1140347159343,46.025,42.5325,43.519999999999996,41701372,12116566,,,248,9032.7,701.9,26749.6,85598.6,68967.4,167.10000000000002,56.30000000000001,,,,,,,509.0
2018-12-09,4,12,2018,9,45000.0,5,32.89999999999999,,,2693.9,2167.6000000000004,8619,,,2721,1581,4627,3823160229.5199995,266944252.18999994,614239352.5699999,2939889635.75,942.4571331713656,280.1140347159343,46.025,42.5325,43.519999999999996,41701372,12116566,,,248,9032.7,701.9,26749.6,85598.6,68967.4,167.10000000000002,56.30000000000001,,,,,,,509.0
2018-12-10,4,12,2018,10,45000.0,31,32.89999999999999,,,2693.9,2167.6000000000004,8619,,,2721,1581,4627,3823160229.5199995,266944252.18999994,614239352.5699999,2939889635.75,942.4571331713656,280.1140347159343,46.025,42.5325,43.519999999999996,41701372,12116566,,,248,9032.7,701.9,26749.6,85598.6,68967.4,167.10000000000002,56.30000000000001,,,,,,,509.0
2018-12-11,4,12,2018,11,45000.0,17,32.89999999999999,,,2693.9,2167.6000000000004,8619,,,2721,1581,4627,3823160229.5199995,266944252.18999994,614239352.5699999,2939889635.75,942.4571331713656,280.1140347159343,46.025,42.5325,43.519999999999996,41701372,12116566,,,248,9032.7,701.9,26749.6,85598.6,68967.4,167.10000000000002,56.30000000000001,,,,,,,509.0
2018-12-12,4,12,2018,12,50000.0,22,32.89999999999999,,,2693.9,2167.6000000000004,8619,,,2721,1581,4627,3823160229.5199995,266944252.18999994,614239352.5699999,2939889635.75,942.4571331713656,280.1140347159343,46.025,42.5325,43.519999999999996,41701372,12116566,,,248,9032.7,701.9,26749.6,85598.6,68967.4,167.10000000000002,56.30000000000001,,,,,,,509.0
2018-12-13,4,12,2018,13,40000.0,19,32.89999999999999,,,2693.9,2167.6000000000004,8619,,,2721,1581,4627,3823160229.5199995,266944252.18999994,614239352.5699999,2939889635.75,942.4571331713656,280.1140347159343,46.025,42.5325,43.519999999999996,41701372,12116566,,,248,9032.7,701.9,26749.6,85598.6,68967.4,167.10000000000002,56.30000000000001,,,,,,,509.0
2018-12-14,4,12,2018,14,45000.0,15,32.89999999999999,,,2693.9,2167.6000000000004,8619,,,2721,1581,4627,3823160229.5199995,266944252.18999994,614239352.5699999,2939889635.75,942.4571331713656,280.1140347159343,46.025,42.5325,43.519999999999996,41701372,12116566,,,248,9032.7,701.9,26749.6,85598.6,68967.4,167.10000000000002,56.30000000000001,,,,,,,509.0
2018-12-15,4,12,2018,15,40000.0,3,32.89999999999999,,,2693.9,2167.6000000000004,8619,,,2721,1581,4627,3823160229.5199995,266944252.18999994,614239352.5699999,2939889635.75,942.4571331713656,280.1140347159343,46.025,42.5325,43.519999999999996,41701372,12116566,,,248,9032.7,701.9,26749.6,85598.6,68967.4,167.10000000000002,56.30000000000001,,,,,,,509.0
2018-12-16,4,12,2018,16,55000.0,9,32.89999999999999,,,2693.9,2167.6000000000004,8619,,,2721,1581,4627,3823160229.5199995,266944252.18999994,614239352.5699999,2939889635.75,942.4571331713656,280.1140347159343,46.025,42.5325,43.519999999999996,41701372,12116566,,,248,9032.7,701.9,26749.6,85598.6,68967.4,167.10000000000002,56.30000000000001,,,,,,,509.0
2018-12-17,4,12,2018,17,40000.0,19,32.89999999999999,,,2693.9,2167.6000000000004,8619,,,2721,1581,4627,3823160229.5199995,266944252.18999994,614239352.5699999,2939889635.75,942.4571331713656,280.1140347159343,46.025,42.5325,43.519999999999996,41701372,12116566,,,248,9032.7,701.9,26749.6,85598.6,68967.4,167.10000000000002,56.30000000000001,,,,,,,509.0
2018-12-18,4,12,2018,18,47500.0,16,32.89999999999999,,,2693.9,2167.6000000000004,8619,,,2721,1581,4627,3823160229.5199995,266944252.18999994,614239352.5699999,2939889635.75,942.4571331713656,280.1140347159343,46.025,42.5325,43.519999999999996,41701372,12116566,,,248,9032.7,701.9,26749.6,85598.6,68967.4,167.10000000000002,56.30000000000001,,,,,,,509.0
2018-12-19,4,12,2018,19,41725.0,26,32.89999999999999,,,2693.9,2167.6000000000004,8619,,,2721,1581,4627,3823160229.5199995,266944252.18999994,614239352.5699999,2939889635.75,942.4571331713656,280.1140347159343,46.025,42.5325,43.519999999999996,41701372,12116566,,,248,9032.7,701.9,26749.6,85598.6,68967.4,167.10000000000002,56.30000000000001,,,,,,,509.0
2018-12-20,4,12,2018,20,40000.0,18,32.89999999999999,,,2693.9,2167.6000000000004,8619,,,2721,1581,4627,3823160229.5199995,266944252.18999994,614239352.5699999,2939889635.75,942.4571331713656,280.1140347159343,46.025,42.5325,43.519999999999996,41701372,12116566,,,248,9032.7,701.9,26749.6,85598.6,68967.4,167.10000000000002,56.30000000000001,,,,,,,509.0
2018-12-21,4,12,2018,21,43000.0,7,32.89999999999999,,,2693.9,2167.6000000000004,8619,,,2721,1581,4627,3823160229.5199995,266944252.18999994,614239352.5699999,2939889635.75,942.4571331713656,280.1140347159343,46.025,42.5325,43.519999999999996,41701372,12116566,,,248,9032.7,701.9,26749.6,85598.6,68967.4,167.10000000000002,56.30000000000001,,,,,,,509.0
2018-12-22,4,12,2018,22,52500.0,6,32.89999999999999,,,2693.9,2167.6000000000004,8619,,,2721,1581,4627,3823160229.5199995,266944252.18999994,614239352.5699999,2939889635.75,942.4571331713656,280.1140347159343,46.025,42.5325,43.519999999999996,41701372,12116566,,,248,9032.7,701.9,26749.6,85598.6,68967.4,167.10000000000002,56.30000000000001,,,,,,,509.0
2018-12-23,4,12,2018,23,13750.0,2,32.89999999999999,,,2693.9,2167.6000000000004,8619,,,2721,1581,4627,3823160229.5199995,266944252.18999994,614239352.5699999,2939889635.75,942.4571331713656,280.1140347159343,46.025,42.5325,43.519999999999996,41701372,12116566,,,248,9032.7,701.9,26749.6,85598.6,68967.4,167.10000000000002,56.30000000000001,,,,,,,509.0
2018-12-24,4,12,2018,24,45000.0,23,32.89999999999999,,,2693.9,2167.6000000000004,8619,,,2721,1581,4627,3823160229.5199995,266944252.18999994,614239352.5699999,2939889635.75,942.4571331713656,280.1140347159343,46.025,42.5325,43.519999999999996,41701372,12116566,,,248,9032.7,701.9,26749.6,85598.6,68967.4,167.10000000000002,56.30000000000001,,,,,,,509.0
2018-12-25,4,12,2018,25,47500.0,14,32.89999999999999,,,2693.9,2167.6000000000004,8619,,,2721,1581,4627,3823160229.5199995,266944252.18999994,614239352.5699999,2939889635.75,942.4571331713656,280.1140347159343,46.025,42.5325,43.519999999999996,41701372,12116566,,,248,9032.7,701.9,26749.6,85598.6,68967.4,167.10000000000002,56.30000000000001,,,,,,,509.0
2018-12-26,4,12,2018,26,40000.0,14,32.89999999999999,,,2693.9,2167.6000000000004,8619,,,2721,1581,4627,3823160229.5199995,266944252.18999994,614239352.5699999,2939889635.75,942.4571331713656,280.1140347159343,46.025,42.5325,43.519999999999996,41701372,12116566,,,248,9032.7,701.9,26749.6,85598.6,68967.4,167.10000000000002,56.30000000000001,,,,,,,509.0
2018-12-27,4,12,2018,27,52000.0,21,32.89999999999999,,,2693.9,2167.6000000000004,8619,,,2721,1581,4627,3823160229.5199995,266944252.18999994,614239352.5699999,2939889635.75,942.4571331713656,280.1140347159343,46.025,42.5325,43.519999999999996,41701372,12116566,,,248,9032.7,701.9,26749.6,85598.6,68967.4,167.10000000000002,56.30000000000001,,,,,,,509.0
2018-12-28,4,12,2018,28,42000.0,26,32.89999999999999,,,2693.9,2167.6000000000004,8619,,,2721,1581,4627,3823160229.5199995,266944252.18999994,614239352.5699999,2939889635.75,942.4571331713656,280.1140347159343,46.025,42.5325,43.519999999999996,41701372,12116566,,,248,9032.7,701.9,26749.6,85598.6,68967.4,167.10000000000002,56.30000000000001,,,,,,,509.0
2018-12-29,4,12,2018,29,47500.0,22,32.89999999999999,,,2693.9,2167.6000000000004,8619,,,2721,1581,4627,3823160229.5199995,266944252.18999994,614239352.5699999,2939889635.75,942.4571331713656,280.1140347159343,46.025,42.5325,43.519999999999996,41701372,12116566,,,248,9032.7,701.9,26749.6,85598.6,68967.4,167.10000000000002,56.30000000000001,,,,,,,509.0
2018-12-30,4,12,2018,30,45000.0,6,32.89999999999999,,,2693.9,2167.6000000000004,8619,,,2721,1581,4627,3823160229.5199995,266944252.18999994,614239352.5699999,2939889635.75,942.4571331713656,280.1140347159343,46.025,42.5325,43.519999999999996,41701372,12116566,,,248,9032.7,701.9,26749.6,85598.6,68967.4,167.10000000000002,56.30000000000001,,,,,,,509.0
2019-01-04,1,1,2019,4,110000.0,1,24.5,,9661,1310,1134.4,1521,,,1521,861,2452,59216943.31,23278739.28,26367985.4,9220218.63,553.1156874756364,144.20539482352942,46.5575,43.085,44.4125,24830746,6384093,,,247.1,21118.4,4866.6,27288.3,82901.4,72177.4,53,14.6,,,,,,,463.0
2019-01-06,1,1,2019,6,25000.0,1,24.5,,9661,1310,1134.4,1521,,,1521,861,2452,59216943.31,23278739.28,26367985.4,9220218.63,553.1156874756364,144.20539482352942,46.5575,43.085,44.4125,24830746,6384093,,,247.1,21118.4,4866.6,27288.3,82901.4,72177.4,53,14.6,,,,,,,463.0
2019-01-07,1,1,2019,7,87500.0,6,24.5,,9661,1310,1134.4,1521,,,1521,861,2452,59216943.31,23278739.28,26367985.4,9220218.63,553.1156874756364,144.20539482352942,46.5575,43.085,44.4125,24830746,6384093,,,247.1,21118.4,4866.6,27288.3,82901.4,72177.4,53,14.6,,,,,,,463.0
2019-01-08,1,1,2019,8,30000.0,24,24.5,,9661,1310,1134.4,1521,,,1521,861,2452,59216943.31,23278739.28,26367985.4,9220218.63,553.1156874756364,144.20539482352942,46.5575,43.085,44.4125,24830746,6384093,,,247.1,21118.4,4866.6,27288.3,82901.4,72177.4,53,14.6,,,,,,,463.0
2019-01-09,1,1,2019,9,45000.0,37,24.5,,9661,1310,1134.4,1521,,,1521,861,2452,59216943.31,23278739.28,26367985.4,9220218.63,553.1156874756364,144.20539482352942,46.5575,43.085,44.4125,24830746,6384093,,,247.1,21118.4,4866.6,27288.3,82901.4,72177.4,53,14.6,,,,,,,463.0
2019-01-10,1,1,2019,10,45000.0,41,24.5,,9661,1310,1134.4,1521,,,1521,861,2452,59216943.31,23278739.28,26367985.4,9220218.63,553.1156874756364,144.20539482352942,46.5575,43.085,44.4125,24830746,6384093,,,247.1,21118.4,4866.6,27288.3,82901.4,72177.4,53,14.6,,,,,,,463.0
2019-01-11,1,1,2019,11,38750.0,24,24.5,,9661,1310,1134.4,1521,,,1521,861,2452,59216943.31,23278739.28,26367985.4,9220218.63,553.1156874756364,144.20539482352942,46.5575,43.085,44.4125,24830746,6384093,,,247.1,21118.4,4866.6,27288.3,82901.4,72177.4,53,14.6,,,,,,,463.0
2019-01-12,1,1,2019,12,57500.0,3,24.5,,9661,1310,1134.4,1521,,,1521,861,2452,59216943.31,23278739.28,26367985.4,9220218.63,553.1156874756364,144.20539482352942,46.5575,43.085,44.4125,24830746,6384093,,,247.1,21118.4,4866.6,27288.3,82901.4,72177.4,53,14.6,,,,,,,463.0
2019-01-13,1,1,2019,13,53750.0,6,24.5,,9661,1310,1134.4,1521,,,1521,861,2452,59216943.31,23278739.28,26367985.4,9220218.63,553.1156874756364,144.20539482352942,46.5575,43.085,44.4125,24830746,6384093,,,247.1,21118.4,4866.6,27288.3,82901.4,72177.4,53,14.6,,,,,,,463.0
2019-01-14,1,1,2019,14,45000.0,42,24.5,,9661,1310,1134.4,1521,,,1521,861,2452,59216943.31,23278739.28,26367985.4,9220218.63,553.1156874756364,144.20539482352942,46.5575,43.085,44.4125,24830746,6384093,,,247.1,21118.4,4866.6,27288.3,82901.4,72177.4,53,14.6,,,,,,,463.0
2019-01-15,1,1,2019,15,40000.0,31,24.5,,9661,1310,1134.4,1521,,,1521,861,2452,59216943.31,23278739.28,26367985.4,9220218.63,553.1156874756364,144.20539482352942,46.5575,43.085,44.4125,24830746,6384093,,,247.1,21118.4,4866.6,27288.3,82901.4,72177.4,53,14.6,,,,,,,463.0
2019-01-16,1,1,2019,16,40000.0,26,24.5,,9661,1310,1134.4,1521,,,1521,861,2452,59216943.31,23278739.28,26367985.4,9220218.63,553.1156874756364,144.20539482352942,46.5575,43.085,44.4125,24830746,6384093,,,247.1,21118.4,4866.6,27288.3,82901.4,72177.4,53,14.6,,,,,,,463.0
2019-01-17,1,1,2019,17,41250.0,40,24.5,,9661,1310,1134.4,1521,,,1521,861,2452,59216943.31,23278739.28,26367985.4,9220218.63,553.1156874756364,144.20539482352942,46.5575,43.085,44.4125,24830746,6384093,,,247.1,21118.4,4866.6,27288.3,82901.4,72177.4,53,14.6,,,,,,,463.0
2019-01-18,1,1,2019,18,35000.0,20,24.5,,9661,1310,1134.4,1521,,,1521,861,2452,59216943.31,23278739.28,26367985.4,9220218.63,553.1156874756364,144.20539482352942,46.5575,43.085,44.4125,24830746,6384093,,,247.1,21118.4,4866.6,27288.3,82901.4,72177.4,53,14.6,,,,,,,463.0
2019-01-19,1,1,2019,19,62500.0,5,24.5,,9661,1310,1134.4,1521,,,1521,861,2452,59216943.31,23278739.28,26367985.4,9220218.63,553.1156874756364,144.20539482352942,46.5575,43.085,44.4125,24830746,6384093,,,247.1,21118.4,4866.6,27288.3,82901.4,72177.4,53,14.6,,,,,,,463.0
2019-01-20,1,1,2019,20,164125.0,2,24.5,,9661,1310,1134.4,1521,,,1521,861,2452,59216943.31,23278739.28,26367985.4,9220218.63,553.1156874756364,144.20539482352942,46.5575,43.085,44.4125,24830746,6384093,,,247.1,21118.4,4866.6,27288.3,82901.4,72177.4,53,14.6,,,,,,,463.0
2019-01-21,1,1,2019,21,40000.0,30,24.5,,9661,1310,1134.4,1521,,,1521,861,2452,59216943.31,23278739.28,26367985.4,9220218.63,553.1156874756364,144.20539482352942,46.5575,43.085,44.4125,24830746,6384093,,,247.1,21118.4,4866.6,27288.3,82901.4,72177.4,53,14.6,,,,,,,463.0
2019-01-22,1,1,2019,22,45000.0,19,24.5,,9661,1310,1134.4,1521,,,1521,861,2452,59216943.31,23278739.28,26367985.4,9220218.63,553.1156874756364,144.20539482352942,46.5575,43.085,44.4125,24830746,6384093,,,247.1,21118.4,4866.6,27288.3,82901.4,72177.4,53,14.6,,,,,,,463.0
2019-01-23,1,1,2019,23,37500.0,21,24.5,,9661,1310,1134.4,1521,,,1521,861,2452,59216943.31,23278739.28,26367985.4,9220218.63,553.1156874756364,144.20539482352942,46.5575,43.085,44.4125,24830746,6384093,,,247.1,21118.4,4866.6,27288.3,82901.4,72177.4,53,14.6,,,,,,,463.0
2019-01-24,1,1,2019,24,45000.0,23,24.5,,9661,1310,1134.4,1521,,,1521,861,2452,59216943.31,23278739.28,26367985.4,9220218.63,553.1156874756364,144.20539482352942,46.5575,43.085,44.4125,24830746,6384093,,,247.1,21118.4,4866.6,27288.3,82901.4,72177.4,53,14.6,,,,,,,463.0
2019-01-25,1,1,2019,25,45000.0,18,24.5,,9661,1310,1134.4,1521,,,1521,861,2452,59216943.31,23278739.28,26367985.4,9220218.63,553.1156874756364,144.20539482352942,46.5575,43.085,44.4125,24830746,6384093,,,247.1,21118.4,4866.6,27288.3,82901.4,72177.4,53,14.6,,,,,,,463.0
2019-01-26,1,1,2019,26,72000.0,4,24.5,,9661,1310,1134.4,1521,,,1521,861,2452,59216943.31,23278739.28,26367985.4,9220218.63,553.1156874756364,144.20539482352942,46.5575,43.085,44.4125,24830746,6384093,,,247.1,21118.4,4866.6,27288.3,82901.4,72177.4,53,14.6,,,,,,,463.0
2019-01-27,1,1,2019,27,70000.0,7,24.5,,9661,1310,1134.4,1521,,,1521,861,2452,59216943.31,23278739.28,26367985.4,9220218.63,553.1156874756364,144.20539482352942,46.5575,43.085,44.4125,24830746,6384093,,,247.1,21118.4,4866.6,27288.3,82901.4,72177.4,53,14.6,,,,,,,463.0
2019-01-28,1,1,2019,28,40000.0,39,24.5,,9661,1310,1134.4,1521,,,1521,861,2452,59216943.31,23278739.28,26367985.4,9220218.63,553.1156874756364,144.20539482352942,46.5575,43.085,44.4125,24830746,6384093,,,247.1,21118.4,4866.6,27288.3,82901.4,72177.4,53,14.6,,,,,,,463.0
2019-01-29,1,1,2019,29,40000.0,18,24.5,,9661,1310,1134.4,1521,,,1521,861,2452,59216943.31,23278739.28,26367985.4,9220218.63,553.1156874756364,144.20539482352942,46.5575,43.085,44.4125,24830746,6384093,,,247.1,21118.4,4866.6,27288.3,82901.4,72177.4,53,14.6,,,,,,,463.0
2019-01-30,1,1,2019,30,43750.0,16,24.5,,9661,1310,1134.4,1521,,,1521,861,2452,59216943.31,23278739.28,26367985.4,9220218.63,553.1156874756364,144.20539482352942,46.5575,43.085,44.4125,24830746,6384093,,,247.1,21118.4,4866.6,27288.3,82901.4,72177.4,53,14.6,,,,,,,463.0
2019-01-31,1,1,2019,31,45000.0,27,24.5,,9661,1310,1134.4,1521,,,1521,861,2452,59216943.31,23278739.28,26367985.4,9220218.63,553.1156874756364,144.20539482352942,46.5575,43.085,44.4125,24830746,6384093,,,247.1,21118.4,4866.6,27288.3,82901.4,72177.4,53,14.6,,,,,,,463.0
2019-02-01,1,2,2019,1,50000.0,16,24.5,,13671,1310,1134.4,2096,,,2096,1138,3113,109089474.12,24369169.03,49891539.46,34478765.629999995,553.1156874756364,144.20539482352942,46.7425,43.14,44.269999999999996,24830746,6384093,87.21428571428571,91.88888888888889,287.7,12760.7,11563.3,29342,94488.6,82413.1,53,14.6,,,83.07407407407408,92.66666666666667,86.77777777777777,16.71821429,463.0
2019-02-02,1,2,2019,2,61250.0,8,24.5,,13671,1310,1134.4,2096,,,2096,1138,3113,109089474.12,24369169.03,49891539.46,34478765.629999995,553.1156874756364,144.20539482352942,46.7425,43.14,44.269999999999996,24830746,6384093,87.21428571428571,91.88888888888889,287.7,12760.7,11563.3,29342,94488.6,82413.1,53,14.6,,,83.07407407407408,92.66666666666667,86.77777777777777,16.71821429,463.0
2019-02-03,1,2,2019,3,47500.0,3,24.5,,13671,1310,1134.4,2096,,,2096,1138,3113,109089474.12,24369169.03,49891539.46,34478765.629999995,553.1156874756364,144.20539482352942,46.7425,43.14,44.269999999999996,24830746,6384093,87.21428571428571,91.88888888888889,287.7,12760.7,11563.3,29342,94488.6,82413.1,53,14.6,,,83.07407407407408,92.66666666666667,86.77777777777777,16.71821429,463.0
2019-02-04,1,2,2019,4,37500.0,29,24.5,,13671,1310,1134.4,2096,,,2096,1138,3113,109089474.12,24369169.03,49891539.46,34478765.629999995,553.1156874756364,144.20539482352942,46.7425,43.14,44.269999999999996,24830746,6384093,87.21428571428571,91.88888888888889,287.7,12760.7,11563.3,29342,94488.6,82413.1,53,14.6,,,83.07407407407408,92.66666666666667,86.77777777777777,16.71821429,463.0
2019-02-05,1,2,2019,5,45000.0,32,24.5,,13671,1310,1134.4,2096,,,2096,1138,3113,109089474.12,24369169.03,49891539.46,34478765.629999995,553.1156874756364,144.20539482352942,46.7425,43.14,44.269999999999996,24830746,6384093,87.21428571428571,91.88888888888889,287.7,12760.7,11563.3,29342,94488.6,82413.1,53,14.6,,,83.07407407407408,92.66666666666667,86.77777777777777,16.71821429,463.0
2019-02-06,1,2,2019,6,40000.0,21,24.5,,13671,1310,1134.4,2096,,,2096,1138,3113,109089474.12,24369169.03,49891539.46,34478765.629999995,553.1156874756364,144.20539482352942,46.7425,43.14,44.269999999999996,24830746,6384093,87.21428571428571,91.88888888888889,287.7,12760.7,11563.3,29342,94488.6,82413.1,53,14.6,,,83.07407407407408,92.66666666666667,86.77777777777777,16.71821429,463.0
2019-02-07,1,2,2019,7,42500.0,31,24.5,,13671,1310,1134.4,2096,,,2096,1138,3113,109089474.12,24369169.03,49891539.46,34478765.629999995,553.1156874756364,144.20539482352942,46.7425,43.14,44.269999999999996,24830746,6384093,87.21428571428571,91.88888888888889,287.7,12760.7,11563.3,29342,94488.6,82413.1,53,14.6,,,83.07407407407408,92.66666666666667,86.77777777777777,16.71821429,463.0
2019-02-08,1,2,2019,8,40000.0,25,24.5,,13671,1310,1134.4,2096,,,2096,1138,3113,109089474.12,24369169.03,49891539.46,34478765.629999995,553.1156874756364,144.20539482352942,46.7425,43.14,44.269999999999996,24830746,6384093,87.21428571428571,91.88888888888889,287.7,12760.7,11563.3,29342,94488.6,82413.1,53,14.6,,,83.07407407407408,92.66666666666667,86.77777777777777,16.71821429,463.0
2019-02-09,1,2,2019,9,50000.0,11,24.5,,13671,1310,1134.4,2096,,,2096,1138,3113,109089474.12,24369169.03,49891539.46,34478765.629999995,553.1156874756364,144.20539482352942,46.7425,43.14,44.269999999999996,24830746,6384093,87.21428571428571,91.88888888888889,287.7,12760.7,11563.3,29342,94488.6,82413.1,53,14.6,,,83.07407407407408,92.66666666666667,86.77777777777777,16.71821429,463.0
2019-02-10,1,2,2019,10,60000.0,11,24.5,,13671,1310,1134.4,2096,,,2096,1138,3113,109089474.12,24369169.03,49891539.46,34478765.629999995,553.1156874756364,144.20539482352942,46.7425,43.14,44.269999999999996,24830746,6384093,87.21428571428571,91.88888888888889,287.7,12760.7,11563.3,29342,94488.6,82413.1,53,14.6,,,83.07407407407408,92.66666666666667,86.77777777777777,16.71821429,463.0
2019-02-11,1,2,2019,11,40500.0,38,24.5,,13671,1310,1134.4,2096,,,2096,1138,3113,109089474.12,24369169.03,49891539.46,34478765.629999995,553.1156874756364,144.20539482352942,46.7425,43.14,44.269999999999996,24830746,6384093,87.21428571428571,91.88888888888889,287.7,12760.7,11563.3,29342,94488.6,82413.1,53,14.6,,,83.07407407407408,92.66666666666667,86.77777777777777,16.71821429,463.0
2019-02-12,1,2,2019,12,40000.0,27,24.5,,13671,1310,1134.4,2096,,,2096,1138,3113,109089474.12,24369169.03,49891539.46,34478765.629999995,553.1156874756364,144.20539482352942,46.7425,43.14,44.269999999999996,24830746,6384093,87.21428571428571,91.88888888888889,287.7,12760.7,11563.3,29342,94488.6,82413.1,53,14.6,,,83.07407407407408,92.66666666666667,86.77777777777777,16.71821429,463.0
2019-02-13,1,2,2019,13,47500.0,33,24.5,,13671,1310,1134.4,2096,,,2096,1138,3113,109089474.12,24369169.03,49891539.46,34478765.629999995,553.1156874756364,144.20539482352942,46.7425,43.14,44.269999999999996,24830746,6384093,87.21428571428571,91.88888888888889,287.7,12760.7,11563.3,29342,94488.6,82413.1,53,14.6,,,83.07407407407408,92.66666666666667,86.77777777777777,16.71821429,463.0
2019-02-14,1,2,2019,14,41250.0,24,24.5,,13671,1310,1134.4,2096,,,2096,1138,3113,109089474.12,24369169.03,49891539.46,34478765.629999995,553.1156874756364,144.20539482352942,46.7425,43.14,44.269999999999996,24830746,6384093,87.21428571428571,91.88888888888889,287.7,12760.7,11563.3,29342,94488.6,82413.1,53,14.6,,,83.07407407407408,92.66666666666667,86.77777777777777,16.71821429,463.0
2019-02-15,1,2,2019,15,43750.0,20,24.5,,13671,1310,1134.4,2096,,,2096,1138,3113,109089474.12,24369169.03,49891539.46,34478765.629999995,553.1156874756364,144.20539482352942,46.7425,43.14,44.269999999999996,24830746,6384093,87.21428571428571,91.88888888888889,287.7,12760.7,11563.3,29342,94488.6,82413.1,53,14.6,,,83.07407407407408,92.66666666666667,86.77777777777777,16.71821429,463.0
2019-02-16,1,2,2019,16,53750.0,10,24.5,,13671,1310,1134.4,2096,,,2096,1138,3113,109089474.12,24369169.03,49891539.46,34478765.629999995,553.1156874756364,144.20539482352942,46.7425,43.14,44.269999999999996,24830746,6384093,87.21428571428571,91.88888888888889,287.7,12760.7,11563.3,29342,94488.6,82413.1,53,14.6,,,83.07407407407408,92.66666666666667,86.77777777777777,16.71821429,463.0
2019-02-17,1,2,2019,17,30000.0,8,24.5,,13671,1310,1134.4,2096,,,2096,1138,3113,109089474.12,24369169.03,49891539.46,34478765.629999995,553.1156874756364,144.20539482352942,46.7425,43.14,44.269999999999996,24830746,6384093,87.21428571428571,91.88888888888889,287.7,12760.7,11563.3,29342,94488.6,82413.1,53,14.6,,,83.07407407407408,92.66666666666667,86.77777777777777,16.71821429,463.0
2019-02-18,1,2,2019,18,45000.0,43,24.5,,13671,1310,1134.4,2096,,,2096,1138,3113,109089474.12,24369169.03,49891539.46,34478765.629999995,553.1156874756364,144.20539482352942,46.7425,43.14,44.269999999999996,24830746,6384093,87.21428571428571,91.88888888888889,287.7,12760.7,11563.3,29342,94488.6,82413.1,53,14.6,,,83.07407407407408,92.66666666666667,86.77777777777777,16.71821429,463.0
2019-02-19,1,2,2019,19,40000.0,20,24.5,,13671,1310,1134.4,2096,,,2096,1138,3113,109089474.12,24369169.03,49891539.46,34478765.629999995,553.1156874756364,144.20539482352942,46.7425,43.14,44.269999999999996,24830746,6384093,87.21428571428571,91.88888888888889,287.7,12760.7,11563.3,29342,94488.6,82413.1,53,14.6,,,83.07407407407408,92.66666666666667,86.77777777777777,16.71821429,463.0
2019-02-20,1,2,2019,20,40000.0,31,24.5,,13671,1310,1134.4,2096,,,2096,1138,3113,109089474.12,24369169.03,49891539.46,34478765.629999995,553.1156874756364,144.20539482352942,46.7425,43.14,44.269999999999996,24830746,6384093,87.21428571428571,91.88888888888889,287.7,12760.7,11563.3,29342,94488.6,82413.1,53,14.6,,,83.07407407407408,92.66666666666667,86.77777777777777,16.71821429,463.0
2019-02-21,1,2,2019,21,45000.0,26,24.5,,13671,1310,1134.4,2096,,,2096,1138,3113,109089474.12,24369169.03,49891539.46,34478765.629999995,553.1156874756364,144.20539482352942,46.7425,43.14,44.269999999999996,24830746,6384093,87.21428571428571,91.88888888888889,287.7,12760.7,11563.3,29342,94488.6,82413.1,53,14.6,,,83.07407407407408,92.66666666666667,86.77777777777777,16.71821429,463.0
2019-02-22,1,2,2019,22,35000.0,35,24.5,,13671,1310,1134.4,2096,,,2096,1138,3113,109089474.12,24369169.03,49891539.46,34478765.629999995,553.1156874756364,144.20539482352942,46.7425,43.14,44.269999999999996,24830746,6384093,87.21428571428571,91.88888888888889,287.7,12760.7,11563.3,29342,94488.6,82413.1,53,14.6,,,83.07407407407408,92.66666666666667,86.77777777777777,16.71821429,463.0
2019-02-23,1,2,2019,23,52500.0,7,24.5,,13671,1310,1134.4,2096,,,2096,1138,3113,109089474.12,24369169.03,49891539.46,34478765.629999995,553.1156874756364,144.20539482352942,46.7425,43.14,44.269999999999996,24830746,6384093,87.21428571428571,91.88888888888889,287.7,12760.7,11563.3,29342,94488.6,82413.1,53,14.6,,,83.07407407407408,92.66666666666667,86.77777777777777,16.71821429,463.0
2019-02-24,1,2,2019,24,50000.0,7,24.5,,13671,1310,1134.4,2096,,,2096,1138,3113,109089474.12,24369169.03,49891539.46,34478765.629999995,553.1156874756364,144.20539482352942,46.7425,43.14,44.269999999999996,24830746,6384093,87.21428571428571,91.88888888888889,287.7,12760.7,11563.3,29342,94488.6,82413.1,53,14.6,,,83.07407407407408,92.66666666666667,86.77777777777777,16.71821429,463.0
2019-02-25,1,2,2019,25,36500.0,53,24.5,,13671,1310,1134.4,2096,,,2096,1138,3113,109089474.12,24369169.03,49891539.46,34478765.629999995,553.1156874756364,144.20539482352942,46.7425,43.14,44.269999999999996,24830746,6384093,87.21428571428571,91.88888888888889,287.7,12760.7,11563.3,29342,94488.6,82413.1,53,14.6,,,83.07407407407408,92.66666666666667,86.77777777777777,16.71821429,463.0
2019-02-26,1,2,2019,26,45000.0,31,24.5,,13671,1310,1134.4,2096,,,2096,1138,3113,109089474.12,24369169.03,49891539.46,34478765.629999995,553.1156874756364,144.20539482352942,46.7425,43.14,44.269999999999996,24830746,6384093,87.21428571428571,91.88888888888889,287.7,12760.7,11563.3,29342,94488.6,82413.1,53,14.6,,,83.07407407407408,92.66666666666667,86.77777777777777,16.71821429,463.0
2019-02-27,1,2,2019,27,40000.0,23,24.5,,13671,1310,1134.4,2096,,,2096,1138,3113,109089474.12,24369169.03,49891539.46,34478765.629999995,553.1156874756364,144.20539482352942,46.7425,43.14,44.269999999999996,24830746,6384093,87.21428571428571,91.88888888888889,287.7,12760.7,11563.3,29342,94488.6,82413.1,53,14.6,,,83.07407407407408,92.66666666666667,86.77777777777777,16.71821429,463.0
2019-02-28,1,2,2019,28,40500.0,37,24.5,,13671,1310,1134.4,2096,,,2096,1138,3113,109089474.12,24369169.03,49891539.46,34478765.629999995,553.1156874756364,144.20539482352942,46.7425,43.14,44.269999999999996,24830746,6384093,87.21428571428571,91.88888888888889,287.7,12760.7,11563.3,29342,94488.6,82413.1,53,14.6,,,83.07407407407408,92.66666666666667,86.77777777777777,16.71821429,463.0
2019-03-01,1,3,2019,1,36500.0,28,24.5,,15469,1310,1134.4,2146,,,2146,1133,3077,366210929.01,33925861.70999999,98315034.55999999,233432631.79000002,553.1156874756364,144.20539482352942,46.72,43.11,44.129999999999995,24830746,6384093,98.16129032258064,98.29032258064517,285.4,12594.6,9351.1,28738.1,92922.8,79593,53,14.6,,,88.80645161290323,100.45161290322581,90.45161290322581,15.86677419,463.0
2019-03-02,1,3,2019,2,42500.0,9,24.5,,15469,1310,1134.4,2146,,,2146,1133,3077,366210929.01,33925861.70999999,98315034.55999999,233432631.79000002,553.1156874756364,144.20539482352942,46.72,43.11,44.129999999999995,24830746,6384093,98.16129032258064,98.29032258064517,285.4,12594.6,9351.1,28738.1,92922.8,79593,53,14.6,,,88.80645161290323,100.45161290322581,90.45161290322581,15.86677419,463.0
2019-03-03,1,3,2019,3,50000.0,7,24.5,,15469,1310,1134.4,2146,,,2146,1133,3077,366210929.01,33925861.70999999,98315034.55999999,233432631.79000002,553.1156874756364,144.20539482352942,46.72,43.11,44.129999999999995,24830746,6384093,98.16129032258064,98.29032258064517,285.4,12594.6,9351.1,28738.1,92922.8,79593,53,14.6,,,88.80645161290323,100.45161290322581,90.45161290322581,15.86677419,463.0
2019-03-04,1,3,2019,4,40000.0,30,24.5,,15469,1310,1134.4,2146,,,2146,1133,3077,366210929.01,33925861.70999999,98315034.55999999,233432631.79000002,553.1156874756364,144.20539482352942,46.72,43.11,44.129999999999995,24830746,6384093,98.16129032258064,98.29032258064517,285.4,12594.6,9351.1,28738.1,92922.8,79593,53,14.6,,,88.80645161290323,100.45161290322581,90.45161290322581,15.86677419,463.0
2019-03-05,1,3,2019,5,38910.0,19,24.5,,15469,1310,1134.4,2146,,,2146,1133,3077,366210929.01,33925861.70999999,98315034.55999999,233432631.79000002,553.1156874756364,144.20539482352942,46.72,43.11,44.129999999999995,24830746,6384093,98.16129032258064,98.29032258064517,285.4,12594.6,9351.1,28738.1,92922.8,79593,53,14.6,,,88.80645161290323,100.45161290322581,90.45161290322581,15.86677419,463.0
2019-03-06,1,3,2019,6,50000.0,19,24.5,,15469,1310,1134.4,2146,,,2146,1133,3077,366210929.01,33925861.70999999,98315034.55999999,233432631.79000002,553.1156874756364,144.20539482352942,46.72,43.11,44.129999999999995,24830746,6384093,98.16129032258064,98.29032258064517,285.4,12594.6,9351.1,28738.1,92922.8,79593,53,14.6,,,88.80645161290323,100.45161290322581,90.45161290322581,15.86677419,463.0
2019-03-07,1,3,2019,7,50000.0,23,24.5,,15469,1310,1134.4,2146,,,2146,1133,3077,366210929.01,33925861.70999999,98315034.55999999,233432631.79000002,553.1156874756364,144.20539482352942,46.72,43.11,44.129999999999995,24830746,6384093,98.16129032258064,98.29032258064517,285.4,12594.6,9351.1,28738.1,92922.8,79593,53,14.6,,,88.80645161290323,100.45161290322581,90.45161290322581,15.86677419,463.0
2019-03-08,1,3,2019,8,46250.0,8,24.5,,15469,1310,1134.4,2146,,,2146,1133,3077,366210929.01,33925861.70999999,98315034.55999999,233432631.79000002,553.1156874756364,144.20539482352942,46.72,43.11,44.129999999999995,24830746,6384093,98.16129032258064,98.29032258064517,285.4,12594.6,9351.1,28738.1,92922.8,79593,53,14.6,,,88.80645161290323,100.45161290322581,90.45161290322581,15.86677419,463.0
2019-03-09,1,3,2019,9,47500.0,6,24.5,,15469,1310,1134.4,2146,,,2146,1133,3077,366210929.01,33925861.70999999,98315034.55999999,233432631.79000002,553.1156874756364,144.20539482352942,46.72,43.11,44.129999999999995,24830746,6384093,98.16129032258064,98.29032258064517,285.4,12594.6,9351.1,28738.1,92922.8,79593,53,14.6,,,88.80645161290323,100.45161290322581,90.45161290322581,15.86677419,463.0
2019-03-10,1,3,2019,10,50000.0,8,24.5,,15469,1310,1134.4,2146,,,2146,1133,3077,366210929.01,33925861.70999999,98315034.55999999,233432631.79000002,553.1156874756364,144.20539482352942,46.72,43.11,44.129999999999995,24830746,6384093,98.16129032258064,98.29032258064517,285.4,12594.6,9351.1,28738.1,92922.8,79593,53,14.6,,,88.80645161290323,100.45161290322581,90.45161290322581,15.86677419,463.0
2019-03-11,1,3,2019,11,40000.0,40,24.5,,15469,1310,1134.4,2146,,,2146,1133,3077,366210929.01,33925861.70999999,98315034.55999999,233432631.79000002,553.1156874756364,144.20539482352942,46.72,43.11,44.129999999999995,24830746,6384093,98.16129032258064,98.29032258064517,285.4,12594.6,9351.1,28738.1,92922.8,79593,53,14.6,,,88.80645161290323,100.45161290322581,90.45161290322581,15.86677419,463.0
2019-03-12,1,3,2019,12,45000.0,15,24.5,,15469,1310,1134.4,2146,,,2146,1133,3077,366210929.01,33925861.70999999,98315034.55999999,233432631.79000002,553.1156874756364,144.20539482352942,46.72,43.11,44.129999999999995,24830746,6384093,98.16129032258064,98.29032258064517,285.4,12594.6,9351.1,28738.1,92922.8,79593,53,14.6,,,88.80645161290323,100.45161290322581,90.45161290322581,15.86677419,463.0
2019-03-13,1,3,2019,13,40000.0,31,24.5,,15469,1310,1134.4,2146,,,2146,1133,3077,366210929.01,33925861.70999999,98315034.55999999,233432631.79000002,553.1156874756364,144.20539482352942,46.72,43.11,44.129999999999995,24830746,6384093,98.16129032258064,98.29032258064517,285.4,12594.6,9351.1,28738.1,92922.8,79593,53,14.6,,,88.80645161290323,100.45161290322581,90.45161290322581,15.86677419,463.0
2019-03-14,1,3,2019,14,45000.0,35,24.5,,15469,1310,1134.4,2146,,,2146,1133,3077,366210929.01,33925861.70999999,98315034.55999999,233432631.79000002,553.1156874756364,144.20539482352942,46.72,43.11,44.129999999999995,24830746,6384093,98.16129032258064,98.29032258064517,285.4,12594.6,9351.1,28738.1,92922.8,79593,53,14.6,,,88.80645161290323,100.45161290322581,90.45161290322581,15.86677419,463.0
2019-03-15,1,3,2019,15,45000.0,23,24.5,,15469,1310,1134.4,2146,,,2146,1133,3077,366210929.01,33925861.70999999,98315034.55999999,233432631.79000002,553.1156874756364,144.20539482352942,46.72,43.11,44.129999999999995,24830746,6384093,98.16129032258064,98.29032258064517,285.4,12594.6,9351.1,28738.1,92922.8,79593,53,14.6,,,88.80645161290323,100.45161290322581,90.45161290322581,15.86677419,463.0
2019-03-16,1,3,2019,16,30000.0,7,24.5,,15469,1310,1134.4,2146,,,2146,1133,3077,366210929.01,33925861.70999999,98315034.55999999,233432631.79000002,553.1156874756364,144.20539482352942,46.72,43.11,44.129999999999995,24830746,6384093,98.16129032258064,98.29032258064517,285.4,12594.6,9351.1,28738.1,92922.8,79593,53,14.6,,,88.80645161290323,100.45161290322581,90.45161290322581,15.86677419,463.0
2019-03-17,1,3,2019,17,45000.0,9,24.5,,15469,1310,1134.4,2146,,,2146,1133,3077,366210929.01,33925861.70999999,98315034.55999999,233432631.79000002,553.1156874756364,144.20539482352942,46.72,43.11,44.129999999999995,24830746,6384093,98.16129032258064,98.29032258064517,285.4,12594.6,9351.1,28738.1,92922.8,79593,53,14.6,,,88.80645161290323,100.45161290322581,90.45161290322581,15.86677419,463.0
2019-03-18,1,3,2019,18,47500.0,47,24.5,,15469,1310,1134.4,2146,,,2146,1133,3077,366210929.01,33925861.70999999,98315034.55999999,233432631.79000002,553.1156874756364,144.20539482352942,46.72,43.11,44.129999999999995,24830746,6384093,98.16129032258064,98.29032258064517,285.4,12594.6,9351.1,28738.1,92922.8,79593,53,14.6,,,88.80645161290323,100.45161290322581,90.45161290322581,15.86677419,463.0
2019-03-19,1,3,2019,19,42750.0,22,24.5,,15469,1310,1134.4,2146,,,2146,1133,3077,366210929.01,33925861.70999999,98315034.55999999,233432631.79000002,553.1156874756364,144.20539482352942,46.72,43.11,44.129999999999995,24830746,6384093,98.16129032258064,98.29032258064517,285.4,12594.6,9351.1,28738.1,92922.8,79593,53,14.6,,,88.80645161290323,100.45161290322581,90.45161290322581,15.86677419,463.0
2019-03-20,1,3,2019,20,50000.0,29,24.5,,15469,1310,1134.4,2146,,,2146,1133,3077,366210929.01,33925861.70999999,98315034.55999999,233432631.79000002,553.1156874756364,144.20539482352942,46.72,43.11,44.129999999999995,24830746,6384093,98.16129032258064,98.29032258064517,285.4,12594.6,9351.1,28738.1,92922.8,79593,53,14.6,,,88.80645161290323,100.45161290322581,90.45161290322581,15.86677419,463.0
2019-03-21,1,3,2019,21,50000.0,21,24.5,,15469,1310,1134.4,2146,,,2146,1133,3077,366210929.01,33925861.70999999,98315034.55999999,233432631.79000002,553.1156874756364,144.20539482352942,46.72,43.11,44.129999999999995,24830746,6384093,98.16129032258064,98.29032258064517,285.4,12594.6,9351.1,28738.1,92922.8,79593,53,14.6,,,88.80645161290323,100.45161290322581,90.45161290322581,15.86677419,463.0
2019-03-22,1,3,2019,22,50000.0,33,24.5,,15469,1310,1134.4,2146,,,2146,1133,3077,366210929.01,33925861.70999999,98315034.55999999,233432631.79000002,553.1156874756364,144.20539482352942,46.72,43.11,44.129999999999995,24830746,6384093,98.16129032258064,98.29032258064517,285.4,12594.6,9351.1,28738.1,92922.8,79593,53,14.6,,,88.80645161290323,100.45161290322581,90.45161290322581,15.86677419,463.0
2019-03-23,1,3,2019,23,60000.0,1,24.5,,15469,1310,1134.4,2146,,,2146,1133,3077,366210929.01,33925861.70999999,98315034.55999999,233432631.79000002,553.1156874756364,144.20539482352942,46.72,43.11,44.129999999999995,24830746,6384093,98.16129032258064,98.29032258064517,285.4,12594.6,9351.1,28738.1,92922.8,79593,53,14.6,,,88.80645161290323,100.45161290322581,90.45161290322581,15.86677419,463.0
2019-03-24,1,3,2019,24,43750.0,14,24.5,,15469,1310,1134.4,2146,,,2146,1133,3077,366210929.01,33925861.70999999,98315034.55999999,233432631.79000002,553.1156874756364,144.20539482352942,46.72,43.11,44.129999999999995,24830746,6384093,98.16129032258064,98.29032258064517,285.4,12594.6,9351.1,28738.1,92922.8,79593,53,14.6,,,88.80645161290323,100.45161290322581,90.45161290322581,15.86677419,463.0
2019-03-25,1,3,2019,25,50000.0,31,24.5,,15469,1310,1134.4,2146,,,2146,1133,3077,366210929.01,33925861.70999999,98315034.55999999,233432631.79000002,553.1156874756364,144.20539482352942,46.72,43.11,44.129999999999995,24830746,6384093,98.16129032258064,98.29032258064517,285.4,12594.6,9351.1,28738.1,92922.8,79593,53,14.6,,,88.80645161290323,100.45161290322581,90.45161290322581,15.86677419,463.0
2019-03-26,1,3,2019,26,40000.0,23,24.5,,15469,1310,1134.4,2146,,,2146,1133,3077,366210929.01,33925861.70999999,98315034.55999999,233432631.79000002,553.1156874756364,144.20539482352942,46.72,43.11,44.129999999999995,24830746,6384093,98.16129032258064,98.29032258064517,285.4,12594.6,9351.1,28738.1,92922.8,79593,53,14.6,,,88.80645161290323,100.45161290322581,90.45161290322581,15.86677419,463.0
2019-03-27,1,3,2019,27,50000.0,27,24.5,,15469,1310,1134.4,2146,,,2146,1133,3077,366210929.01,33925861.70999999,98315034.55999999,233432631.79000002,553.1156874756364,144.20539482352942,46.72,43.11,44.129999999999995,24830746,6384093,98.16129032258064,98.29032258064517,285.4,12594.6,9351.1,28738.1,92922.8,79593,53,14.6,,,88.80645161290323,100.45161290322581,90.45161290322581,15.86677419,463.0
2019-03-28,1,3,2019,28,40000.0,25,24.5,,15469,1310,1134.4,2146,,,2146,1133,3077,366210929.01,33925861.70999999,98315034.55999999,233432631.79000002,553.1156874756364,144.20539482352942,46.72,43.11,44.129999999999995,24830746,6384093,98.16129032258064,98.29032258064517,285.4,12594.6,9351.1,28738.1,92922.8,79593,53,14.6,,,88.80645161290323,100.45161290322581,90.45161290322581,15.86677419,463.0
2019-03-29,1,3,2019,29,40000.0,17,24.5,,15469,1310,1134.4,2146,,,2146,1133,3077,366210929.01,33925861.70999999,98315034.55999999,233432631.79000002,553.1156874756364,144.20539482352942,46.72,43.11,44.129999999999995,24830746,6384093,98.16129032258064,98.29032258064517,285.4,12594.6,9351.1,28738.1,92922.8,79593,53,14.6,,,88.80645161290323,100.45161290322581,90.45161290322581,15.86677419,463.0
2019-03-30,1,3,2019,30,40000.0,6,24.5,,15469,1310,1134.4,2146,,,2146,1133,3077,366210929.01,33925861.70999999,98315034.55999999,233432631.79000002,553.1156874756364,144.20539482352942,46.72,43.11,44.129999999999995,24830746,6384093,98.16129032258064,98.29032258064517,285.4,12594.6,9351.1,28738.1,92922.8,79593,53,14.6,,,88.80645161290323,100.45161290322581,90.45161290322581,15.86677419,463.0
2019-03-31,1,3,2019,31,65000.0,7,24.5,,15469,1310,1134.4,2146,,,2146,1133,3077,366210929.01,33925861.70999999,98315034.55999999,233432631.79000002,553.1156874756364,144.20539482352942,46.72,43.11,44.129999999999995,24830746,6384093,98.16129032258064,98.29032258064517,285.4,12594.6,9351.1,28738.1,92922.8,79593,53,14.6,,,88.80645161290323,100.45161290322581,90.45161290322581,15.86677419,463.0
2019-04-01,2,4,2019,1,40000.0,50,58.7,,15593,1556.4,1188,2075,,,2075,1130,3245,150261949.85999995,63089831.56000002,58568576.09,27824134.76999998,580.1155596635549,270.2041546385918,46.739999999999995,43.1125,43.99250000000001,26151126,11934242,107.2,100.2,263.6,1116.6,8890,26876,98511.1,82970.4,131.3,57.699999999999996,,,98.33333333333333,100.43333333333334,90.5,15.89733333,463.0
2019-04-02,2,4,2019,2,47750.0,35,58.7,,15593,1556.4,1188,2075,,,2075,1130,3245,150261949.85999995,63089831.56000002,58568576.09,27824134.76999998,580.1155596635549,270.2041546385918,46.739999999999995,43.1125,43.99250000000001,26151126,11934242,107.2,100.2,263.6,1116.6,8890,26876,98511.1,82970.4,131.3,57.699999999999996,,,98.33333333333333,100.43333333333334,90.5,15.89733333,463.0
2019-04-03,2,4,2019,3,45000.0,35,58.7,,15593,1556.4,1188,2075,,,2075,1130,3245,150261949.85999995,63089831.56000002,58568576.09,27824134.76999998,580.1155596635549,270.2041546385918,46.739999999999995,43.1125,43.99250000000001,26151126,11934242,107.2,100.2,263.6,1116.6,8890,26876,98511.1,82970.4,131.3,57.699999999999996,,,98.33333333333333,100.43333333333334,90.5,15.89733333,463.0
2019-04-04,2,4,2019,4,45000.0,35,58.7,,15593,1556.4,1188,2075,,,2075,1130,3245,150261949.85999995,63089831.56000002,58568576.09,27824134.76999998,580.1155596635549,270.2041546385918,46.739999999999995,43.1125,43.99250000000001,26151126,11934242,107.2,100.2,263.6,1116.6,8890,26876,98511.1,82970.4,131.3,57.699999999999996,,,98.33333333333333,100.43333333333334,90.5,15.89733333,463.0
2019-04-05,2,4,2019,5,46250.0,20,58.7,,15593,1556.4,1188,2075,,,2075,1130,3245,150261949.85999995,63089831.56000002,58568576.09,27824134.76999998,580.1155596635549,270.2041546385918,46.739999999999995,43.1125,43.99250000000001,26151126,11934242,107.2,100.2,263.6,1116.6,8890,26876,98511.1,82970.4,131.3,57.699999999999996,,,98.33333333333333,100.43333333333334,90.5,15.89733333,463.0
2019-04-06,2,4,2019,6,50000.0,7,58.7,,15593,1556.4,1188,2075,,,2075,1130,3245,150261949.85999995,63089831.56000002,58568576.09,27824134.76999998,580.1155596635549,270.2041546385918,46.739999999999995,43.1125,43.99250000000001,26151126,11934242,107.2,100.2,263.6,1116.6,8890,26876,98511.1,82970.4,131.3,57.699999999999996,,,98.33333333333333,100.43333333333334,90.5,15.89733333,463.0
2019-04-07,2,4,2019,7,50000.0,6,58.7,,15593,1556.4,1188,2075,,,2075,1130,3245,150261949.85999995,63089831.56000002,58568576.09,27824134.76999998,580.1155596635549,270.2041546385918,46.739999999999995,43.1125,43.99250000000001,26151126,11934242,107.2,100.2,263.6,1116.6,8890,26876,98511.1,82970.4,131.3,57.699999999999996,,,98.33333333333333,100.43333333333334,90.5,15.89733333,463.0
2019-04-08,2,4,2019,8,40000.0,51,58.7,,15593,1556.4,1188,2075,,,2075,1130,3245,150261949.85999995,63089831.56000002,58568576.09,27824134.76999998,580.1155596635549,270.2041546385918,46.739999999999995,43.1125,43.99250000000001,26151126,11934242,107.2,100.2,263.6,1116.6,8890,26876,98511.1,82970.4,131.3,57.699999999999996,,,98.33333333333333,100.43333333333334,90.5,15.89733333,463.0
2019-04-09,2,4,2019,9,45000.0,30,58.7,,15593,1556.4,1188,2075,,,2075,1130,3245,150261949.85999995,63089831.56000002,58568576.09,27824134.76999998,580.1155596635549,270.2041546385918,46.739999999999995,43.1125,43.99250000000001,26151126,11934242,107.2,100.2,263.6,1116.6,8890,26876,98511.1,82970.4,131.3,57.699999999999996,,,98.33333333333333,100.43333333333334,90.5,15.89733333,463.0
2019-04-10,2,4,2019,10,40000.0,36,58.7,,15593,1556.4,1188,2075,,,2075,1130,3245,150261949.85999995,63089831.56000002,58568576.09,27824134.76999998,580.1155596635549,270.2041546385918,46.739999999999995,43.1125,43.99250000000001,26151126,11934242,107.2,100.2,263.6,1116.6,8890,26876,98511.1,82970.4,131.3,57.699999999999996,,,98.33333333333333,100.43333333333334,90.5,15.89733333,463.0
2019-04-11,2,4,2019,11,42000.0,33,58.7,,15593,1556.4,1188,2075,,,2075,1130,3245,150261949.85999995,63089831.56000002,58568576.09,27824134.76999998,580.1155596635549,270.2041546385918,46.739999999999995,43.1125,43.99250000000001,26151126,11934242,107.2,100.2,263.6,1116.6,8890,26876,98511.1,82970.4,131.3,57.699999999999996,,,98.33333333333333,100.43333333333334,90.5,15.89733333,463.0
2019-04-12,2,4,2019,12,50000.0,46,58.7,,15593,1556.4,1188,2075,,,2075,1130,3245,150261949.85999995,63089831.56000002,58568576.09,27824134.76999998,580.1155596635549,270.2041546385918,46.739999999999995,43.1125,43.99250000000001,26151126,11934242,107.2,100.2,263.6,1116.6,8890,26876,98511.1,82970.4,131.3,57.699999999999996,,,98.33333333333333,100.43333333333334,90.5,15.89733333,463.0
2019-04-13,2,4,2019,13,51250.0,10,58.7,,15593,1556.4,1188,2075,,,2075,1130,3245,150261949.85999995,63089831.56000002,58568576.09,27824134.76999998,580.1155596635549,270.2041546385918,46.739999999999995,43.1125,43.99250000000001,26151126,11934242,107.2,100.2,263.6,1116.6,8890,26876,98511.1,82970.4,131.3,57.699999999999996,,,98.33333333333333,100.43333333333334,90.5,15.89733333,463.0
2019-04-14,2,4,2019,14,41750.0,4,58.7,,15593,1556.4,1188,2075,,,2075,1130,3245,150261949.85999995,63089831.56000002,58568576.09,27824134.76999998,580.1155596635549,270.2041546385918,46.739999999999995,43.1125,43.99250000000001,26151126,11934242,107.2,100.2,263.6,1116.6,8890,26876,98511.1,82970.4,131.3,57.699999999999996,,,98.33333333333333,100.43333333333334,90.5,15.89733333,463.0
2019-04-15,2,4,2019,15,45000.0,53,58.7,,15593,1556.4,1188,2075,,,2075,1130,3245,150261949.85999995,63089831.56000002,58568576.09,27824134.76999998,580.1155596635549,270.2041546385918,46.739999999999995,43.1125,43.99250000000001,26151126,11934242,107.2,100.2,263.6,1116.6,8890,26876,98511.1,82970.4,131.3,57.699999999999996,,,98.33333333333333,100.43333333333334,90.5,15.89733333,463.0
2019-04-16,2,4,2019,16,42500.0,26,58.7,,15593,1556.4,1188,2075,,,2075,1130,3245,150261949.85999995,63089831.56000002,58568576.09,27824134.76999998,580.1155596635549,270.2041546385918,46.739999999999995,43.1125,43.99250000000001,26151126,11934242,107.2,100.2,263.6,1116.6,8890,26876,98511.1,82970.4,131.3,57.699999999999996,,,98.33333333333333,100.43333333333334,90.5,15.89733333,463.0
2019-04-17,2,4,2019,17,40000.0,21,58.7,,15593,1556.4,1188,2075,,,2075,1130,3245,150261949.85999995,63089831.56000002,58568576.09,27824134.76999998,580.1155596635549,270.2041546385918,46.739999999999995,43.1125,43.99250000000001,26151126,11934242,107.2,100.2,263.6,1116.6,8890,26876,98511.1,82970.4,131.3,57.699999999999996,,,98.33333333333333,100.43333333333334,90.5,15.89733333,463.0
2019-04-18,2,4,2019,18,45000.0,31,58.7,,15593,1556.4,1188,2075,,,2075,1130,3245,150261949.85999995,63089831.56000002,58568576.09,27824134.76999998,580.1155596635549,270.2041546385918,46.739999999999995,43.1125,43.99250000000001,26151126,11934242,107.2,100.2,263.6,1116.6,8890,26876,98511.1,82970.4,131.3,57.699999999999996,,,98.33333333333333,100.43333333333334,90.5,15.89733333,463.0
2019-04-19,2,4,2019,19,42500.0,32,58.7,,15593,1556.4,1188,2075,,,2075,1130,3245,150261949.85999995,63089831.56000002,58568576.09,27824134.76999998,580.1155596635549,270.2041546385918,46.739999999999995,43.1125,43.99250000000001,26151126,11934242,107.2,100.2,263.6,1116.6,8890,26876,98511.1,82970.4,131.3,57.699999999999996,,,98.33333333333333,100.43333333333334,90.5,15.89733333,463.0
2019-04-20,2,4,2019,20,42500.0,9,58.7,,15593,1556.4,1188,2075,,,2075,1130,3245,150261949.85999995,63089831.56000002,58568576.09,27824134.76999998,580.1155596635549,270.2041546385918,46.739999999999995,43.1125,43.99250000000001,26151126,11934242,107.2,100.2,263.6,1116.6,8890,26876,98511.1,82970.4,131.3,57.699999999999996,,,98.33333333333333,100.43333333333334,90.5,15.89733333,463.0
2019-04-21,2,4,2019,21,53750.0,4,58.7,,15593,1556.4,1188,2075,,,2075,1130,3245,150261949.85999995,63089831.56000002,58568576.09,27824134.76999998,580.1155596635549,270.2041546385918,46.739999999999995,43.1125,43.99250000000001,26151126,11934242,107.2,100.2,263.6,1116.6,8890,26876,98511.1,82970.4,131.3,57.699999999999996,,,98.33333333333333,100.43333333333334,90.5,15.89733333,463.0
2019-04-22,2,4,2019,22,45000.0,31,58.7,,15593,1556.4,1188,2075,,,2075,1130,3245,150261949.85999995,63089831.56000002,58568576.09,27824134.76999998,580.1155596635549,270.2041546385918,46.739999999999995,43.1125,43.99250000000001,26151126,11934242,107.2,100.2,263.6,1116.6,8890,26876,98511.1,82970.4,131.3,57.699999999999996,,,98.33333333333333,100.43333333333334,90.5,15.89733333,463.0
2019-04-23,2,4,2019,23,46250.0,16,58.7,,15593,1556.4,1188,2075,,,2075,1130,3245,150261949.85999995,63089831.56000002,58568576.09,27824134.76999998,580.1155596635549,270.2041546385918,46.739999999999995,43.1125,43.99250000000001,26151126,11934242,107.2,100.2,263.6,1116.6,8890,26876,98511.1,82970.4,131.3,57.699999999999996,,,98.33333333333333,100.43333333333334,90.5,15.89733333,463.0
2019-04-24,2,4,2019,24,45000.0,31,58.7,,15593,1556.4,1188,2075,,,2075,1130,3245,150261949.85999995,63089831.56000002,58568576.09,27824134.76999998,580.1155596635549,270.2041546385918,46.739999999999995,43.1125,43.99250000000001,26151126,11934242,107.2,100.2,263.6,1116.6,8890,26876,98511.1,82970.4,131.3,57.699999999999996,,,98.33333333333333,100.43333333333334,90.5,15.89733333,463.0
2019-04-25,2,4,2019,25,40500.0,17,58.7,,15593,1556.4,1188,2075,,,2075,1130,3245,150261949.85999995,63089831.56000002,58568576.09,27824134.76999998,580.1155596635549,270.2041546385918,46.739999999999995,43.1125,43.99250000000001,26151126,11934242,107.2,100.2,263.6,1116.6,8890,26876,98511.1,82970.4,131.3,57.699999999999996,,,98.33333333333333,100.43333333333334,90.5,15.89733333,463.0
2019-04-26,2,4,2019,26,41500.0,34,58.7,,15593,1556.4,1188,2075,,,2075,1130,3245,150261949.85999995,63089831.56000002,58568576.09,27824134.76999998,580.1155596635549,270.2041546385918,46.739999999999995,43.1125,43.99250000000001,26151126,11934242,107.2,100.2,263.6,1116.6,8890,26876,98511.1,82970.4,131.3,57.699999999999996,,,98.33333333333333,100.43333333333334,90.5,15.89733333,463.0
2019-04-27,2,4,2019,27,40000.0,3,58.7,,15593,1556.4,1188,2075,,,2075,1130,3245,150261949.85999995,63089831.56000002,58568576.09,27824134.76999998,580.1155596635549,270.2041546385918,46.739999999999995,43.1125,43.99250000000001,26151126,11934242,107.2,100.2,263.6,1116.6,8890,26876,98511.1,82970.4,131.3,57.699999999999996,,,98.33333333333333,100.43333333333334,90.5,15.89733333,463.0
2019-04-28,2,4,2019,28,45000.0,6,58.7,,15593,1556.4,1188,2075,,,2075,1130,3245,150261949.85999995,63089831.56000002,58568576.09,27824134.76999998,580.1155596635549,270.2041546385918,46.739999999999995,43.1125,43.99250000000001,26151126,11934242,107.2,100.2,263.6,1116.6,8890,26876,98511.1,82970.4,131.3,57.699999999999996,,,98.33333333333333,100.43333333333334,90.5,15.89733333,463.0
2019-04-29,2,4,2019,29,50000.0,27,58.7,,15593,1556.4,1188,2075,,,2075,1130,3245,150261949.85999995,63089831.56000002,58568576.09,27824134.76999998,580.1155596635549,270.2041546385918,46.739999999999995,43.1125,43.99250000000001,26151126,11934242,107.2,100.2,263.6,1116.6,8890,26876,98511.1,82970.4,131.3,57.699999999999996,,,98.33333333333333,100.43333333333334,90.5,15.89733333,463.0
2019-04-30,2,4,2019,30,40000.0,19,58.7,,15593,1556.4,1188,2075,,,2075,1130,3245,150261949.85999995,63089831.56000002,58568576.09,27824134.76999998,580.1155596635549,270.2041546385918,46.739999999999995,43.1125,43.99250000000001,26151126,11934242,107.2,100.2,263.6,1116.6,8890,26876,98511.1,82970.4,131.3,57.699999999999996,,,98.33333333333333,100.43333333333334,90.5,15.89733333,463.0
2019-05-01,2,5,2019,1,56250.0,12,58.7,,29950,1556.4,1188,1891,,,1891,1036,2681,395255171.55999994,41357346.649999976,115799589.92000002,237617364.53000003,580.1155596635549,270.2041546385918,46.8925,43.160000000000004,44.102500000000006,26151126,11934242,100.16129032258064,100.29032258064517,259.9,1072.2,750.2,28995.9,96259.4,72358.5,131.3,57.699999999999996,,,96.96774193548387,88.2258064516129,100.45161290322581,14.79,463.0
2019-05-02,2,5,2019,2,47500.0,11,58.7,,29950,1556.4,1188,1891,,,1891,1036,2681,395255171.55999994,41357346.649999976,115799589.92000002,237617364.53000003,580.1155596635549,270.2041546385918,46.8925,43.160000000000004,44.102500000000006,26151126,11934242,100.16129032258064,100.29032258064517,259.9,1072.2,750.2,28995.9,96259.4,72358.5,131.3,57.699999999999996,,,96.96774193548387,88.2258064516129,100.45161290322581,14.79,463.0
2019-05-03,2,5,2019,3,41250.0,10,58.7,,29950,1556.4,1188,1891,,,1891,1036,2681,395255171.55999994,41357346.649999976,115799589.92000002,237617364.53000003,580.1155596635549,270.2041546385918,46.8925,43.160000000000004,44.102500000000006,26151126,11934242,100.16129032258064,100.29032258064517,259.9,1072.2,750.2,28995.9,96259.4,72358.5,131.3,57.699999999999996,,,96.96774193548387,88.2258064516129,100.45161290322581,14.79,463.0
2019-05-04,2,5,2019,4,50000.0,7,58.7,,29950,1556.4,1188,1891,,,1891,1036,2681,395255171.55999994,41357346.649999976,115799589.92000002,237617364.53000003,580.1155596635549,270.2041546385918,46.8925,43.160000000000004,44.102500000000006,26151126,11934242,100.16129032258064,100.29032258064517,259.9,1072.2,750.2,28995.9,96259.4,72358.5,131.3,57.699999999999996,,,96.96774193548387,88.2258064516129,100.45161290322581,14.79,463.0
2019-05-05,2,5,2019,5,35000.0,11,58.7,,29950,1556.4,1188,1891,,,1891,1036,2681,395255171.55999994,41357346.649999976,115799589.92000002,237617364.53000003,580.1155596635549,270.2041546385918,46.8925,43.160000000000004,44.102500000000006,26151126,11934242,100.16129032258064,100.29032258064517,259.9,1072.2,750.2,28995.9,96259.4,72358.5,131.3,57.699999999999996,,,96.96774193548387,88.2258064516129,100.45161290322581,14.79,463.0
2019-05-06,2,5,2019,6,42500.0,35,58.7,,29950,1556.4,1188,1891,,,1891,1036,2681,395255171.55999994,41357346.649999976,115799589.92000002,237617364.53000003,580.1155596635549,270.2041546385918,46.8925,43.160000000000004,44.102500000000006,26151126,11934242,100.16129032258064,100.29032258064517,259.9,1072.2,750.2,28995.9,96259.4,72358.5,131.3,57.699999999999996,,,96.96774193548387,88.2258064516129,100.45161290322581,14.79,463.0
2019-05-07,2,5,2019,7,50000.0,24,58.7,,29950,1556.4,1188,1891,,,1891,1036,2681,395255171.55999994,41357346.649999976,115799589.92000002,237617364.53000003,580.1155596635549,270.2041546385918,46.8925,43.160000000000004,44.102500000000006,26151126,11934242,100.16129032258064,100.29032258064517,259.9,1072.2,750.2,28995.9,96259.4,72358.5,131.3,57.699999999999996,,,96.96774193548387,88.2258064516129,100.45161290322581,14.79,463.0
2019-05-08,2,5,2019,8,40000.0,32,58.7,,29950,1556.4,1188,1891,,,1891,1036,2681,395255171.55999994,41357346.649999976,115799589.92000002,237617364.53000003,580.1155596635549,270.2041546385918,46.8925,43.160000000000004,44.102500000000006,26151126,11934242,100.16129032258064,100.29032258064517,259.9,1072.2,750.2,28995.9,96259.4,72358.5,131.3,57.699999999999996,,,96.96774193548387,88.2258064516129,100.45161290322581,14.79,463.0
2019-05-09,2,5,2019,9,52500.0,6,58.7,,29950,1556.4,1188,1891,,,1891,1036,2681,395255171.55999994,41357346.649999976,115799589.92000002,237617364.53000003,580.1155596635549,270.2041546385918,46.8925,43.160000000000004,44.102500000000006,26151126,11934242,100.16129032258064,100.29032258064517,259.9,1072.2,750.2,28995.9,96259.4,72358.5,131.3,57.699999999999996,,,96.96774193548387,88.2258064516129,100.45161290322581,14.79,463.0
2019-05-10,2,5,2019,10,60000.0,10,58.7,,29950,1556.4,1188,1891,,,1891,1036,2681,395255171.55999994,41357346.649999976,115799589.92000002,237617364.53000003,580.1155596635549,270.2041546385918,46.8925,43.160000000000004,44.102500000000006,26151126,11934242,100.16129032258064,100.29032258064517,259.9,1072.2,750.2,28995.9,96259.4,72358.5,131.3,57.699999999999996,,,96.96774193548387,88.2258064516129,100.45161290322581,14.79,463.0
2019-05-11,2,5,2019,11,52500.0,10,58.7,,29950,1556.4,1188,1891,,,1891,1036,2681,395255171.55999994,41357346.649999976,115799589.92000002,237617364.53000003,580.1155596635549,270.2041546385918,46.8925,43.160000000000004,44.102500000000006,26151126,11934242,100.16129032258064,100.29032258064517,259.9,1072.2,750.2,28995.9,96259.4,72358.5,131.3,57.699999999999996,,,96.96774193548387,88.2258064516129,100.45161290322581,14.79,463.0
2019-05-12,2,5,2019,12,46250.0,8,58.7,,29950,1556.4,1188,1891,,,1891,1036,2681,395255171.55999994,41357346.649999976,115799589.92000002,237617364.53000003,580.1155596635549,270.2041546385918,46.8925,43.160000000000004,44.102500000000006,26151126,11934242,100.16129032258064,100.29032258064517,259.9,1072.2,750.2,28995.9,96259.4,72358.5,131.3,57.699999999999996,,,96.96774193548387,88.2258064516129,100.45161290322581,14.79,463.0
2019-05-13,2,5,2019,13,45000.0,58,58.7,,29950,1556.4,1188,1891,,,1891,1036,2681,395255171.55999994,41357346.649999976,115799589.92000002,237617364.53000003,580.1155596635549,270.2041546385918,46.8925,43.160000000000004,44.102500000000006,26151126,11934242,100.16129032258064,100.29032258064517,259.9,1072.2,750.2,28995.9,96259.4,72358.5,131.3,57.699999999999996,,,96.96774193548387,88.2258064516129,100.45161290322581,14.79,463.0
2019-05-14,2,5,2019,14,40000.0,41,58.7,,29950,1556.4,1188,1891,,,1891,1036,2681,395255171.55999994,41357346.649999976,115799589.92000002,237617364.53000003,580.1155596635549,270.2041546385918,46.8925,43.160000000000004,44.102500000000006,26151126,11934242,100.16129032258064,100.29032258064517,259.9,1072.2,750.2,28995.9,96259.4,72358.5,131.3,57.699999999999996,,,96.96774193548387,88.2258064516129,100.45161290322581,14.79,463.0
2019-05-15,2,5,2019,15,45000.0,25,58.7,,29950,1556.4,1188,1891,,,1891,1036,2681,395255171.55999994,41357346.649999976,115799589.92000002,237617364.53000003,580.1155596635549,270.2041546385918,46.8925,43.160000000000004,44.102500000000006,26151126,11934242,100.16129032258064,100.29032258064517,259.9,1072.2,750.2,28995.9,96259.4,72358.5,131.3,57.699999999999996,,,96.96774193548387,88.2258064516129,100.45161290322581,14.79,463.0
2019-05-16,2,5,2019,16,45000.0,39,58.7,,29950,1556.4,1188,1891,,,1891,1036,2681,395255171.55999994,41357346.649999976,115799589.92000002,237617364.53000003,580.1155596635549,270.2041546385918,46.8925,43.160000000000004,44.102500000000006,26151126,11934242,100.16129032258064,100.29032258064517,259.9,1072.2,750.2,28995.9,96259.4,72358.5,131.3,57.699999999999996,,,96.96774193548387,88.2258064516129,100.45161290322581,14.79,463.0
2019-05-17,2,5,2019,17,50000.0,36,58.7,,29950,1556.4,1188,1891,,,1891,1036,2681,395255171.55999994,41357346.649999976,115799589.92000002,237617364.53000003,580.1155596635549,270.2041546385918,46.8925,43.160000000000004,44.102500000000006,26151126,11934242,100.16129032258064,100.29032258064517,259.9,1072.2,750.2,28995.9,96259.4,72358.5,131.3,57.699999999999996,,,96.96774193548387,88.2258064516129,100.45161290322581,14.79,463.0
2019-05-18,2,5,2019,18,62500.0,5,58.7,,29950,1556.4,1188,1891,,,1891,1036,2681,395255171.55999994,41357346.649999976,115799589.92000002,237617364.53000003,580.1155596635549,270.2041546385918,46.8925,43.160000000000004,44.102500000000006,26151126,11934242,100.16129032258064,100.29032258064517,259.9,1072.2,750.2,28995.9,96259.4,72358.5,131.3,57.699999999999996,,,96.96774193548387,88.2258064516129,100.45161290322581,14.79,463.0
2019-05-19,2,5,2019,19,51250.0,6,58.7,,29950,1556.4,1188,1891,,,1891,1036,2681,395255171.55999994,41357346.649999976,115799589.92000002,237617364.53000003,580.1155596635549,270.2041546385918,46.8925,43.160000000000004,44.102500000000006,26151126,11934242,100.16129032258064,100.29032258064517,259.9,1072.2,750.2,28995.9,96259.4,72358.5,131.3,57.699999999999996,,,96.96774193548387,88.2258064516129,100.45161290322581,14.79,463.0
2019-05-20,2,5,2019,20,45000.0,45,58.7,,29950,1556.4,1188,1891,,,1891,1036,2681,395255171.55999994,41357346.649999976,115799589.92000002,237617364.53000003,580.1155596635549,270.2041546385918,46.8925,43.160000000000004,44.102500000000006,26151126,11934242,100.16129032258064,100.29032258064517,259.9,1072.2,750.2,28995.9,96259.4,72358.5,131.3,57.699999999999996,,,96.96774193548387,88.2258064516129,100.45161290322581,14.79,463.0
2019-05-21,2,5,2019,21,45000.0,29,58.7,,29950,1556.4,1188,1891,,,1891,1036,2681,395255171.55999994,41357346.649999976,115799589.92000002,237617364.53000003,580.1155596635549,270.2041546385918,46.8925,43.160000000000004,44.102500000000006,26151126,11934242,100.16129032258064,100.29032258064517,259.9,1072.2,750.2,28995.9,96259.4,72358.5,131.3,57.699999999999996,,,96.96774193548387,88.2258064516129,100.45161290322581,14.79,463.0
2019-05-22,2,5,2019,22,47500.0,27,58.7,,29950,1556.4,1188,1891,,,1891,1036,2681,395255171.55999994,41357346.649999976,115799589.92000002,237617364.53000003,580.1155596635549,270.2041546385918,46.8925,43.160000000000004,44.102500000000006,26151126,11934242,100.16129032258064,100.29032258064517,259.9,1072.2,750.2,28995.9,96259.4,72358.5,131.3,57.699999999999996,,,96.96774193548387,88.2258064516129,100.45161290322581,14.79,463.0
2019-05-23,2,5,2019,23,35000.0,23,58.7,,29950,1556.4,1188,1891,,,1891,1036,2681,395255171.55999994,41357346.649999976,115799589.92000002,237617364.53000003,580.1155596635549,270.2041546385918,46.8925,43.160000000000004,44.102500000000006,26151126,11934242,100.16129032258064,100.29032258064517,259.9,1072.2,750.2,28995.9,96259.4,72358.5,131.3,57.699999999999996,,,96.96774193548387,88.2258064516129,100.45161290322581,14.79,463.0
2019-05-24,2,5,2019,24,40000.0,32,58.7,,29950,1556.4,1188,1891,,,1891,1036,2681,395255171.55999994,41357346.649999976,115799589.92000002,237617364.53000003,580.1155596635549,270.2041546385918,46.8925,43.160000000000004,44.102500000000006,26151126,11934242,100.16129032258064,100.29032258064517,259.9,1072.2,750.2,28995.9,96259.4,72358.5,131.3,57.699999999999996,,,96.96774193548387,88.2258064516129,100.45161290322581,14.79,463.0
2019-05-25,2,5,2019,25,42500.0,11,58.7,,29950,1556.4,1188,1891,,,1891,1036,2681,395255171.55999994,41357346.649999976,115799589.92000002,237617364.53000003,580.1155596635549,270.2041546385918,46.8925,43.160000000000004,44.102500000000006,26151126,11934242,100.16129032258064,100.29032258064517,259.9,1072.2,750.2,28995.9,96259.4,72358.5,131.3,57.699999999999996,,,96.96774193548387,88.2258064516129,100.45161290322581,14.79,463.0
2019-05-26,2,5,2019,26,40000.0,7,58.7,,29950,1556.4,1188,1891,,,1891,1036,2681,395255171.55999994,41357346.649999976,115799589.92000002,237617364.53000003,580.1155596635549,270.2041546385918,46.8925,43.160000000000004,44.102500000000006,26151126,11934242,100.16129032258064,100.29032258064517,259.9,1072.2,750.2,28995.9,96259.4,72358.5,131.3,57.699999999999996,,,96.96774193548387,88.2258064516129,100.45161290322581,14.79,463.0
2019-05-27,2,5,2019,27,40000.0,41,58.7,,29950,1556.4,1188,1891,,,1891,1036,2681,395255171.55999994,41357346.649999976,115799589.92000002,237617364.53000003,580.1155596635549,270.2041546385918,46.8925,43.160000000000004,44.102500000000006,26151126,11934242,100.16129032258064,100.29032258064517,259.9,1072.2,750.2,28995.9,96259.4,72358.5,131.3,57.699999999999996,,,96.96774193548387,88.2258064516129,100.45161290322581,14.79,463.0
2019-05-28,2,5,2019,28,40000.0,40,58.7,,29950,1556.4,1188,1891,,,1891,1036,2681,395255171.55999994,41357346.649999976,115799589.92000002,237617364.53000003,580.1155596635549,270.2041546385918,46.8925,43.160000000000004,44.102500000000006,26151126,11934242,100.16129032258064,100.29032258064517,259.9,1072.2,750.2,28995.9,96259.4,72358.5,131.3,57.699999999999996,,,96.96774193548387,88.2258064516129,100.45161290322581,14.79,463.0
2019-05-29,2,5,2019,29,35000.0,29,58.7,,29950,1556.4,1188,1891,,,1891,1036,2681,395255171.55999994,41357346.649999976,115799589.92000002,237617364.53000003,580.1155596635549,270.2041546385918,46.8925,43.160000000000004,44.102500000000006,26151126,11934242,100.16129032258064,100.29032258064517,259.9,1072.2,750.2,28995.9,96259.4,72358.5,131.3,57.699999999999996,,,96.96774193548387,88.2258064516129,100.45161290322581,14.79,463.0
2019-05-30,2,5,2019,30,42500.0,26,58.7,,29950,1556.4,1188,1891,,,1891,1036,2681,395255171.55999994,41357346.649999976,115799589.92000002,237617364.53000003,580.1155596635549,270.2041546385918,46.8925,43.160000000000004,44.102500000000006,26151126,11934242,100.16129032258064,100.29032258064517,259.9,1072.2,750.2,28995.9,96259.4,72358.5,131.3,57.699999999999996,,,96.96774193548387,88.2258064516129,100.45161290322581,14.79,463.0
2019-05-31,2,5,2019,31,45000.0,21,58.7,,29950,1556.4,1188,1891,,,1891,1036,2681,395255171.55999994,41357346.649999976,115799589.92000002,237617364.53000003,580.1155596635549,270.2041546385918,46.8925,43.160000000000004,44.102500000000006,26151126,11934242,100.16129032258064,100.29032258064517,259.9,1072.2,750.2,28995.9,96259.4,72358.5,131.3,57.699999999999996,,,96.96774193548387,88.2258064516129,100.45161290322581,14.79,463.0
2019-06-01,2,6,2019,1,32500.0,3,58.7,,11515,1556.4,1188,2147,,,2147,1200,3069,253203873.44000006,74902953.32000002,129520980.29000002,47216911.370000005,580.1155596635549,270.2041546385918,47.1925,43.3775,44.4075,26151126,11934242,100.23333333333333,106.83333333333333,239.9,1119.5,732.2,29947.6,94133.4,76158.5,131.3,57.699999999999996,,,107.56666666666666,91.13333333333334,107.16666666666667,14.41233333,463.0
2019-06-02,2,6,2019,2,60000.0,3,58.7,,11515,1556.4,1188,2147,,,2147,1200,3069,253203873.44000006,74902953.32000002,129520980.29000002,47216911.370000005,580.1155596635549,270.2041546385918,47.1925,43.3775,44.4075,26151126,11934242,100.23333333333333,106.83333333333333,239.9,1119.5,732.2,29947.6,94133.4,76158.5,131.3,57.699999999999996,,,107.56666666666666,91.13333333333334,107.16666666666667,14.41233333,463.0
2019-06-03,2,6,2019,3,37000.0,34,58.7,,11515,1556.4,1188,2147,,,2147,1200,3069,253203873.44000006,74902953.32000002,129520980.29000002,47216911.370000005,580.1155596635549,270.2041546385918,47.1925,43.3775,44.4075,26151126,11934242,100.23333333333333,106.83333333333333,239.9,1119.5,732.2,29947.6,94133.4,76158.5,131.3,57.699999999999996,,,107.56666666666666,91.13333333333334,107.16666666666667,14.41233333,463.0
2019-06-04,2,6,2019,4,42500.0,20,58.7,,11515,1556.4,1188,2147,,,2147,1200,3069,253203873.44000006,74902953.32000002,129520980.29000002,47216911.370000005,580.1155596635549,270.2041546385918,47.1925,43.3775,44.4075,26151126,11934242,100.23333333333333,106.83333333333333,239.9,1119.5,732.2,29947.6,94133.4,76158.5,131.3,57.699999999999996,,,107.56666666666666,91.13333333333334,107.16666666666667,14.41233333,463.0
2019-06-05,2,6,2019,5,45000.0,29,58.7,,11515,1556.4,1188,2147,,,2147,1200,3069,253203873.44000006,74902953.32000002,129520980.29000002,47216911.370000005,580.1155596635549,270.2041546385918,47.1925,43.3775,44.4075,26151126,11934242,100.23333333333333,106.83333333333333,239.9,1119.5,732.2,29947.6,94133.4,76158.5,131.3,57.699999999999996,,,107.56666666666666,91.13333333333334,107.16666666666667,14.41233333,463.0
2019-06-06,2,6,2019,6,45500.0,30,58.7,,11515,1556.4,1188,2147,,,2147,1200,3069,253203873.44000006,74902953.32000002,129520980.29000002,47216911.370000005,580.1155596635549,270.2041546385918,47.1925,43.3775,44.4075,26151126,11934242,100.23333333333333,106.83333333333333,239.9,1119.5,732.2,29947.6,94133.4,76158.5,131.3,57.699999999999996,,,107.56666666666666,91.13333333333334,107.16666666666667,14.41233333,463.0
2019-06-07,2,6,2019,7,43750.0,24,58.7,,11515,1556.4,1188,2147,,,2147,1200,3069,253203873.44000006,74902953.32000002,129520980.29000002,47216911.370000005,580.1155596635549,270.2041546385918,47.1925,43.3775,44.4075,26151126,11934242,100.23333333333333,106.83333333333333,239.9,1119.5,732.2,29947.6,94133.4,76158.5,131.3,57.699999999999996,,,107.56666666666666,91.13333333333334,107.16666666666667,14.41233333,463.0
2019-06-08,2,6,2019,8,30000.0,3,58.7,,11515,1556.4,1188,2147,,,2147,1200,3069,253203873.44000006,74902953.32000002,129520980.29000002,47216911.370000005,580.1155596635549,270.2041546385918,47.1925,43.3775,44.4075,26151126,11934242,100.23333333333333,106.83333333333333,239.9,1119.5,732.2,29947.6,94133.4,76158.5,131.3,57.699999999999996,,,107.56666666666666,91.13333333333334,107.16666666666667,14.41233333,463.0
2019-06-09,2,6,2019,9,70000.0,3,58.7,,11515,1556.4,1188,2147,,,2147,1200,3069,253203873.44000006,74902953.32000002,129520980.29000002,47216911.370000005,580.1155596635549,270.2041546385918,47.1925,43.3775,44.4075,26151126,11934242,100.23333333333333,106.83333333333333,239.9,1119.5,732.2,29947.6,94133.4,76158.5,131.3,57.699999999999996,,,107.56666666666666,91.13333333333334,107.16666666666667,14.41233333,463.0
2019-06-10,2,6,2019,10,45000.0,28,58.7,,11515,1556.4,1188,2147,,,2147,1200,3069,253203873.44000006,74902953.32000002,129520980.29000002,47216911.370000005,580.1155596635549,270.2041546385918,47.1925,43.3775,44.4075,26151126,11934242,100.23333333333333,106.83333333333333,239.9,1119.5,732.2,29947.6,94133.4,76158.5,131.3,57.699999999999996,,,107.56666666666666,91.13333333333334,107.16666666666667,14.41233333,463.0
2019-06-11,2,6,2019,11,35000.0,21,58.7,,11515,1556.4,1188,2147,,,2147,1200,3069,253203873.44000006,74902953.32000002,129520980.29000002,47216911.370000005,580.1155596635549,270.2041546385918,47.1925,43.3775,44.4075,26151126,11934242,100.23333333333333,106.83333333333333,239.9,1119.5,732.2,29947.6,94133.4,76158.5,131.3,57.699999999999996,,,107.56666666666666,91.13333333333334,107.16666666666667,14.41233333,463.0
2019-06-12,2,6,2019,12,42500.0,13,58.7,,11515,1556.4,1188,2147,,,2147,1200,3069,253203873.44000006,74902953.32000002,129520980.29000002,47216911.370000005,580.1155596635549,270.2041546385918,47.1925,43.3775,44.4075,26151126,11934242,100.23333333333333,106.83333333333333,239.9,1119.5,732.2,29947.6,94133.4,76158.5,131.3,57.699999999999996,,,107.56666666666666,91.13333333333334,107.16666666666667,14.41233333,463.0
2019-06-13,2,6,2019,13,45000.0,37,58.7,,11515,1556.4,1188,2147,,,2147,1200,3069,253203873.44000006,74902953.32000002,129520980.29000002,47216911.370000005,580.1155596635549,270.2041546385918,47.1925,43.3775,44.4075,26151126,11934242,100.23333333333333,106.83333333333333,239.9,1119.5,732.2,29947.6,94133.4,76158.5,131.3,57.699999999999996,,,107.56666666666666,91.13333333333334,107.16666666666667,14.41233333,463.0
2019-06-14,2,6,2019,14,42000.0,19,58.7,,11515,1556.4,1188,2147,,,2147,1200,3069,253203873.44000006,74902953.32000002,129520980.29000002,47216911.370000005,580.1155596635549,270.2041546385918,47.1925,43.3775,44.4075,26151126,11934242,100.23333333333333,106.83333333333333,239.9,1119.5,732.2,29947.6,94133.4,76158.5,131.3,57.699999999999996,,,107.56666666666666,91.13333333333334,107.16666666666667,14.41233333,463.0
2019-06-15,2,6,2019,15,42500.0,10,58.7,,11515,1556.4,1188,2147,,,2147,1200,3069,253203873.44000006,74902953.32000002,129520980.29000002,47216911.370000005,580.1155596635549,270.2041546385918,47.1925,43.3775,44.4075,26151126,11934242,100.23333333333333,106.83333333333333,239.9,1119.5,732.2,29947.6,94133.4,76158.5,131.3,57.699999999999996,,,107.56666666666666,91.13333333333334,107.16666666666667,14.41233333,463.0
2019-06-16,2,6,2019,16,57500.0,11,58.7,,11515,1556.4,1188,2147,,,2147,1200,3069,253203873.44000006,74902953.32000002,129520980.29000002,47216911.370000005,580.1155596635549,270.2041546385918,47.1925,43.3775,44.4075,26151126,11934242,100.23333333333333,106.83333333333333,239.9,1119.5,732.2,29947.6,94133.4,76158.5,131.3,57.699999999999996,,,107.56666666666666,91.13333333333334,107.16666666666667,14.41233333,463.0
2019-06-17,2,6,2019,17,50000.0,54,58.7,,11515,1556.4,1188,2147,,,2147,1200,3069,253203873.44000006,74902953.32000002,129520980.29000002,47216911.370000005,580.1155596635549,270.2041546385918,47.1925,43.3775,44.4075,26151126,11934242,100.23333333333333,106.83333333333333,239.9,1119.5,732.2,29947.6,94133.4,76158.5,131.3,57.699999999999996,,,107.56666666666666,91.13333333333334,107.16666666666667,14.41233333,463.0
2019-06-18,2,6,2019,18,40000.0,43,58.7,,11515,1556.4,1188,2147,,,2147,1200,3069,253203873.44000006,74902953.32000002,129520980.29000002,47216911.370000005,580.1155596635549,270.2041546385918,47.1925,43.3775,44.4075,26151126,11934242,100.23333333333333,106.83333333333333,239.9,1119.5,732.2,29947.6,94133.4,76158.5,131.3,57.699999999999996,,,107.56666666666666,91.13333333333334,107.16666666666667,14.41233333,463.0
2019-06-19,2,6,2019,19,46750.0,36,58.7,,11515,1556.4,1188,2147,,,2147,1200,3069,253203873.44000006,74902953.32000002,129520980.29000002,47216911.370000005,580.1155596635549,270.2041546385918,47.1925,43.3775,44.4075,26151126,11934242,100.23333333333333,106.83333333333333,239.9,1119.5,732.2,29947.6,94133.4,76158.5,131.3,57.699999999999996,,,107.56666666666666,91.13333333333334,107.16666666666667,14.41233333,463.0
2019-06-20,2,6,2019,20,40000.0,43,58.7,,11515,1556.4,1188,2147,,,2147,1200,3069,253203873.44000006,74902953.32000002,129520980.29000002,47216911.370000005,580.1155596635549,270.2041546385918,47.1925,43.3775,44.4075,26151126,11934242,100.23333333333333,106.83333333333333,239.9,1119.5,732.2,29947.6,94133.4,76158.5,131.3,57.699999999999996,,,107.56666666666666,91.13333333333334,107.16666666666667,14.41233333,463.0
2019-06-21,2,6,2019,21,45000.0,28,58.7,,11515,1556.4,1188,2147,,,2147,1200,3069,253203873.44000006,74902953.32000002,129520980.29000002,47216911.370000005,580.1155596635549,270.2041546385918,47.1925,43.3775,44.4075,26151126,11934242,100.23333333333333,106.83333333333333,239.9,1119.5,732.2,29947.6,94133.4,76158.5,131.3,57.699999999999996,,,107.56666666666666,91.13333333333334,107.16666666666667,14.41233333,463.0
2019-06-22,2,6,2019,22,50000.0,15,58.7,,11515,1556.4,1188,2147,,,2147,1200,3069,253203873.44000006,74902953.32000002,129520980.29000002,47216911.370000005,580.1155596635549,270.2041546385918,47.1925,43.3775,44.4075,26151126,11934242,100.23333333333333,106.83333333333333,239.9,1119.5,732.2,29947.6,94133.4,76158.5,131.3,57.699999999999996,,,107.56666666666666,91.13333333333334,107.16666666666667,14.41233333,463.0
2019-06-23,2,6,2019,23,45000.0,6,58.7,,11515,1556.4,1188,2147,,,2147,1200,3069,253203873.44000006,74902953.32000002,129520980.29000002,47216911.370000005,580.1155596635549,270.2041546385918,47.1925,43.3775,44.4075,26151126,11934242,100.23333333333333,106.83333333333333,239.9,1119.5,732.2,29947.6,94133.4,76158.5,131.3,57.699999999999996,,,107.56666666666666,91.13333333333334,107.16666666666667,14.41233333,463.0
2019-06-24,2,6,2019,24,42500.0,48,58.7,,11515,1556.4,1188,2147,,,2147,1200,3069,253203873.44000006,74902953.32000002,129520980.29000002,47216911.370000005,580.1155596635549,270.2041546385918,47.1925,43.3775,44.4075,26151126,11934242,100.23333333333333,106.83333333333333,239.9,1119.5,732.2,29947.6,94133.4,76158.5,131.3,57.699999999999996,,,107.56666666666666,91.13333333333334,107.16666666666667,14.41233333,463.0
2019-06-25,2,6,2019,25,37500.0,21,58.7,,11515,1556.4,1188,2147,,,2147,1200,3069,253203873.44000006,74902953.32000002,129520980.29000002,47216911.370000005,580.1155596635549,270.2041546385918,47.1925,43.3775,44.4075,26151126,11934242,100.23333333333333,106.83333333333333,239.9,1119.5,732.2,29947.6,94133.4,76158.5,131.3,57.699999999999996,,,107.56666666666666,91.13333333333334,107.16666666666667,14.41233333,463.0
2019-06-26,2,6,2019,26,50000.0,33,58.7,,11515,1556.4,1188,2147,,,2147,1200,3069,253203873.44000006,74902953.32000002,129520980.29000002,47216911.370000005,580.1155596635549,270.2041546385918,47.1925,43.3775,44.4075,26151126,11934242,100.23333333333333,106.83333333333333,239.9,1119.5,732.2,29947.6,94133.4,76158.5,131.3,57.699999999999996,,,107.56666666666666,91.13333333333334,107.16666666666667,14.41233333,463.0
2019-06-27,2,6,2019,27,35000.0,29,58.7,,11515,1556.4,1188,2147,,,2147,1200,3069,253203873.44000006,74902953.32000002,129520980.29000002,47216911.370000005,580.1155596635549,270.2041546385918,47.1925,43.3775,44.4075,26151126,11934242,100.23333333333333,106.83333333333333,239.9,1119.5,732.2,29947.6,94133.4,76158.5,131.3,57.699999999999996,,,107.56666666666666,91.13333333333334,107.16666666666667,14.41233333,463.0
2019-06-28,2,6,2019,28,38750.0,22,58.7,,11515,1556.4,1188,2147,,,2147,1200,3069,253203873.44000006,74902953.32000002,129520980.29000002,47216911.370000005,580.1155596635549,270.2041546385918,47.1925,43.3775,44.4075,26151126,11934242,100.23333333333333,106.83333333333333,239.9,1119.5,732.2,29947.6,94133.4,76158.5,131.3,57.699999999999996,,,107.56666666666666,91.13333333333334,107.16666666666667,14.41233333,463.0
2019-06-29,2,6,2019,29,50000.0,10,58.7,,11515,1556.4,1188,2147,,,2147,1200,3069,253203873.44000006,74902953.32000002,129520980.29000002,47216911.370000005,580.1155596635549,270.2041546385918,47.1925,43.3775,44.4075,26151126,11934242,100.23333333333333,106.83333333333333,239.9,1119.5,732.2,29947.6,94133.4,76158.5,131.3,57.699999999999996,,,107.56666666666666,91.13333333333334,107.16666666666667,14.41233333,463.0
2019-06-30,2,6,2019,30,48500.0,5,58.7,,11515,1556.4,1188,2147,,,2147,1200,3069,253203873.44000006,74902953.32000002,129520980.29000002,47216911.370000005,580.1155596635549,270.2041546385918,47.1925,43.3775,44.4075,26151126,11934242,100.23333333333333,106.83333333333333,239.9,1119.5,732.2,29947.6,94133.4,76158.5,131.3,57.699999999999996,,,107.56666666666666,91.13333333333334,107.16666666666667,14.41233333,463.0
2019-07-01,3,7,2019,1,42500.0,41,10.5,,11926,1747.4,1472.4,2047,58,58,2047,1112,3119,361336702.34000015,71286948.5,224061492.52999997,58986397.78999996,861.0611935238547,280.6221914527356,47.39,43.53,44.4725,39156399,12497977,99.53333333333333,99.16666666666667,326.2,1003.5,699.3,31120.6,91436.2,73178.7,66.1,40.8,,,104.23333333333333,119.26666666666667,104.16666666666667,16.12566667,463.0
2019-07-02,3,7,2019,2,50000.0,35,10.5,,11926,1747.4,1472.4,2047,58,58,2047,1112,3119,361336702.34000015,71286948.5,224061492.52999997,58986397.78999996,861.0611935238547,280.6221914527356,47.39,43.53,44.4725,39156399,12497977,99.53333333333333,99.16666666666667,326.2,1003.5,699.3,31120.6,91436.2,73178.7,66.1,40.8,,,104.23333333333333,119.26666666666667,104.16666666666667,16.12566667,463.0
2019-07-03,3,7,2019,3,42500.0,29,10.5,,11926,1747.4,1472.4,2047,58,58,2047,1112,3119,361336702.34000015,71286948.5,224061492.52999997,58986397.78999996,861.0611935238547,280.6221914527356,47.39,43.53,44.4725,39156399,12497977,99.53333333333333,99.16666666666667,326.2,1003.5,699.3,31120.6,91436.2,73178.7,66.1,40.8,,,104.23333333333333,119.26666666666667,104.16666666666667,16.12566667,463.0
2019-07-04,3,7,2019,4,40000.0,26,10.5,,11926,1747.4,1472.4,2047,58,58,2047,1112,3119,361336702.34000015,71286948.5,224061492.52999997,58986397.78999996,861.0611935238547,280.6221914527356,47.39,43.53,44.4725,39156399,12497977,99.53333333333333,99.16666666666667,326.2,1003.5,699.3,31120.6,91436.2,73178.7,66.1,40.8,,,104.23333333333333,119.26666666666667,104.16666666666667,16.12566667,463.0
2019-07-05,3,7,2019,5,47500.0,30,10.5,,11926,1747.4,1472.4,2047,58,58,2047,1112,3119,361336702.34000015,71286948.5,224061492.52999997,58986397.78999996,861.0611935238547,280.6221914527356,47.39,43.53,44.4725,39156399,12497977,99.53333333333333,99.16666666666667,326.2,1003.5,699.3,31120.6,91436.2,73178.7,66.1,40.8,,,104.23333333333333,119.26666666666667,104.16666666666667,16.12566667,463.0
2019-07-06,3,7,2019,6,50000.0,7,10.5,,11926,1747.4,1472.4,2047,58,58,2047,1112,3119,361336702.34000015,71286948.5,224061492.52999997,58986397.78999996,861.0611935238547,280.6221914527356,47.39,43.53,44.4725,39156399,12497977,99.53333333333333,99.16666666666667,326.2,1003.5,699.3,31120.6,91436.2,73178.7,66.1,40.8,,,104.23333333333333,119.26666666666667,104.16666666666667,16.12566667,463.0
2019-07-07,3,7,2019,7,42500.0,9,10.5,,11926,1747.4,1472.4,2047,58,58,2047,1112,3119,361336702.34000015,71286948.5,224061492.52999997,58986397.78999996,861.0611935238547,280.6221914527356,47.39,43.53,44.4725,39156399,12497977,99.53333333333333,99.16666666666667,326.2,1003.5,699.3,31120.6,91436.2,73178.7,66.1,40.8,,,104.23333333333333,119.26666666666667,104.16666666666667,16.12566667,463.0
2019-07-08,3,7,2019,8,45000.0,40,10.5,,11926,1747.4,1472.4,2047,58,58,2047,1112,3119,361336702.34000015,71286948.5,224061492.52999997,58986397.78999996,861.0611935238547,280.6221914527356,47.39,43.53,44.4725,39156399,12497977,99.53333333333333,99.16666666666667,326.2,1003.5,699.3,31120.6,91436.2,73178.7,66.1,40.8,,,104.23333333333333,119.26666666666667,104.16666666666667,16.12566667,463.0
2019-07-09,3,7,2019,9,42500.0,32,10.5,,11926,1747.4,1472.4,2047,58,58,2047,1112,3119,361336702.34000015,71286948.5,224061492.52999997,58986397.78999996,861.0611935238547,280.6221914527356,47.39,43.53,44.4725,39156399,12497977,99.53333333333333,99.16666666666667,326.2,1003.5,699.3,31120.6,91436.2,73178.7,66.1,40.8,,,104.23333333333333,119.26666666666667,104.16666666666667,16.12566667,463.0
2019-07-10,3,7,2019,10,45000.0,36,10.5,,11926,1747.4,1472.4,2047,58,58,2047,1112,3119,361336702.34000015,71286948.5,224061492.52999997,58986397.78999996,861.0611935238547,280.6221914527356,47.39,43.53,44.4725,39156399,12497977,99.53333333333333,99.16666666666667,326.2,1003.5,699.3,31120.6,91436.2,73178.7,66.1,40.8,,,104.23333333333333,119.26666666666667,104.16666666666667,16.12566667,463.0
2019-07-11,3,7,2019,11,40000.0,27,10.5,,11926,1747.4,1472.4,2047,58,58,2047,1112,3119,361336702.34000015,71286948.5,224061492.52999997,58986397.78999996,861.0611935238547,280.6221914527356,47.39,43.53,44.4725,39156399,12497977,99.53333333333333,99.16666666666667,326.2,1003.5,699.3,31120.6,91436.2,73178.7,66.1,40.8,,,104.23333333333333,119.26666666666667,104.16666666666667,16.12566667,463.0
2019-07-12,3,7,2019,12,47500.0,21,10.5,,11926,1747.4,1472.4,2047,58,58,2047,1112,3119,361336702.34000015,71286948.5,224061492.52999997,58986397.78999996,861.0611935238547,280.6221914527356,47.39,43.53,44.4725,39156399,12497977,99.53333333333333,99.16666666666667,326.2,1003.5,699.3,31120.6,91436.2,73178.7,66.1,40.8,,,104.23333333333333,119.26666666666667,104.16666666666667,16.12566667,463.0
2019-07-13,3,7,2019,13,55000.0,13,10.5,,11926,1747.4,1472.4,2047,58,58,2047,1112,3119,361336702.34000015,71286948.5,224061492.52999997,58986397.78999996,861.0611935238547,280.6221914527356,47.39,43.53,44.4725,39156399,12497977,99.53333333333333,99.16666666666667,326.2,1003.5,699.3,31120.6,91436.2,73178.7,66.1,40.8,,,104.23333333333333,119.26666666666667,104.16666666666667,16.12566667,463.0
2019-07-14,3,7,2019,14,45000.0,3,10.5,,11926,1747.4,1472.4,2047,58,58,2047,1112,3119,361336702.34000015,71286948.5,224061492.52999997,58986397.78999996,861.0611935238547,280.6221914527356,47.39,43.53,44.4725,39156399,12497977,99.53333333333333,99.16666666666667,326.2,1003.5,699.3,31120.6,91436.2,73178.7,66.1,40.8,,,104.23333333333333,119.26666666666667,104.16666666666667,16.12566667,463.0
2019-07-15,3,7,2019,15,43750.0,42,10.5,,11926,1747.4,1472.4,2047,58,58,2047,1112,3119,361336702.34000015,71286948.5,224061492.52999997,58986397.78999996,861.0611935238547,280.6221914527356,47.39,43.53,44.4725,39156399,12497977,99.53333333333333,99.16666666666667,326.2,1003.5,699.3,31120.6,91436.2,73178.7,66.1,40.8,,,104.23333333333333,119.26666666666667,104.16666666666667,16.12566667,463.0
2019-07-16,3,7,2019,16,37500.0,22,10.5,,11926,1747.4,1472.4,2047,58,58,2047,1112,3119,361336702.34000015,71286948.5,224061492.52999997,58986397.78999996,861.0611935238547,280.6221914527356,47.39,43.53,44.4725,39156399,12497977,99.53333333333333,99.16666666666667,326.2,1003.5,699.3,31120.6,91436.2,73178.7,66.1,40.8,,,104.23333333333333,119.26666666666667,104.16666666666667,16.12566667,463.0
2019-07-17,3,7,2019,17,50000.0,29,10.5,,11926,1747.4,1472.4,2047,58,58,2047,1112,3119,361336702.34000015,71286948.5,224061492.52999997,58986397.78999996,861.0611935238547,280.6221914527356,47.39,43.53,44.4725,39156399,12497977,99.53333333333333,99.16666666666667,326.2,1003.5,699.3,31120.6,91436.2,73178.7,66.1,40.8,,,104.23333333333333,119.26666666666667,104.16666666666667,16.12566667,463.0
2019-07-18,3,7,2019,18,48750.0,18,10.5,,11926,1747.4,1472.4,2047,58,58,2047,1112,3119,361336702.34000015,71286948.5,224061492.52999997,58986397.78999996,861.0611935238547,280.6221914527356,47.39,43.53,44.4725,39156399,12497977,99.53333333333333,99.16666666666667,326.2,1003.5,699.3,31120.6,91436.2,73178.7,66.1,40.8,,,104.23333333333333,119.26666666666667,104.16666666666667,16.12566667,463.0
2019-07-19,3,7,2019,19,45000.0,23,10.5,,11926,1747.4,1472.4,2047,58,58,2047,1112,3119,361336702.34000015,71286948.5,224061492.52999997,58986397.78999996,861.0611935238547,280.6221914527356,47.39,43.53,44.4725,39156399,12497977,99.53333333333333,99.16666666666667,326.2,1003.5,699.3,31120.6,91436.2,73178.7,66.1,40.8,,,104.23333333333333,119.26666666666667,104.16666666666667,16.12566667,463.0
2019-07-20,3,7,2019,20,50000.0,5,10.5,,11926,1747.4,1472.4,2047,58,58,2047,1112,3119,361336702.34000015,71286948.5,224061492.52999997,58986397.78999996,861.0611935238547,280.6221914527356,47.39,43.53,44.4725,39156399,12497977,99.53333333333333,99.16666666666667,326.2,1003.5,699.3,31120.6,91436.2,73178.7,66.1,40.8,,,104.23333333333333,119.26666666666667,104.16666666666667,16.12566667,463.0
2019-07-21,3,7,2019,21,40000.0,3,10.5,,11926,1747.4,1472.4,2047,58,58,2047,1112,3119,361336702.34000015,71286948.5,224061492.52999997,58986397.78999996,861.0611935238547,280.6221914527356,47.39,43.53,44.4725,39156399,12497977,99.53333333333333,99.16666666666667,326.2,1003.5,699.3,31120.6,91436.2,73178.7,66.1,40.8,,,104.23333333333333,119.26666666666667,104.16666666666667,16.12566667,463.0
2019-07-22,3,7,2019,22,42500.0,43,10.5,,11926,1747.4,1472.4,2047,58,58,2047,1112,3119,361336702.34000015,71286948.5,224061492.52999997,58986397.78999996,861.0611935238547,280.6221914527356,47.39,43.53,44.4725,39156399,12497977,99.53333333333333,99.16666666666667,326.2,1003.5,699.3,31120.6,91436.2,73178.7,66.1,40.8,,,104.23333333333333,119.26666666666667,104.16666666666667,16.12566667,463.0
2019-07-23,3,7,2019,23,45000.0,30,10.5,,11926,1747.4,1472.4,2047,58,58,2047,1112,3119,361336702.34000015,71286948.5,224061492.52999997,58986397.78999996,861.0611935238547,280.6221914527356,47.39,43.53,44.4725,39156399,12497977,99.53333333333333,99.16666666666667,326.2,1003.5,699.3,31120.6,91436.2,73178.7,66.1,40.8,,,104.23333333333333,119.26666666666667,104.16666666666667,16.12566667,463.0
2019-07-24,3,7,2019,24,50000.0,33,10.5,,11926,1747.4,1472.4,2047,58,58,2047,1112,3119,361336702.34000015,71286948.5,224061492.52999997,58986397.78999996,861.0611935238547,280.6221914527356,47.39,43.53,44.4725,39156399,12497977,99.53333333333333,99.16666666666667,326.2,1003.5,699.3,31120.6,91436.2,73178.7,66.1,40.8,,,104.23333333333333,119.26666666666667,104.16666666666667,16.12566667,463.0
2019-07-25,3,7,2019,25,40000.0,35,10.5,,11926,1747.4,1472.4,2047,58,58,2047,1112,3119,361336702.34000015,71286948.5,224061492.52999997,58986397.78999996,861.0611935238547,280.6221914527356,47.39,43.53,44.4725,39156399,12497977,99.53333333333333,99.16666666666667,326.2,1003.5,699.3,31120.6,91436.2,73178.7,66.1,40.8,,,104.23333333333333,119.26666666666667,104.16666666666667,16.12566667,463.0
2019-07-26,3,7,2019,26,48750.0,32,10.5,,11926,1747.4,1472.4,2047,58,58,2047,1112,3119,361336702.34000015,71286948.5,224061492.52999997,58986397.78999996,861.0611935238547,280.6221914527356,47.39,43.53,44.4725,39156399,12497977,99.53333333333333,99.16666666666667,326.2,1003.5,699.3,31120.6,91436.2,73178.7,66.1,40.8,,,104.23333333333333,119.26666666666667,104.16666666666667,16.12566667,463.0
2019-07-27,3,7,2019,27,53750.0,6,10.5,,11926,1747.4,1472.4,2047,58,58,2047,1112,3119,361336702.34000015,71286948.5,224061492.52999997,58986397.78999996,861.0611935238547,280.6221914527356,47.39,43.53,44.4725,39156399,12497977,99.53333333333333,99.16666666666667,326.2,1003.5,699.3,31120.6,91436.2,73178.7,66.1,40.8,,,104.23333333333333,119.26666666666667,104.16666666666667,16.12566667,463.0
2019-07-28,3,7,2019,28,50000.0,11,10.5,,11926,1747.4,1472.4,2047,58,58,2047,1112,3119,361336702.34000015,71286948.5,224061492.52999997,58986397.78999996,861.0611935238547,280.6221914527356,47.39,43.53,44.4725,39156399,12497977,99.53333333333333,99.16666666666667,326.2,1003.5,699.3,31120.6,91436.2,73178.7,66.1,40.8,,,104.23333333333333,119.26666666666667,104.16666666666667,16.12566667,463.0
2019-07-29,3,7,2019,29,42500.0,44,10.5,,11926,1747.4,1472.4,2047,58,58,2047,1112,3119,361336702.34000015,71286948.5,224061492.52999997,58986397.78999996,861.0611935238547,280.6221914527356,47.39,43.53,44.4725,39156399,12497977,99.53333333333333,99.16666666666667,326.2,1003.5,699.3,31120.6,91436.2,73178.7,66.1,40.8,,,104.23333333333333,119.26666666666667,104.16666666666667,16.12566667,463.0
2019-07-30,3,7,2019,30,37050.0,20,10.5,,11926,1747.4,1472.4,2047,58,58,2047,1112,3119,361336702.34000015,71286948.5,224061492.52999997,58986397.78999996,861.0611935238547,280.6221914527356,47.39,43.53,44.4725,39156399,12497977,99.53333333333333,99.16666666666667,326.2,1003.5,699.3,31120.6,91436.2,73178.7,66.1,40.8,,,104.23333333333333,119.26666666666667,104.16666666666667,16.12566667,463.0
2019-07-31,3,7,2019,31,40000.0,20,10.5,,11926,1747.4,1472.4,2047,58,58,2047,1112,3119,361336702.34000015,71286948.5,224061492.52999997,58986397.78999996,861.0611935238547,280.6221914527356,47.39,43.53,44.4725,39156399,12497977,99.53333333333333,99.16666666666667,326.2,1003.5,699.3,31120.6,91436.2,73178.7,66.1,40.8,,,104.23333333333333,119.26666666666667,104.16666666666667,16.12566667,463.0
2019-08-01,3,8,2019,1,45000.0,21,10.5,,10863,1747.4,1472.4,2385,110,52,2385,1217,3437,414897462.53999996,78915191.31,187609599.64999998,144002609.58000004,861.0611935238547,280.6221914527356,47.4125,43.555,44.575,39156399,12497977,101.19354838709677,107.19354838709677,259.6,1002.6,692.3,32388.8,91013.7,73212.9,66.1,40.8,,,99.90322580645162,98.3225806451613,113.12903225806451,15.34290323,463.0
2019-08-02,3,8,2019,2,48750.0,24,10.5,,10863,1747.4,1472.4,2385,110,52,2385,1217,3437,414897462.53999996,78915191.31,187609599.64999998,144002609.58000004,861.0611935238547,280.6221914527356,47.4125,43.555,44.575,39156399,12497977,101.19354838709677,107.19354838709677,259.6,1002.6,692.3,32388.8,91013.7,73212.9,66.1,40.8,,,99.90322580645162,98.3225806451613,113.12903225806451,15.34290323,463.0
2019-08-03,3,8,2019,3,57000.0,12,10.5,,10863,1747.4,1472.4,2385,110,52,2385,1217,3437,414897462.53999996,78915191.31,187609599.64999998,144002609.58000004,861.0611935238547,280.6221914527356,47.4125,43.555,44.575,39156399,12497977,101.19354838709677,107.19354838709677,259.6,1002.6,692.3,32388.8,91013.7,73212.9,66.1,40.8,,,99.90322580645162,98.3225806451613,113.12903225806451,15.34290323,463.0
2019-08-04,3,8,2019,4,42500.0,8,10.5,,10863,1747.4,1472.4,2385,110,52,2385,1217,3437,414897462.53999996,78915191.31,187609599.64999998,144002609.58000004,861.0611935238547,280.6221914527356,47.4125,43.555,44.575,39156399,12497977,101.19354838709677,107.19354838709677,259.6,1002.6,692.3,32388.8,91013.7,73212.9,66.1,40.8,,,99.90322580645162,98.3225806451613,113.12903225806451,15.34290323,463.0
2019-08-05,3,8,2019,5,40000.0,35,10.5,,10863,1747.4,1472.4,2385,110,52,2385,1217,3437,414897462.53999996,78915191.31,187609599.64999998,144002609.58000004,861.0611935238547,280.6221914527356,47.4125,43.555,44.575,39156399,12497977,101.19354838709677,107.19354838709677,259.6,1002.6,692.3,32388.8,91013.7,73212.9,66.1,40.8,,,99.90322580645162,98.3225806451613,113.12903225806451,15.34290323,463.0
2019-08-06,3,8,2019,6,45000.0,20,10.5,,10863,1747.4,1472.4,2385,110,52,2385,1217,3437,414897462.53999996,78915191.31,187609599.64999998,144002609.58000004,861.0611935238547,280.6221914527356,47.4125,43.555,44.575,39156399,12497977,101.19354838709677,107.19354838709677,259.6,1002.6,692.3,32388.8,91013.7,73212.9,66.1,40.8,,,99.90322580645162,98.3225806451613,113.12903225806451,15.34290323,463.0
2019-08-07,3,8,2019,7,40000.0,26,10.5,,10863,1747.4,1472.4,2385,110,52,2385,1217,3437,414897462.53999996,78915191.31,187609599.64999998,144002609.58000004,861.0611935238547,280.6221914527356,47.4125,43.555,44.575,39156399,12497977,101.19354838709677,107.19354838709677,259.6,1002.6,692.3,32388.8,91013.7,73212.9,66.1,40.8,,,99.90322580645162,98.3225806451613,113.12903225806451,15.34290323,463.0
2019-08-08,3,8,2019,8,45000.0,19,10.5,,10863,1747.4,1472.4,2385,110,52,2385,1217,3437,414897462.53999996,78915191.31,187609599.64999998,144002609.58000004,861.0611935238547,280.6221914527356,47.4125,43.555,44.575,39156399,12497977,101.19354838709677,107.19354838709677,259.6,1002.6,692.3,32388.8,91013.7,73212.9,66.1,40.8,,,99.90322580645162,98.3225806451613,113.12903225806451,15.34290323,463.0
2019-08-09,3,8,2019,9,45000.0,27,10.5,,10863,1747.4,1472.4,2385,110,52,2385,1217,3437,414897462.53999996,78915191.31,187609599.64999998,144002609.58000004,861.0611935238547,280.6221914527356,47.4125,43.555,44.575,39156399,12497977,101.19354838709677,107.19354838709677,259.6,1002.6,692.3,32388.8,91013.7,73212.9,66.1,40.8,,,99.90322580645162,98.3225806451613,113.12903225806451,15.34290323,463.0
2019-08-10,3,8,2019,10,45000.0,8,10.5,,10863,1747.4,1472.4,2385,110,52,2385,1217,3437,414897462.53999996,78915191.31,187609599.64999998,144002609.58000004,861.0611935238547,280.6221914527356,47.4125,43.555,44.575,39156399,12497977,101.19354838709677,107.19354838709677,259.6,1002.6,692.3,32388.8,91013.7,73212.9,66.1,40.8,,,99.90322580645162,98.3225806451613,113.12903225806451,15.34290323,463.0
2019-08-11,3,8,2019,11,35000.0,5,10.5,,10863,1747.4,1472.4,2385,110,52,2385,1217,3437,414897462.53999996,78915191.31,187609599.64999998,144002609.58000004,861.0611935238547,280.6221914527356,47.4125,43.555,44.575,39156399,12497977,101.19354838709677,107.19354838709677,259.6,1002.6,692.3,32388.8,91013.7,73212.9,66.1,40.8,,,99.90322580645162,98.3225806451613,113.12903225806451,15.34290323,463.0
2019-08-12,3,8,2019,12,45000.0,39,10.5,,10863,1747.4,1472.4,2385,110,52,2385,1217,3437,414897462.53999996,78915191.31,187609599.64999998,144002609.58000004,861.0611935238547,280.6221914527356,47.4125,43.555,44.575,39156399,12497977,101.19354838709677,107.19354838709677,259.6,1002.6,692.3,32388.8,91013.7,73212.9,66.1,40.8,,,99.90322580645162,98.3225806451613,113.12903225806451,15.34290323,463.0
2019-08-13,3,8,2019,13,50000.0,25,10.5,,10863,1747.4,1472.4,2385,110,52,2385,1217,3437,414897462.53999996,78915191.31,187609599.64999998,144002609.58000004,861.0611935238547,280.6221914527356,47.4125,43.555,44.575,39156399,12497977,101.19354838709677,107.19354838709677,259.6,1002.6,692.3,32388.8,91013.7,73212.9,66.1,40.8,,,99.90322580645162,98.3225806451613,113.12903225806451,15.34290323,463.0
2019-08-14,3,8,2019,14,40500.0,30,10.5,,10863,1747.4,1472.4,2385,110,52,2385,1217,3437,414897462.53999996,78915191.31,187609599.64999998,144002609.58000004,861.0611935238547,280.6221914527356,47.4125,43.555,44.575,39156399,12497977,101.19354838709677,107.19354838709677,259.6,1002.6,692.3,32388.8,91013.7,73212.9,66.1,40.8,,,99.90322580645162,98.3225806451613,113.12903225806451,15.34290323,463.0
2019-08-15,3,8,2019,15,40000.0,25,10.5,,10863,1747.4,1472.4,2385,110,52,2385,1217,3437,414897462.53999996,78915191.31,187609599.64999998,144002609.58000004,861.0611935238547,280.6221914527356,47.4125,43.555,44.575,39156399,12497977,101.19354838709677,107.19354838709677,259.6,1002.6,692.3,32388.8,91013.7,73212.9,66.1,40.8,,,99.90322580645162,98.3225806451613,113.12903225806451,15.34290323,463.0
2019-08-16,3,8,2019,16,50000.0,14,10.5,,10863,1747.4,1472.4,2385,110,52,2385,1217,3437,414897462.53999996,78915191.31,187609599.64999998,144002609.58000004,861.0611935238547,280.6221914527356,47.4125,43.555,44.575,39156399,12497977,101.19354838709677,107.19354838709677,259.6,1002.6,692.3,32388.8,91013.7,73212.9,66.1,40.8,,,99.90322580645162,98.3225806451613,113.12903225806451,15.34290323,463.0
2019-08-17,3,8,2019,17,55000.0,5,10.5,,10863,1747.4,1472.4,2385,110,52,2385,1217,3437,414897462.53999996,78915191.31,187609599.64999998,144002609.58000004,861.0611935238547,280.6221914527356,47.4125,43.555,44.575,39156399,12497977,101.19354838709677,107.19354838709677,259.6,1002.6,692.3,32388.8,91013.7,73212.9,66.1,40.8,,,99.90322580645162,98.3225806451613,113.12903225806451,15.34290323,463.0
2019-08-18,3,8,2019,18,35000.0,3,10.5,,10863,1747.4,1472.4,2385,110,52,2385,1217,3437,414897462.53999996,78915191.31,187609599.64999998,144002609.58000004,861.0611935238547,280.6221914527356,47.4125,43.555,44.575,39156399,12497977,101.19354838709677,107.19354838709677,259.6,1002.6,692.3,32388.8,91013.7,73212.9,66.1,40.8,,,99.90322580645162,98.3225806451613,113.12903225806451,15.34290323,463.0
2019-08-19,3,8,2019,19,45000.0,30,10.5,,10863,1747.4,1472.4,2385,110,52,2385,1217,3437,414897462.53999996,78915191.31,187609599.64999998,144002609.58000004,861.0611935238547,280.6221914527356,47.4125,43.555,44.575,39156399,12497977,101.19354838709677,107.19354838709677,259.6,1002.6,692.3,32388.8,91013.7,73212.9,66.1,40.8,,,99.90322580645162,98.3225806451613,113.12903225806451,15.34290323,463.0
2019-08-20,3,8,2019,20,40000.0,26,10.5,,10863,1747.4,1472.4,2385,110,52,2385,1217,3437,414897462.53999996,78915191.31,187609599.64999998,144002609.58000004,861.0611935238547,280.6221914527356,47.4125,43.555,44.575,39156399,12497977,101.19354838709677,107.19354838709677,259.6,1002.6,692.3,32388.8,91013.7,73212.9,66.1,40.8,,,99.90322580645162,98.3225806451613,113.12903225806451,15.34290323,463.0
2019-08-21,3,8,2019,21,46000.0,35,10.5,,10863,1747.4,1472.4,2385,110,52,2385,1217,3437,414897462.53999996,78915191.31,187609599.64999998,144002609.58000004,861.0611935238547,280.6221914527356,47.4125,43.555,44.575,39156399,12497977,101.19354838709677,107.19354838709677,259.6,1002.6,692.3,32388.8,91013.7,73212.9,66.1,40.8,,,99.90322580645162,98.3225806451613,113.12903225806451,15.34290323,463.0
2019-08-22,3,8,2019,22,45000.0,29,10.5,,10863,1747.4,1472.4,2385,110,52,2385,1217,3437,414897462.53999996,78915191.31,187609599.64999998,144002609.58000004,861.0611935238547,280.6221914527356,47.4125,43.555,44.575,39156399,12497977,101.19354838709677,107.19354838709677,259.6,1002.6,692.3,32388.8,91013.7,73212.9,66.1,40.8,,,99.90322580645162,98.3225806451613,113.12903225806451,15.34290323,463.0
2019-08-23,3,8,2019,23,41250.0,32,10.5,,10863,1747.4,1472.4,2385,110,52,2385,1217,3437,414897462.53999996,78915191.31,187609599.64999998,144002609.58000004,861.0611935238547,280.6221914527356,47.4125,43.555,44.575,39156399,12497977,101.19354838709677,107.19354838709677,259.6,1002.6,692.3,32388.8,91013.7,73212.9,66.1,40.8,,,99.90322580645162,98.3225806451613,113.12903225806451,15.34290323,463.0
2019-08-24,3,8,2019,24,47500.0,12,10.5,,10863,1747.4,1472.4,2385,110,52,2385,1217,3437,414897462.53999996,78915191.31,187609599.64999998,144002609.58000004,861.0611935238547,280.6221914527356,47.4125,43.555,44.575,39156399,12497977,101.19354838709677,107.19354838709677,259.6,1002.6,692.3,32388.8,91013.7,73212.9,66.1,40.8,,,99.90322580645162,98.3225806451613,113.12903225806451,15.34290323,463.0
2019-08-25,3,8,2019,25,37500.0,6,10.5,,10863,1747.4,1472.4,2385,110,52,2385,1217,3437,414897462.53999996,78915191.31,187609599.64999998,144002609.58000004,861.0611935238547,280.6221914527356,47.4125,43.555,44.575,39156399,12497977,101.19354838709677,107.19354838709677,259.6,1002.6,692.3,32388.8,91013.7,73212.9,66.1,40.8,,,99.90322580645162,98.3225806451613,113.12903225806451,15.34290323,463.0
2019-08-26,3,8,2019,26,45000.0,39,10.5,,10863,1747.4,1472.4,2385,110,52,2385,1217,3437,414897462.53999996,78915191.31,187609599.64999998,144002609.58000004,861.0611935238547,280.6221914527356,47.4125,43.555,44.575,39156399,12497977,101.19354838709677,107.19354838709677,259.6,1002.6,692.3,32388.8,91013.7,73212.9,66.1,40.8,,,99.90322580645162,98.3225806451613,113.12903225806451,15.34290323,463.0
2019-08-27,3,8,2019,27,42500.0,24,10.5,,10863,1747.4,1472.4,2385,110,52,2385,1217,3437,414897462.53999996,78915191.31,187609599.64999998,144002609.58000004,861.0611935238547,280.6221914527356,47.4125,43.555,44.575,39156399,12497977,101.19354838709677,107.19354838709677,259.6,1002.6,692.3,32388.8,91013.7,73212.9,66.1,40.8,,,99.90322580645162,98.3225806451613,113.12903225806451,15.34290323,463.0
2019-08-28,3,8,2019,28,40500.0,31,10.5,,10863,1747.4,1472.4,2385,110,52,2385,1217,3437,414897462.53999996,78915191.31,187609599.64999998,144002609.58000004,861.0611935238547,280.6221914527356,47.4125,43.555,44.575,39156399,12497977,101.19354838709677,107.19354838709677,259.6,1002.6,692.3,32388.8,91013.7,73212.9,66.1,40.8,,,99.90322580645162,98.3225806451613,113.12903225806451,15.34290323,463.0
2019-08-29,3,8,2019,29,50000.0,22,10.5,,10863,1747.4,1472.4,2385,110,52,2385,1217,3437,414897462.53999996,78915191.31,187609599.64999998,144002609.58000004,861.0611935238547,280.6221914527356,47.4125,43.555,44.575,39156399,12497977,101.19354838709677,107.19354838709677,259.6,1002.6,692.3,32388.8,91013.7,73212.9,66.1,40.8,,,99.90322580645162,98.3225806451613,113.12903225806451,15.34290323,463.0
2019-08-30,3,8,2019,30,40000.0,24,10.5,,10863,1747.4,1472.4,2385,110,52,2385,1217,3437,414897462.53999996,78915191.31,187609599.64999998,144002609.58000004,861.0611935238547,280.6221914527356,47.4125,43.555,44.575,39156399,12497977,101.19354838709677,107.19354838709677,259.6,1002.6,692.3,32388.8,91013.7,73212.9,66.1,40.8,,,99.90322580645162,98.3225806451613,113.12903225806451,15.34290323,463.0
2019-08-31,3,8,2019,31,45000.0,6,10.5,,10863,1747.4,1472.4,2385,110,52,2385,1217,3437,414897462.53999996,78915191.31,187609599.64999998,144002609.58000004,861.0611935238547,280.6221914527356,47.4125,43.555,44.575,39156399,12497977,101.19354838709677,107.19354838709677,259.6,1002.6,692.3,32388.8,91013.7,73212.9,66.1,40.8,,,99.90322580645162,98.3225806451613,113.12903225806451,15.34290323,463.0
2019-09-01,3,9,2019,1,43500.0,5,10.5,,13480,1747.4,1472.4,2410,216,106,2410,1226,3450,445673110.29999995,64689774.849999964,271026268.0100001,105633452.13,861.0611935238547,280.6221914527356,47.4025,43.557500000000005,44.5625,39156399,12497977,106.86666666666666,99.9,256,989.5,680.2,32586.3,87955.9,72081.4,66.1,40.8,,,105.3,98.8,109.13333333333334,15.669,463.0
2019-09-02,3,9,2019,2,50000.0,35,10.5,,13480,1747.4,1472.4,2410,216,106,2410,1226,3450,445673110.29999995,64689774.849999964,271026268.0100001,105633452.13,861.0611935238547,280.6221914527356,47.4025,43.557500000000005,44.5625,39156399,12497977,106.86666666666666,99.9,256,989.5,680.2,32586.3,87955.9,72081.4,66.1,40.8,,,105.3,98.8,109.13333333333334,15.669,463.0
2019-09-03,3,9,2019,3,45000.0,27,10.5,,13480,1747.4,1472.4,2410,216,106,2410,1226,3450,445673110.29999995,64689774.849999964,271026268.0100001,105633452.13,861.0611935238547,280.6221914527356,47.4025,43.557500000000005,44.5625,39156399,12497977,106.86666666666666,99.9,256,989.5,680.2,32586.3,87955.9,72081.4,66.1,40.8,,,105.3,98.8,109.13333333333334,15.669,463.0
2019-09-04,3,9,2019,4,47500.0,35,10.5,,13480,1747.4,1472.4,2410,216,106,2410,1226,3450,445673110.29999995,64689774.849999964,271026268.0100001,105633452.13,861.0611935238547,280.6221914527356,47.4025,43.557500000000005,44.5625,39156399,12497977,106.86666666666666,99.9,256,989.5,680.2,32586.3,87955.9,72081.4,66.1,40.8,,,105.3,98.8,109.13333333333334,15.669,463.0
2019-09-05,3,9,2019,5,40000.0,31,10.5,,13480,1747.4,1472.4,2410,216,106,2410,1226,3450,445673110.29999995,64689774.849999964,271026268.0100001,105633452.13,861.0611935238547,280.6221914527356,47.4025,43.557500000000005,44.5625,39156399,12497977,106.86666666666666,99.9,256,989.5,680.2,32586.3,87955.9,72081.4,66.1,40.8,,,105.3,98.8,109.13333333333334,15.669,463.0
2019-09-06,3,9,2019,6,47500.0,22,10.5,,13480,1747.4,1472.4,2410,216,106,2410,1226,3450,445673110.29999995,64689774.849999964,271026268.0100001,105633452.13,861.0611935238547,280.6221914527356,47.4025,43.557500000000005,44.5625,39156399,12497977,106.86666666666666,99.9,256,989.5,680.2,32586.3,87955.9,72081.4,66.1,40.8,,,105.3,98.8,109.13333333333334,15.669,463.0
2019-09-07,3,9,2019,7,45000.0,7,10.5,,13480,1747.4,1472.4,2410,216,106,2410,1226,3450,445673110.29999995,64689774.849999964,271026268.0100001,105633452.13,861.0611935238547,280.6221914527356,47.4025,43.557500000000005,44.5625,39156399,12497977,106.86666666666666,99.9,256,989.5,680.2,32586.3,87955.9,72081.4,66.1,40.8,,,105.3,98.8,109.13333333333334,15.669,463.0
2019-09-08,3,9,2019,8,56250.0,6,10.5,,13480,1747.4,1472.4,2410,216,106,2410,1226,3450,445673110.29999995,64689774.849999964,271026268.0100001,105633452.13,861.0611935238547,280.6221914527356,47.4025,43.557500000000005,44.5625,39156399,12497977,106.86666666666666,99.9,256,989.5,680.2,32586.3,87955.9,72081.4,66.1,40.8,,,105.3,98.8,109.13333333333334,15.669,463.0
2019-09-09,3,9,2019,9,40000.0,29,10.5,,13480,1747.4,1472.4,2410,216,106,2410,1226,3450,445673110.29999995,64689774.849999964,271026268.0100001,105633452.13,861.0611935238547,280.6221914527356,47.4025,43.557500000000005,44.5625,39156399,12497977,106.86666666666666,99.9,256,989.5,680.2,32586.3,87955.9,72081.4,66.1,40.8,,,105.3,98.8,109.13333333333334,15.669,463.0
2019-09-10,3,9,2019,10,45000.0,28,10.5,,13480,1747.4,1472.4,2410,216,106,2410,1226,3450,445673110.29999995,64689774.849999964,271026268.0100001,105633452.13,861.0611935238547,280.6221914527356,47.4025,43.557500000000005,44.5625,39156399,12497977,106.86666666666666,99.9,256,989.5,680.2,32586.3,87955.9,72081.4,66.1,40.8,,,105.3,98.8,109.13333333333334,15.669,463.0
2019-09-11,3,9,2019,11,41250.0,26,10.5,,13480,1747.4,1472.4,2410,216,106,2410,1226,3450,445673110.29999995,64689774.849999964,271026268.0100001,105633452.13,861.0611935238547,280.6221914527356,47.4025,43.557500000000005,44.5625,39156399,12497977,106.86666666666666,99.9,256,989.5,680.2,32586.3,87955.9,72081.4,66.1,40.8,,,105.3,98.8,109.13333333333334,15.669,463.0
2019-09-12,3,9,2019,12,42900.0,34,10.5,,13480,1747.4,1472.4,2410,216,106,2410,1226,3450,445673110.29999995,64689774.849999964,271026268.0100001,105633452.13,861.0611935238547,280.6221914527356,47.4025,43.557500000000005,44.5625,39156399,12497977,106.86666666666666,99.9,256,989.5,680.2,32586.3,87955.9,72081.4,66.1,40.8,,,105.3,98.8,109.13333333333334,15.669,463.0
2019-09-13,3,9,2019,13,42500.0,18,10.5,,13480,1747.4,1472.4,2410,216,106,2410,1226,3450,445673110.29999995,64689774.849999964,271026268.0100001,105633452.13,861.0611935238547,280.6221914527356,47.4025,43.557500000000005,44.5625,39156399,12497977,106.86666666666666,99.9,256,989.5,680.2,32586.3,87955.9,72081.4,66.1,40.8,,,105.3,98.8,109.13333333333334,15.669,463.0
2019-09-14,3,9,2019,14,40000.0,8,10.5,,13480,1747.4,1472.4,2410,216,106,2410,1226,3450,445673110.29999995,64689774.849999964,271026268.0100001,105633452.13,861.0611935238547,280.6221914527356,47.4025,43.557500000000005,44.5625,39156399,12497977,106.86666666666666,99.9,256,989.5,680.2,32586.3,87955.9,72081.4,66.1,40.8,,,105.3,98.8,109.13333333333334,15.669,463.0
2019-09-15,3,9,2019,15,47500.0,10,10.5,,13480,1747.4,1472.4,2410,216,106,2410,1226,3450,445673110.29999995,64689774.849999964,271026268.0100001,105633452.13,861.0611935238547,280.6221914527356,47.4025,43.557500000000005,44.5625,39156399,12497977,106.86666666666666,99.9,256,989.5,680.2,32586.3,87955.9,72081.4,66.1,40.8,,,105.3,98.8,109.13333333333334,15.669,463.0
2019-09-16,3,9,2019,16,47500.0,36,10.5,,13480,1747.4,1472.4,2410,216,106,2410,1226,3450,445673110.29999995,64689774.849999964,271026268.0100001,105633452.13,861.0611935238547,280.6221914527356,47.4025,43.557500000000005,44.5625,39156399,12497977,106.86666666666666,99.9,256,989.5,680.2,32586.3,87955.9,72081.4,66.1,40.8,,,105.3,98.8,109.13333333333334,15.669,463.0
2019-09-17,3,9,2019,17,40000.0,25,10.5,,13480,1747.4,1472.4,2410,216,106,2410,1226,3450,445673110.29999995,64689774.849999964,271026268.0100001,105633452.13,861.0611935238547,280.6221914527356,47.4025,43.557500000000005,44.5625,39156399,12497977,106.86666666666666,99.9,256,989.5,680.2,32586.3,87955.9,72081.4,66.1,40.8,,,105.3,98.8,109.13333333333334,15.669,463.0
2019-09-18,3,9,2019,18,45000.0,37,10.5,,13480,1747.4,1472.4,2410,216,106,2410,1226,3450,445673110.29999995,64689774.849999964,271026268.0100001,105633452.13,861.0611935238547,280.6221914527356,47.4025,43.557500000000005,44.5625,39156399,12497977,106.86666666666666,99.9,256,989.5,680.2,32586.3,87955.9,72081.4,66.1,40.8,,,105.3,98.8,109.13333333333334,15.669,463.0
2019-09-19,3,9,2019,19,42500.0,22,10.5,,13480,1747.4,1472.4,2410,216,106,2410,1226,3450,445673110.29999995,64689774.849999964,271026268.0100001,105633452.13,861.0611935238547,280.6221914527356,47.4025,43.557500000000005,44.5625,39156399,12497977,106.86666666666666,99.9,256,989.5,680.2,32586.3,87955.9,72081.4,66.1,40.8,,,105.3,98.8,109.13333333333334,15.669,463.0
2019-09-20,3,9,2019,20,52500.0,30,10.5,,13480,1747.4,1472.4,2410,216,106,2410,1226,3450,445673110.29999995,64689774.849999964,271026268.0100001,105633452.13,861.0611935238547,280.6221914527356,47.4025,43.557500000000005,44.5625,39156399,12497977,106.86666666666666,99.9,256,989.5,680.2,32586.3,87955.9,72081.4,66.1,40.8,,,105.3,98.8,109.13333333333334,15.669,463.0
2019-09-21,3,9,2019,21,50000.0,5,10.5,,13480,1747.4,1472.4,2410,216,106,2410,1226,3450,445673110.29999995,64689774.849999964,271026268.0100001,105633452.13,861.0611935238547,280.6221914527356,47.4025,43.557500000000005,44.5625,39156399,12497977,106.86666666666666,99.9,256,989.5,680.2,32586.3,87955.9,72081.4,66.1,40.8,,,105.3,98.8,109.13333333333334,15.669,463.0
2019-09-22,3,9,2019,22,25000.0,1,10.5,,13480,1747.4,1472.4,2410,216,106,2410,1226,3450,445673110.29999995,64689774.849999964,271026268.0100001,105633452.13,861.0611935238547,280.6221914527356,47.4025,43.557500000000005,44.5625,39156399,12497977,106.86666666666666,99.9,256,989.5,680.2,32586.3,87955.9,72081.4,66.1,40.8,,,105.3,98.8,109.13333333333334,15.669,463.0
2019-09-23,3,9,2019,23,50000.0,21,10.5,,13480,1747.4,1472.4,2410,216,106,2410,1226,3450,445673110.29999995,64689774.849999964,271026268.0100001,105633452.13,861.0611935238547,280.6221914527356,47.4025,43.557500000000005,44.5625,39156399,12497977,106.86666666666666,99.9,256,989.5,680.2,32586.3,87955.9,72081.4,66.1,40.8,,,105.3,98.8,109.13333333333334,15.669,463.0
2019-09-24,3,9,2019,24,52500.0,20,10.5,,13480,1747.4,1472.4,2410,216,106,2410,1226,3450,445673110.29999995,64689774.849999964,271026268.0100001,105633452.13,861.0611935238547,280.6221914527356,47.4025,43.557500000000005,44.5625,39156399,12497977,106.86666666666666,99.9,256,989.5,680.2,32586.3,87955.9,72081.4,66.1,40.8,,,105.3,98.8,109.13333333333334,15.669,463.0
2019-09-25,3,9,2019,25,45000.0,29,10.5,,13480,1747.4,1472.4,2410,216,106,2410,1226,3450,445673110.29999995,64689774.849999964,271026268.0100001,105633452.13,861.0611935238547,280.6221914527356,47.4025,43.557500000000005,44.5625,39156399,12497977,106.86666666666666,99.9,256,989.5,680.2,32586.3,87955.9,72081.4,66.1,40.8,,,105.3,98.8,109.13333333333334,15.669,463.0
2019-09-26,3,9,2019,26,40000.0,28,10.5,,13480,1747.4,1472.4,2410,216,106,2410,1226,3450,445673110.29999995,64689774.849999964,271026268.0100001,105633452.13,861.0611935238547,280.6221914527356,47.4025,43.557500000000005,44.5625,39156399,12497977,106.86666666666666,99.9,256,989.5,680.2,32586.3,87955.9,72081.4,66.1,40.8,,,105.3,98.8,109.13333333333334,15.669,463.0
2019-09-27,3,9,2019,27,42500.0,27,10.5,,13480,1747.4,1472.4,2410,216,106,2410,1226,3450,445673110.29999995,64689774.849999964,271026268.0100001,105633452.13,861.0611935238547,280.6221914527356,47.4025,43.557500000000005,44.5625,39156399,12497977,106.86666666666666,99.9,256,989.5,680.2,32586.3,87955.9,72081.4,66.1,40.8,,,105.3,98.8,109.13333333333334,15.669,463.0
2019-09-28,3,9,2019,28,40000.0,9,10.5,,13480,1747.4,1472.4,2410,216,106,2410,1226,3450,445673110.29999995,64689774.849999964,271026268.0100001,105633452.13,861.0611935238547,280.6221914527356,47.4025,43.557500000000005,44.5625,39156399,12497977,106.86666666666666,99.9,256,989.5,680.2,32586.3,87955.9,72081.4,66.1,40.8,,,105.3,98.8,109.13333333333334,15.669,463.0
2019-09-29,3,9,2019,29,30750.0,2,10.5,,13480,1747.4,1472.4,2410,216,106,2410,1226,3450,445673110.29999995,64689774.849999964,271026268.0100001,105633452.13,861.0611935238547,280.6221914527356,47.4025,43.557500000000005,44.5625,39156399,12497977,106.86666666666666,99.9,256,989.5,680.2,32586.3,87955.9,72081.4,66.1,40.8,,,105.3,98.8,109.13333333333334,15.669,463.0
2019-09-30,3,9,2019,30,40000.0,31,10.5,,13480,1747.4,1472.4,2410,216,106,2410,1226,3450,445673110.29999995,64689774.849999964,271026268.0100001,105633452.13,861.0611935238547,280.6221914527356,47.4025,43.557500000000005,44.5625,39156399,12497977,106.86666666666666,99.9,256,989.5,680.2,32586.3,87955.9,72081.4,66.1,40.8,,,105.3,98.8,109.13333333333334,15.669,463.0
2019-10-01,4,10,2019,1,50000.0,22,9.299999999999997,,14038,2493.1,2220.7000000000003,2610,427,211,2610,1285,3679,525011614.9299998,139244057.34999996,319700517.41999984,51689942.99000001,793.1390568718208,231.51153945190362,47.4975,43.68249999999999,44.9675,36056432,10489402,99.90322580645162,99.19354838709677,238.9,979.1,656.1,46749.4,94882.2,78098.9,93.99999999999994,42.70000000000002,,,104.16129032258064,119.29032258064517,103.74193548387096,16.11935484,463.0
2019-10-02,4,10,2019,2,50000.0,25,9.299999999999997,,14038,2493.1,2220.7000000000003,2610,427,211,2610,1285,3679,525011614.9299998,139244057.34999996,319700517.41999984,51689942.99000001,793.1390568718208,231.51153945190362,47.4975,43.68249999999999,44.9675,36056432,10489402,99.90322580645162,99.19354838709677,238.9,979.1,656.1,46749.4,94882.2,78098.9,93.99999999999994,42.70000000000002,,,104.16129032258064,119.29032258064517,103.74193548387096,16.11935484,463.0
2019-10-03,4,10,2019,3,42500.0,30,9.299999999999997,,14038,2493.1,2220.7000000000003,2610,427,211,2610,1285,3679,525011614.9299998,139244057.34999996,319700517.41999984,51689942.99000001,793.1390568718208,231.51153945190362,47.4975,43.68249999999999,44.9675,36056432,10489402,99.90322580645162,99.19354838709677,238.9,979.1,656.1,46749.4,94882.2,78098.9,93.99999999999994,42.70000000000002,,,104.16129032258064,119.29032258064517,103.74193548387096,16.11935484,463.0
2019-10-04,4,10,2019,4,47500.0,29,9.299999999999997,,14038,2493.1,2220.7000000000003,2610,427,211,2610,1285,3679,525011614.9299998,139244057.34999996,319700517.41999984,51689942.99000001,793.1390568718208,231.51153945190362,47.4975,43.68249999999999,44.9675,36056432,10489402,99.90322580645162,99.19354838709677,238.9,979.1,656.1,46749.4,94882.2,78098.9,93.99999999999994,42.70000000000002,,,104.16129032258064,119.29032258064517,103.74193548387096,16.11935484,463.0
2019-10-05,4,10,2019,5,40000.0,6,9.299999999999997,,14038,2493.1,2220.7000000000003,2610,427,211,2610,1285,3679,525011614.9299998,139244057.34999996,319700517.41999984,51689942.99000001,793.1390568718208,231.51153945190362,47.4975,43.68249999999999,44.9675,36056432,10489402,99.90322580645162,99.19354838709677,238.9,979.1,656.1,46749.4,94882.2,78098.9,93.99999999999994,42.70000000000002,,,104.16129032258064,119.29032258064517,103.74193548387096,16.11935484,463.0
2019-10-06,4,10,2019,6,55000.0,9,9.299999999999997,,14038,2493.1,2220.7000000000003,2610,427,211,2610,1285,3679,525011614.9299998,139244057.34999996,319700517.41999984,51689942.99000001,793.1390568718208,231.51153945190362,47.4975,43.68249999999999,44.9675,36056432,10489402,99.90322580645162,99.19354838709677,238.9,979.1,656.1,46749.4,94882.2,78098.9,93.99999999999994,42.70000000000002,,,104.16129032258064,119.29032258064517,103.74193548387096,16.11935484,463.0
2019-10-07,4,10,2019,7,50000.0,31,9.299999999999997,,14038,2493.1,2220.7000000000003,2610,427,211,2610,1285,3679,525011614.9299998,139244057.34999996,319700517.41999984,51689942.99000001,793.1390568718208,231.51153945190362,47.4975,43.68249999999999,44.9675,36056432,10489402,99.90322580645162,99.19354838709677,238.9,979.1,656.1,46749.4,94882.2,78098.9,93.99999999999994,42.70000000000002,,,104.16129032258064,119.29032258064517,103.74193548387096,16.11935484,463.0
2019-10-08,4,10,2019,8,41250.0,28,9.299999999999997,,14038,2493.1,2220.7000000000003,2610,427,211,2610,1285,3679,525011614.9299998,139244057.34999996,319700517.41999984,51689942.99000001,793.1390568718208,231.51153945190362,47.4975,43.68249999999999,44.9675,36056432,10489402,99.90322580645162,99.19354838709677,238.9,979.1,656.1,46749.4,94882.2,78098.9,93.99999999999994,42.70000000000002,,,104.16129032258064,119.29032258064517,103.74193548387096,16.11935484,463.0
2019-10-09,4,10,2019,9,50000.0,35,9.299999999999997,,14038,2493.1,2220.7000000000003,2610,427,211,2610,1285,3679,525011614.9299998,139244057.34999996,319700517.41999984,51689942.99000001,793.1390568718208,231.51153945190362,47.4975,43.68249999999999,44.9675,36056432,10489402,99.90322580645162,99.19354838709677,238.9,979.1,656.1,46749.4,94882.2,78098.9,93.99999999999994,42.70000000000002,,,104.16129032258064,119.29032258064517,103.74193548387096,16.11935484,463.0
2019-10-10,4,10,2019,10,50000.0,21,9.299999999999997,,14038,2493.1,2220.7000000000003,2610,427,211,2610,1285,3679,525011614.9299998,139244057.34999996,319700517.41999984,51689942.99000001,793.1390568718208,231.51153945190362,47.4975,43.68249999999999,44.9675,36056432,10489402,99.90322580645162,99.19354838709677,238.9,979.1,656.1,46749.4,94882.2,78098.9,93.99999999999994,42.70000000000002,,,104.16129032258064,119.29032258064517,103.74193548387096,16.11935484,463.0
2019-10-11,4,10,2019,11,50000.0,29,9.299999999999997,,14038,2493.1,2220.7000000000003,2610,427,211,2610,1285,3679,525011614.9299998,139244057.34999996,319700517.41999984,51689942.99000001,793.1390568718208,231.51153945190362,47.4975,43.68249999999999,44.9675,36056432,10489402,99.90322580645162,99.19354838709677,238.9,979.1,656.1,46749.4,94882.2,78098.9,93.99999999999994,42.70000000000002,,,104.16129032258064,119.29032258064517,103.74193548387096,16.11935484,463.0
2019-10-12,4,10,2019,12,40000.0,6,9.299999999999997,,14038,2493.1,2220.7000000000003,2610,427,211,2610,1285,3679,525011614.9299998,139244057.34999996,319700517.41999984,51689942.99000001,793.1390568718208,231.51153945190362,47.4975,43.68249999999999,44.9675,36056432,10489402,99.90322580645162,99.19354838709677,238.9,979.1,656.1,46749.4,94882.2,78098.9,93.99999999999994,42.70000000000002,,,104.16129032258064,119.29032258064517,103.74193548387096,16.11935484,463.0
2019-10-13,4,10,2019,13,100000.0,5,9.299999999999997,,14038,2493.1,2220.7000000000003,2610,427,211,2610,1285,3679,525011614.9299998,139244057.34999996,319700517.41999984,51689942.99000001,793.1390568718208,231.51153945190362,47.4975,43.68249999999999,44.9675,36056432,10489402,99.90322580645162,99.19354838709677,238.9,979.1,656.1,46749.4,94882.2,78098.9,93.99999999999994,42.70000000000002,,,104.16129032258064,119.29032258064517,103.74193548387096,16.11935484,463.0
2019-10-14,4,10,2019,14,40000.0,25,9.299999999999997,,14038,2493.1,2220.7000000000003,2610,427,211,2610,1285,3679,525011614.9299998,139244057.34999996,319700517.41999984,51689942.99000001,793.1390568718208,231.51153945190362,47.4975,43.68249999999999,44.9675,36056432,10489402,99.90322580645162,99.19354838709677,238.9,979.1,656.1,46749.4,94882.2,78098.9,93.99999999999994,42.70000000000002,,,104.16129032258064,119.29032258064517,103.74193548387096,16.11935484,463.0
2019-10-15,4,10,2019,15,45000.0,43,9.299999999999997,,14038,2493.1,2220.7000000000003,2610,427,211,2610,1285,3679,525011614.9299998,139244057.34999996,319700517.41999984,51689942.99000001,793.1390568718208,231.51153945190362,47.4975,43.68249999999999,44.9675,36056432,10489402,99.90322580645162,99.19354838709677,238.9,979.1,656.1,46749.4,94882.2,78098.9,93.99999999999994,42.70000000000002,,,104.16129032258064,119.29032258064517,103.74193548387096,16.11935484,463.0
2019-10-16,4,10,2019,16,45000.0,27,9.299999999999997,,14038,2493.1,2220.7000000000003,2610,427,211,2610,1285,3679,525011614.9299998,139244057.34999996,319700517.41999984,51689942.99000001,793.1390568718208,231.51153945190362,47.4975,43.68249999999999,44.9675,36056432,10489402,99.90322580645162,99.19354838709677,238.9,979.1,656.1,46749.4,94882.2,78098.9,93.99999999999994,42.70000000000002,,,104.16129032258064,119.29032258064517,103.74193548387096,16.11935484,463.0
2019-10-17,4,10,2019,17,50000.0,28,9.299999999999997,,14038,2493.1,2220.7000000000003,2610,427,211,2610,1285,3679,525011614.9299998,139244057.34999996,319700517.41999984,51689942.99000001,793.1390568718208,231.51153945190362,47.4975,43.68249999999999,44.9675,36056432,10489402,99.90322580645162,99.19354838709677,238.9,979.1,656.1,46749.4,94882.2,78098.9,93.99999999999994,42.70000000000002,,,104.16129032258064,119.29032258064517,103.74193548387096,16.11935484,463.0
2019-10-18,4,10,2019,18,45000.0,23,9.299999999999997,,14038,2493.1,2220.7000000000003,2610,427,211,2610,1285,3679,525011614.9299998,139244057.34999996,319700517.41999984,51689942.99000001,793.1390568718208,231.51153945190362,47.4975,43.68249999999999,44.9675,36056432,10489402,99.90322580645162,99.19354838709677,238.9,979.1,656.1,46749.4,94882.2,78098.9,93.99999999999994,42.70000000000002,,,104.16129032258064,119.29032258064517,103.74193548387096,16.11935484,463.0
2019-10-19,4,10,2019,19,45000.0,5,9.299999999999997,,14038,2493.1,2220.7000000000003,2610,427,211,2610,1285,3679,525011614.9299998,139244057.34999996,319700517.41999984,51689942.99000001,793.1390568718208,231.51153945190362,47.4975,43.68249999999999,44.9675,36056432,10489402,99.90322580645162,99.19354838709677,238.9,979.1,656.1,46749.4,94882.2,78098.9,93.99999999999994,42.70000000000002,,,104.16129032258064,119.29032258064517,103.74193548387096,16.11935484,463.0
2019-10-20,4,10,2019,20,41250.0,4,9.299999999999997,,14038,2493.1,2220.7000000000003,2610,427,211,2610,1285,3679,525011614.9299998,139244057.34999996,319700517.41999984,51689942.99000001,793.1390568718208,231.51153945190362,47.4975,43.68249999999999,44.9675,36056432,10489402,99.90322580645162,99.19354838709677,238.9,979.1,656.1,46749.4,94882.2,78098.9,93.99999999999994,42.70000000000002,,,104.16129032258064,119.29032258064517,103.74193548387096,16.11935484,463.0
2019-10-21,4,10,2019,21,50000.0,33,9.299999999999997,,14038,2493.1,2220.7000000000003,2610,427,211,2610,1285,3679,525011614.9299998,139244057.34999996,319700517.41999984,51689942.99000001,793.1390568718208,231.51153945190362,47.4975,43.68249999999999,44.9675,36056432,10489402,99.90322580645162,99.19354838709677,238.9,979.1,656.1,46749.4,94882.2,78098.9,93.99999999999994,42.70000000000002,,,104.16129032258064,119.29032258064517,103.74193548387096,16.11935484,463.0
2019-10-22,4,10,2019,22,45000.0,33,9.299999999999997,,14038,2493.1,2220.7000000000003,2610,427,211,2610,1285,3679,525011614.9299998,139244057.34999996,319700517.41999984,51689942.99000001,793.1390568718208,231.51153945190362,47.4975,43.68249999999999,44.9675,36056432,10489402,99.90322580645162,99.19354838709677,238.9,979.1,656.1,46749.4,94882.2,78098.9,93.99999999999994,42.70000000000002,,,104.16129032258064,119.29032258064517,103.74193548387096,16.11935484,463.0
2019-10-23,4,10,2019,23,45000.0,33,9.299999999999997,,14038,2493.1,2220.7000000000003,2610,427,211,2610,1285,3679,525011614.9299998,139244057.34999996,319700517.41999984,51689942.99000001,793.1390568718208,231.51153945190362,47.4975,43.68249999999999,44.9675,36056432,10489402,99.90322580645162,99.19354838709677,238.9,979.1,656.1,46749.4,94882.2,78098.9,93.99999999999994,42.70000000000002,,,104.16129032258064,119.29032258064517,103.74193548387096,16.11935484,463.0
2019-10-24,4,10,2019,24,45000.0,23,9.299999999999997,,14038,2493.1,2220.7000000000003,2610,427,211,2610,1285,3679,525011614.9299998,139244057.34999996,319700517.41999984,51689942.99000001,793.1390568718208,231.51153945190362,47.4975,43.68249999999999,44.9675,36056432,10489402,99.90322580645162,99.19354838709677,238.9,979.1,656.1,46749.4,94882.2,78098.9,93.99999999999994,42.70000000000002,,,104.16129032258064,119.29032258064517,103.74193548387096,16.11935484,463.0
2019-10-25,4,10,2019,25,50000.0,29,9.299999999999997,,14038,2493.1,2220.7000000000003,2610,427,211,2610,1285,3679,525011614.9299998,139244057.34999996,319700517.41999984,51689942.99000001,793.1390568718208,231.51153945190362,47.4975,43.68249999999999,44.9675,36056432,10489402,99.90322580645162,99.19354838709677,238.9,979.1,656.1,46749.4,94882.2,78098.9,93.99999999999994,42.70000000000002,,,104.16129032258064,119.29032258064517,103.74193548387096,16.11935484,463.0
2019-10-26,4,10,2019,26,60000.0,11,9.299999999999997,,14038,2493.1,2220.7000000000003,2610,427,211,2610,1285,3679,525011614.9299998,139244057.34999996,319700517.41999984,51689942.99000001,793.1390568718208,231.51153945190362,47.4975,43.68249999999999,44.9675,36056432,10489402,99.90322580645162,99.19354838709677,238.9,979.1,656.1,46749.4,94882.2,78098.9,93.99999999999994,42.70000000000002,,,104.16129032258064,119.29032258064517,103.74193548387096,16.11935484,463.0
2019-10-27,4,10,2019,27,40000.0,7,9.299999999999997,,14038,2493.1,2220.7000000000003,2610,427,211,2610,1285,3679,525011614.9299998,139244057.34999996,319700517.41999984,51689942.99000001,793.1390568718208,231.51153945190362,47.4975,43.68249999999999,44.9675,36056432,10489402,99.90322580645162,99.19354838709677,238.9,979.1,656.1,46749.4,94882.2,78098.9,93.99999999999994,42.70000000000002,,,104.16129032258064,119.29032258064517,103.74193548387096,16.11935484,463.0
2019-10-28,4,10,2019,28,50000.0,41,9.299999999999997,,14038,2493.1,2220.7000000000003,2610,427,211,2610,1285,3679,525011614.9299998,139244057.34999996,319700517.41999984,51689942.99000001,793.1390568718208,231.51153945190362,47.4975,43.68249999999999,44.9675,36056432,10489402,99.90322580645162,99.19354838709677,238.9,979.1,656.1,46749.4,94882.2,78098.9,93.99999999999994,42.70000000000002,,,104.16129032258064,119.29032258064517,103.74193548387096,16.11935484,463.0
2019-10-29,4,10,2019,29,47500.0,21,9.299999999999997,,14038,2493.1,2220.7000000000003,2610,427,211,2610,1285,3679,525011614.9299998,139244057.34999996,319700517.41999984,51689942.99000001,793.1390568718208,231.51153945190362,47.4975,43.68249999999999,44.9675,36056432,10489402,99.90322580645162,99.19354838709677,238.9,979.1,656.1,46749.4,94882.2,78098.9,93.99999999999994,42.70000000000002,,,104.16129032258064,119.29032258064517,103.74193548387096,16.11935484,463.0
2019-10-30,4,10,2019,30,46000.0,21,9.299999999999997,,14038,2493.1,2220.7000000000003,2610,427,211,2610,1285,3679,525011614.9299998,139244057.34999996,319700517.41999984,51689942.99000001,793.1390568718208,231.51153945190362,47.4975,43.68249999999999,44.9675,36056432,10489402,99.90322580645162,99.19354838709677,238.9,979.1,656.1,46749.4,94882.2,78098.9,93.99999999999994,42.70000000000002,,,104.16129032258064,119.29032258064517,103.74193548387096,16.11935484,463.0
2019-10-31,4,10,2019,31,50000.0,24,9.299999999999997,,14038,2493.1,2220.7000000000003,2610,427,211,2610,1285,3679,525011614.9299998,139244057.34999996,319700517.41999984,51689942.99000001,793.1390568718208,231.51153945190362,47.4975,43.68249999999999,44.9675,36056432,10489402,99.90322580645162,99.19354838709677,238.9,979.1,656.1,46749.4,94882.2,78098.9,93.99999999999994,42.70000000000002,,,104.16129032258064,119.29032258064517,103.74193548387096,16.11935484,463.0
2019-11-01,4,11,2019,1,43750.0,26,9.299999999999997,1260747.8900000006,13445,2493.1,2220.7000000000003,2800,735,308,2800,1437,3892,705917662.06,157622354.19000006,377613865.25,147298486.22000003,793.1390568718208,231.51153945190362,47.4275,43.580000000000005,45.2675,36056432,10489402,109.4,101,236.3,976.8,706.4,47675.5,92998.5,84162.2,93.99999999999994,42.70000000000002,,,109.46666666666667,111.46666666666667,102.13333333333334,16.509,463.0
2019-11-02,4,11,2019,2,42500.0,5,9.299999999999997,1260747.8900000006,13445,2493.1,2220.7000000000003,2800,735,308,2800,1437,3892,705917662.06,157622354.19000006,377613865.25,147298486.22000003,793.1390568718208,231.51153945190362,47.4275,43.580000000000005,45.2675,36056432,10489402,109.4,101,236.3,976.8,706.4,47675.5,92998.5,84162.2,93.99999999999994,42.70000000000002,,,109.46666666666667,111.46666666666667,102.13333333333334,16.509,463.0
2019-11-03,4,11,2019,3,65000.0,7,9.299999999999997,1260747.8900000006,13445,2493.1,2220.7000000000003,2800,735,308,2800,1437,3892,705917662.06,157622354.19000006,377613865.25,147298486.22000003,793.1390568718208,231.51153945190362,47.4275,43.580000000000005,45.2675,36056432,10489402,109.4,101,236.3,976.8,706.4,47675.5,92998.5,84162.2,93.99999999999994,42.70000000000002,,,109.46666666666667,111.46666666666667,102.13333333333334,16.509,463.0
2019-11-04,4,11,2019,4,52500.0,16,9.299999999999997,1260747.8900000006,13445,2493.1,2220.7000000000003,2800,735,308,2800,1437,3892,705917662.06,157622354.19000006,377613865.25,147298486.22000003,793.1390568718208,231.51153945190362,47.4275,43.580000000000005,45.2675,36056432,10489402,109.4,101,236.3,976.8,706.4,47675.5,92998.5,84162.2,93.99999999999994,42.70000000000002,,,109.46666666666667,111.46666666666667,102.13333333333334,16.509,463.0
2019-11-05,4,11,2019,5,50000.0,27,9.299999999999997,1260747.8900000006,13445,2493.1,2220.7000000000003,2800,735,308,2800,1437,3892,705917662.06,157622354.19000006,377613865.25,147298486.22000003,793.1390568718208,231.51153945190362,47.4275,43.580000000000005,45.2675,36056432,10489402,109.4,101,236.3,976.8,706.4,47675.5,92998.5,84162.2,93.99999999999994,42.70000000000002,,,109.46666666666667,111.46666666666667,102.13333333333334,16.509,463.0
2019-11-06,4,11,2019,6,50000.0,20,9.299999999999997,1260747.8900000006,13445,2493.1,2220.7000000000003,2800,735,308,2800,1437,3892,705917662.06,157622354.19000006,377613865.25,147298486.22000003,793.1390568718208,231.51153945190362,47.4275,43.580000000000005,45.2675,36056432,10489402,109.4,101,236.3,976.8,706.4,47675.5,92998.5,84162.2,93.99999999999994,42.70000000000002,,,109.46666666666667,111.46666666666667,102.13333333333334,16.509,463.0
2019-11-07,4,11,2019,7,50000.0,26,9.299999999999997,1260747.8900000006,13445,2493.1,2220.7000000000003,2800,735,308,2800,1437,3892,705917662.06,157622354.19000006,377613865.25,147298486.22000003,793.1390568718208,231.51153945190362,47.4275,43.580000000000005,45.2675,36056432,10489402,109.4,101,236.3,976.8,706.4,47675.5,92998.5,84162.2,93.99999999999994,42.70000000000002,,,109.46666666666667,111.46666666666667,102.13333333333334,16.509,463.0
2019-11-08,4,11,2019,8,47500.0,25,9.299999999999997,1260747.8900000006,13445,2493.1,2220.7000000000003,2800,735,308,2800,1437,3892,705917662.06,157622354.19000006,377613865.25,147298486.22000003,793.1390568718208,231.51153945190362,47.4275,43.580000000000005,45.2675,36056432,10489402,109.4,101,236.3,976.8,706.4,47675.5,92998.5,84162.2,93.99999999999994,42.70000000000002,,,109.46666666666667,111.46666666666667,102.13333333333334,16.509,463.0
2019-11-09,4,11,2019,9,40000.0,7,9.299999999999997,1260747.8900000006,13445,2493.1,2220.7000000000003,2800,735,308,2800,1437,3892,705917662.06,157622354.19000006,377613865.25,147298486.22000003,793.1390568718208,231.51153945190362,47.4275,43.580000000000005,45.2675,36056432,10489402,109.4,101,236.3,976.8,706.4,47675.5,92998.5,84162.2,93.99999999999994,42.70000000000002,,,109.46666666666667,111.46666666666667,102.13333333333334,16.509,463.0
2019-11-10,4,11,2019,10,42500.0,9,9.299999999999997,1260747.8900000006,13445,2493.1,2220.7000000000003,2800,735,308,2800,1437,3892,705917662.06,157622354.19000006,377613865.25,147298486.22000003,793.1390568718208,231.51153945190362,47.4275,43.580000000000005,45.2675,36056432,10489402,109.4,101,236.3,976.8,706.4,47675.5,92998.5,84162.2,93.99999999999994,42.70000000000002,,,109.46666666666667,111.46666666666667,102.13333333333334,16.509,463.0
2019-11-11,4,11,2019,11,46250.0,52,9.299999999999997,1260747.8900000006,13445,2493.1,2220.7000000000003,2800,735,308,2800,1437,3892,705917662.06,157622354.19000006,377613865.25,147298486.22000003,793.1390568718208,231.51153945190362,47.4275,43.580000000000005,45.2675,36056432,10489402,109.4,101,236.3,976.8,706.4,47675.5,92998.5,84162.2,93.99999999999994,42.70000000000002,,,109.46666666666667,111.46666666666667,102.13333333333334,16.509,463.0
2019-11-12,4,11,2019,12,50000.0,33,9.299999999999997,1260747.8900000006,13445,2493.1,2220.7000000000003,2800,735,308,2800,1437,3892,705917662.06,157622354.19000006,377613865.25,147298486.22000003,793.1390568718208,231.51153945190362,47.4275,43.580000000000005,45.2675,36056432,10489402,109.4,101,236.3,976.8,706.4,47675.5,92998.5,84162.2,93.99999999999994,42.70000000000002,,,109.46666666666667,111.46666666666667,102.13333333333334,16.509,463.0
2019-11-13,4,11,2019,13,40000.0,24,9.299999999999997,1260747.8900000006,13445,2493.1,2220.7000000000003,2800,735,308,2800,1437,3892,705917662.06,157622354.19000006,377613865.25,147298486.22000003,793.1390568718208,231.51153945190362,47.4275,43.580000000000005,45.2675,36056432,10489402,109.4,101,236.3,976.8,706.4,47675.5,92998.5,84162.2,93.99999999999994,42.70000000000002,,,109.46666666666667,111.46666666666667,102.13333333333334,16.509,463.0
2019-11-14,4,11,2019,14,50000.0,22,9.299999999999997,1260747.8900000006,13445,2493.1,2220.7000000000003,2800,735,308,2800,1437,3892,705917662.06,157622354.19000006,377613865.25,147298486.22000003,793.1390568718208,231.51153945190362,47.4275,43.580000000000005,45.2675,36056432,10489402,109.4,101,236.3,976.8,706.4,47675.5,92998.5,84162.2,93.99999999999994,42.70000000000002,,,109.46666666666667,111.46666666666667,102.13333333333334,16.509,463.0
2019-11-15,4,11,2019,15,40000.0,15,9.299999999999997,1260747.8900000006,13445,2493.1,2220.7000000000003,2800,735,308,2800,1437,3892,705917662.06,157622354.19000006,377613865.25,147298486.22000003,793.1390568718208,231.51153945190362,47.4275,43.580000000000005,45.2675,36056432,10489402,109.4,101,236.3,976.8,706.4,47675.5,92998.5,84162.2,93.99999999999994,42.70000000000002,,,109.46666666666667,111.46666666666667,102.13333333333334,16.509,463.0
2019-11-16,4,11,2019,16,35500.0,3,9.299999999999997,1260747.8900000006,13445,2493.1,2220.7000000000003,2800,735,308,2800,1437,3892,705917662.06,157622354.19000006,377613865.25,147298486.22000003,793.1390568718208,231.51153945190362,47.4275,43.580000000000005,45.2675,36056432,10489402,109.4,101,236.3,976.8,706.4,47675.5,92998.5,84162.2,93.99999999999994,42.70000000000002,,,109.46666666666667,111.46666666666667,102.13333333333334,16.509,463.0
2019-11-17,4,11,2019,17,40000.0,7,9.299999999999997,1260747.8900000006,13445,2493.1,2220.7000000000003,2800,735,308,2800,1437,3892,705917662.06,157622354.19000006,377613865.25,147298486.22000003,793.1390568718208,231.51153945190362,47.4275,43.580000000000005,45.2675,36056432,10489402,109.4,101,236.3,976.8,706.4,47675.5,92998.5,84162.2,93.99999999999994,42.70000000000002,,,109.46666666666667,111.46666666666667,102.13333333333334,16.509,463.0
2019-11-18,4,11,2019,18,45000.0,36,9.299999999999997,1260747.8900000006,13445,2493.1,2220.7000000000003,2800,735,308,2800,1437,3892,705917662.06,157622354.19000006,377613865.25,147298486.22000003,793.1390568718208,231.51153945190362,47.4275,43.580000000000005,45.2675,36056432,10489402,109.4,101,236.3,976.8,706.4,47675.5,92998.5,84162.2,93.99999999999994,42.70000000000002,,,109.46666666666667,111.46666666666667,102.13333333333334,16.509,463.0
2019-11-19,4,11,2019,19,40000.0,24,9.299999999999997,1260747.8900000006,13445,2493.1,2220.7000000000003,2800,735,308,2800,1437,3892,705917662.06,157622354.19000006,377613865.25,147298486.22000003,793.1390568718208,231.51153945190362,47.4275,43.580000000000005,45.2675,36056432,10489402,109.4,101,236.3,976.8,706.4,47675.5,92998.5,84162.2,93.99999999999994,42.70000000000002,,,109.46666666666667,111.46666666666667,102.13333333333334,16.509,463.0
2019-11-20,4,11,2019,20,41375.0,26,9.299999999999997,1260747.8900000006,13445,2493.1,2220.7000000000003,2800,735,308,2800,1437,3892,705917662.06,157622354.19000006,377613865.25,147298486.22000003,793.1390568718208,231.51153945190362,47.4275,43.580000000000005,45.2675,36056432,10489402,109.4,101,236.3,976.8,706.4,47675.5,92998.5,84162.2,93.99999999999994,42.70000000000002,,,109.46666666666667,111.46666666666667,102.13333333333334,16.509,463.0
2019-11-21,4,11,2019,21,40000.0,27,9.299999999999997,1260747.8900000006,13445,2493.1,2220.7000000000003,2800,735,308,2800,1437,3892,705917662.06,157622354.19000006,377613865.25,147298486.22000003,793.1390568718208,231.51153945190362,47.4275,43.580000000000005,45.2675,36056432,10489402,109.4,101,236.3,976.8,706.4,47675.5,92998.5,84162.2,93.99999999999994,42.70000000000002,,,109.46666666666667,111.46666666666667,102.13333333333334,16.509,463.0
2019-11-22,4,11,2019,22,43000.0,21,9.299999999999997,1260747.8900000006,13445,2493.1,2220.7000000000003,2800,735,308,2800,1437,3892,705917662.06,157622354.19000006,377613865.25,147298486.22000003,793.1390568718208,231.51153945190362,47.4275,43.580000000000005,45.2675,36056432,10489402,109.4,101,236.3,976.8,706.4,47675.5,92998.5,84162.2,93.99999999999994,42.70000000000002,,,109.46666666666667,111.46666666666667,102.13333333333334,16.509,463.0
2019-11-23,4,11,2019,23,36250.0,4,9.299999999999997,1260747.8900000006,13445,2493.1,2220.7000000000003,2800,735,308,2800,1437,3892,705917662.06,157622354.19000006,377613865.25,147298486.22000003,793.1390568718208,231.51153945190362,47.4275,43.580000000000005,45.2675,36056432,10489402,109.4,101,236.3,976.8,706.4,47675.5,92998.5,84162.2,93.99999999999994,42.70000000000002,,,109.46666666666667,111.46666666666667,102.13333333333334,16.509,463.0
2019-11-24,4,11,2019,24,50000.0,7,9.299999999999997,1260747.8900000006,13445,2493.1,2220.7000000000003,2800,735,308,2800,1437,3892,705917662.06,157622354.19000006,377613865.25,147298486.22000003,793.1390568718208,231.51153945190362,47.4275,43.580000000000005,45.2675,36056432,10489402,109.4,101,236.3,976.8,706.4,47675.5,92998.5,84162.2,93.99999999999994,42.70000000000002,,,109.46666666666667,111.46666666666667,102.13333333333334,16.509,463.0
2019-11-25,4,11,2019,25,45000.0,39,9.299999999999997,1260747.8900000006,13445,2493.1,2220.7000000000003,2800,735,308,2800,1437,3892,705917662.06,157622354.19000006,377613865.25,147298486.22000003,793.1390568718208,231.51153945190362,47.4275,43.580000000000005,45.2675,36056432,10489402,109.4,101,236.3,976.8,706.4,47675.5,92998.5,84162.2,93.99999999999994,42.70000000000002,,,109.46666666666667,111.46666666666667,102.13333333333334,16.509,463.0
2019-11-26,4,11,2019,26,40000.0,32,9.299999999999997,1260747.8900000006,13445,2493.1,2220.7000000000003,2800,735,308,2800,1437,3892,705917662.06,157622354.19000006,377613865.25,147298486.22000003,793.1390568718208,231.51153945190362,47.4275,43.580000000000005,45.2675,36056432,10489402,109.4,101,236.3,976.8,706.4,47675.5,92998.5,84162.2,93.99999999999994,42.70000000000002,,,109.46666666666667,111.46666666666667,102.13333333333334,16.509,463.0
2019-11-27,4,11,2019,27,42850.0,32,9.299999999999997,1260747.8900000006,13445,2493.1,2220.7000000000003,2800,735,308,2800,1437,3892,705917662.06,157622354.19000006,377613865.25,147298486.22000003,793.1390568718208,231.51153945190362,47.4275,43.580000000000005,45.2675,36056432,10489402,109.4,101,236.3,976.8,706.4,47675.5,92998.5,84162.2,93.99999999999994,42.70000000000002,,,109.46666666666667,111.46666666666667,102.13333333333334,16.509,463.0
2019-11-28,4,11,2019,28,40000.0,26,9.299999999999997,1260747.8900000006,13445,2493.1,2220.7000000000003,2800,735,308,2800,1437,3892,705917662.06,157622354.19000006,377613865.25,147298486.22000003,793.1390568718208,231.51153945190362,47.4275,43.580000000000005,45.2675,36056432,10489402,109.4,101,236.3,976.8,706.4,47675.5,92998.5,84162.2,93.99999999999994,42.70000000000002,,,109.46666666666667,111.46666666666667,102.13333333333334,16.509,463.0
2019-11-29,4,11,2019,29,45000.0,26,9.299999999999997,1260747.8900000006,13445,2493.1,2220.7000000000003,2800,735,308,2800,1437,3892,705917662.06,157622354.19000006,377613865.25,147298486.22000003,793.1390568718208,231.51153945190362,47.4275,43.580000000000005,45.2675,36056432,10489402,109.4,101,236.3,976.8,706.4,47675.5,92998.5,84162.2,93.99999999999994,42.70000000000002,,,109.46666666666667,111.46666666666667,102.13333333333334,16.509,463.0
2019-11-30,4,11,2019,30,50000.0,3,9.299999999999997,1260747.8900000006,13445,2493.1,2220.7000000000003,2800,735,308,2800,1437,3892,705917662.06,157622354.19000006,377613865.25,147298486.22000003,793.1390568718208,231.51153945190362,47.4275,43.580000000000005,45.2675,36056432,10489402,109.4,101,236.3,976.8,706.4,47675.5,92998.5,84162.2,93.99999999999994,42.70000000000002,,,109.46666666666667,111.46666666666667,102.13333333333334,16.509,463.0
2019-12-01,4,12,2019,1,39000.0,6,9.299999999999997,2429059.9869999983,15455,2493.1,2220.7000000000003,3112,1092,357,3112,1563,4858,1585534325.5099998,389662037.18000007,950259834.8699999,229684870.73000002,793.1390568718208,231.51153945190362,47.385000000000005,43.190000000000005,45.69,36056432,10489402,105.16129032258064,99.38709677419355,233.2,989.2,749.6,42045.6,88589.1,55350.9,93.99999999999994,42.70000000000002,,80.35484,119.61290322580645,114.45161290322581,96.80645161290323,14.43387097,463.0
2019-12-02,4,12,2019,2,45000.0,32,9.299999999999997,2429059.9869999983,15455,2493.1,2220.7000000000003,3112,1092,357,3112,1563,4858,1585534325.5099998,389662037.18000007,950259834.8699999,229684870.73000002,793.1390568718208,231.51153945190362,47.385000000000005,43.190000000000005,45.69,36056432,10489402,105.16129032258064,99.38709677419355,233.2,989.2,749.6,42045.6,88589.1,55350.9,93.99999999999994,42.70000000000002,,80.35484,119.61290322580645,114.45161290322581,96.80645161290323,14.43387097,463.0
2019-12-03,4,12,2019,3,45000.0,16,9.299999999999997,2429059.9869999983,15455,2493.1,2220.7000000000003,3112,1092,357,3112,1563,4858,1585534325.5099998,389662037.18000007,950259834.8699999,229684870.73000002,793.1390568718208,231.51153945190362,47.385000000000005,43.190000000000005,45.69,36056432,10489402,105.16129032258064,99.38709677419355,233.2,989.2,749.6,42045.6,88589.1,55350.9,93.99999999999994,42.70000000000002,,80.35484,119.61290322580645,114.45161290322581,96.80645161290323,14.43387097,463.0
2019-12-04,4,12,2019,4,45000.0,29,9.299999999999997,2429059.9869999983,15455,2493.1,2220.7000000000003,3112,1092,357,3112,1563,4858,1585534325.5099998,389662037.18000007,950259834.8699999,229684870.73000002,793.1390568718208,231.51153945190362,47.385000000000005,43.190000000000005,45.69,36056432,10489402,105.16129032258064,99.38709677419355,233.2,989.2,749.6,42045.6,88589.1,55350.9,93.99999999999994,42.70000000000002,,80.35484,119.61290322580645,114.45161290322581,96.80645161290323,14.43387097,463.0
2019-12-05,4,12,2019,5,42500.0,28,9.299999999999997,2429059.9869999983,15455,2493.1,2220.7000000000003,3112,1092,357,3112,1563,4858,1585534325.5099998,389662037.18000007,950259834.8699999,229684870.73000002,793.1390568718208,231.51153945190362,47.385000000000005,43.190000000000005,45.69,36056432,10489402,105.16129032258064,99.38709677419355,233.2,989.2,749.6,42045.6,88589.1,55350.9,93.99999999999994,42.70000000000002,,80.35484,119.61290322580645,114.45161290322581,96.80645161290323,14.43387097,463.0
2019-12-06,4,12,2019,6,40000.0,15,9.299999999999997,2429059.9869999983,15455,2493.1,2220.7000000000003,3112,1092,357,3112,1563,4858,1585534325.5099998,389662037.18000007,950259834.8699999,229684870.73000002,793.1390568718208,231.51153945190362,47.385000000000005,43.190000000000005,45.69,36056432,10489402,105.16129032258064,99.38709677419355,233.2,989.2,749.6,42045.6,88589.1,55350.9,93.99999999999994,42.70000000000002,,80.35484,119.61290322580645,114.45161290322581,96.80645161290323,14.43387097,463.0
2019-12-07,4,12,2019,7,50000.0,4,9.299999999999997,2429059.9869999983,15455,2493.1,2220.7000000000003,3112,1092,357,3112,1563,4858,1585534325.5099998,389662037.18000007,950259834.8699999,229684870.73000002,793.1390568718208,231.51153945190362,47.385000000000005,43.190000000000005,45.69,36056432,10489402,105.16129032258064,99.38709677419355,233.2,989.2,749.6,42045.6,88589.1,55350.9,93.99999999999994,42.70000000000002,,80.35484,119.61290322580645,114.45161290322581,96.80645161290323,14.43387097,463.0
2019-12-08,4,12,2019,8,40000.0,13,9.299999999999997,2429059.9869999983,15455,2493.1,2220.7000000000003,3112,1092,357,3112,1563,4858,1585534325.5099998,389662037.18000007,950259834.8699999,229684870.73000002,793.1390568718208,231.51153945190362,47.385000000000005,43.190000000000005,45.69,36056432,10489402,105.16129032258064,99.38709677419355,233.2,989.2,749.6,42045.6,88589.1,55350.9,93.99999999999994,42.70000000000002,,80.35484,119.61290322580645,114.45161290322581,96.80645161290323,14.43387097,463.0
2019-12-09,4,12,2019,9,50000.0,34,9.299999999999997,2429059.9869999983,15455,2493.1,2220.7000000000003,3112,1092,357,3112,1563,4858,1585534325.5099998,389662037.18000007,950259834.8699999,229684870.73000002,793.1390568718208,231.51153945190362,47.385000000000005,43.190000000000005,45.69,36056432,10489402,105.16129032258064,99.38709677419355,233.2,989.2,749.6,42045.6,88589.1,55350.9,93.99999999999994,42.70000000000002,,80.35484,119.61290322580645,114.45161290322581,96.80645161290323,14.43387097,463.0
2019-12-10,4,12,2019,10,45000.0,34,9.299999999999997,2429059.9869999983,15455,2493.1,2220.7000000000003,3112,1092,357,3112,1563,4858,1585534325.5099998,389662037.18000007,950259834.8699999,229684870.73000002,793.1390568718208,231.51153945190362,47.385000000000005,43.190000000000005,45.69,36056432,10489402,105.16129032258064,99.38709677419355,233.2,989.2,749.6,42045.6,88589.1,55350.9,93.99999999999994,42.70000000000002,,80.35484,119.61290322580645,114.45161290322581,96.80645161290323,14.43387097,463.0
2019-12-11,4,12,2019,11,50000.0,37,9.299999999999997,2429059.9869999983,15455,2493.1,2220.7000000000003,3112,1092,357,3112,1563,4858,1585534325.5099998,389662037.18000007,950259834.8699999,229684870.73000002,793.1390568718208,231.51153945190362,47.385000000000005,43.190000000000005,45.69,36056432,10489402,105.16129032258064,99.38709677419355,233.2,989.2,749.6,42045.6,88589.1,55350.9,93.99999999999994,42.70000000000002,,80.35484,119.61290322580645,114.45161290322581,96.80645161290323,14.43387097,463.0
2019-12-12,4,12,2019,12,55000.0,23,9.299999999999997,2429059.9869999983,15455,2493.1,2220.7000000000003,3112,1092,357,3112,1563,4858,1585534325.5099998,389662037.18000007,950259834.8699999,229684870.73000002,793.1390568718208,231.51153945190362,47.385000000000005,43.190000000000005,45.69,36056432,10489402,105.16129032258064,99.38709677419355,233.2,989.2,749.6,42045.6,88589.1,55350.9,93.99999999999994,42.70000000000002,,80.35484,119.61290322580645,114.45161290322581,96.80645161290323,14.43387097,463.0
2019-12-13,4,12,2019,13,41250.0,22,9.299999999999997,2429059.9869999983,15455,2493.1,2220.7000000000003,3112,1092,357,3112,1563,4858,1585534325.5099998,389662037.18000007,950259834.8699999,229684870.73000002,793.1390568718208,231.51153945190362,47.385000000000005,43.190000000000005,45.69,36056432,10489402,105.16129032258064,99.38709677419355,233.2,989.2,749.6,42045.6,88589.1,55350.9,93.99999999999994,42.70000000000002,,80.35484,119.61290322580645,114.45161290322581,96.80645161290323,14.43387097,463.0
2019-12-14,4,12,2019,14,75000.0,2,9.299999999999997,2429059.9869999983,15455,2493.1,2220.7000000000003,3112,1092,357,3112,1563,4858,1585534325.5099998,389662037.18000007,950259834.8699999,229684870.73000002,793.1390568718208,231.51153945190362,47.385000000000005,43.190000000000005,45.69,36056432,10489402,105.16129032258064,99.38709677419355,233.2,989.2,749.6,42045.6,88589.1,55350.9,93.99999999999994,42.70000000000002,,80.35484,119.61290322580645,114.45161290322581,96.80645161290323,14.43387097,463.0
2019-12-15,4,12,2019,15,40000.0,5,9.299999999999997,2429059.9869999983,15455,2493.1,2220.7000000000003,3112,1092,357,3112,1563,4858,1585534325.5099998,389662037.18000007,950259834.8699999,229684870.73000002,793.1390568718208,231.51153945190362,47.385000000000005,43.190000000000005,45.69,36056432,10489402,105.16129032258064,99.38709677419355,233.2,989.2,749.6,42045.6,88589.1,55350.9,93.99999999999994,42.70000000000002,,80.35484,119.61290322580645,114.45161290322581,96.80645161290323,14.43387097,463.0
2019-12-16,4,12,2019,16,50000.0,24,9.299999999999997,2429059.9869999983,15455,2493.1,2220.7000000000003,3112,1092,357,3112,1563,4858,1585534325.5099998,389662037.18000007,950259834.8699999,229684870.73000002,793.1390568718208,231.51153945190362,47.385000000000005,43.190000000000005,45.69,36056432,10489402,105.16129032258064,99.38709677419355,233.2,989.2,749.6,42045.6,88589.1,55350.9,93.99999999999994,42.70000000000002,,80.35484,119.61290322580645,114.45161290322581,96.80645161290323,14.43387097,463.0
2019-12-17,4,12,2019,17,45000.0,19,9.299999999999997,2429059.9869999983,15455,2493.1,2220.7000000000003,3112,1092,357,3112,1563,4858,1585534325.5099998,389662037.18000007,950259834.8699999,229684870.73000002,793.1390568718208,231.51153945190362,47.385000000000005,43.190000000000005,45.69,36056432,10489402,105.16129032258064,99.38709677419355,233.2,989.2,749.6,42045.6,88589.1,55350.9,93.99999999999994,42.70000000000002,,80.35484,119.61290322580645,114.45161290322581,96.80645161290323,14.43387097,463.0
2019-12-18,4,12,2019,18,40000.0,22,9.299999999999997,2429059.9869999983,15455,2493.1,2220.7000000000003,3112,1092,357,3112,1563,4858,1585534325.5099998,389662037.18000007,950259834.8699999,229684870.73000002,793.1390568718208,231.51153945190362,47.385000000000005,43.190000000000005,45.69,36056432,10489402,105.16129032258064,99.38709677419355,233.2,989.2,749.6,42045.6,88589.1,55350.9,93.99999999999994,42.70000000000002,,80.35484,119.61290322580645,114.45161290322581,96.80645161290323,14.43387097,463.0
2019-12-19,4,12,2019,19,38450.0,20,9.299999999999997,2429059.9869999983,15455,2493.1,2220.7000000000003,3112,1092,357,3112,1563,4858,1585534325.5099998,389662037.18000007,950259834.8699999,229684870.73000002,793.1390568718208,231.51153945190362,47.385000000000005,43.190000000000005,45.69,36056432,10489402,105.16129032258064,99.38709677419355,233.2,989.2,749.6,42045.6,88589.1,55350.9,93.99999999999994,42.70000000000002,,80.35484,119.61290322580645,114.45161290322581,96.80645161290323,14.43387097,463.0
2019-12-20,4,12,2019,20,40000.0,15,9.299999999999997,2429059.9869999983,15455,2493.1,2220.7000000000003,3112,1092,357,3112,1563,4858,1585534325.5099998,389662037.18000007,950259834.8699999,229684870.73000002,793.1390568718208,231.51153945190362,47.385000000000005,43.190000000000005,45.69,36056432,10489402,105.16129032258064,99.38709677419355,233.2,989.2,749.6,42045.6,88589.1,55350.9,93.99999999999994,42.70000000000002,,80.35484,119.61290322580645,114.45161290322581,96.80645161290323,14.43387097,463.0
2019-12-21,4,12,2019,21,50000.0,5,9.299999999999997,2429059.9869999983,15455,2493.1,2220.7000000000003,3112,1092,357,3112,1563,4858,1585534325.5099998,389662037.18000007,950259834.8699999,229684870.73000002,793.1390568718208,231.51153945190362,47.385000000000005,43.190000000000005,45.69,36056432,10489402,105.16129032258064,99.38709677419355,233.2,989.2,749.6,42045.6,88589.1,55350.9,93.99999999999994,42.70000000000002,,80.35484,119.61290322580645,114.45161290322581,96.80645161290323,14.43387097,463.0
2019-12-22,4,12,2019,22,70000.0,5,9.299999999999997,2429059.9869999983,15455,2493.1,2220.7000000000003,3112,1092,357,3112,1563,4858,1585534325.5099998,389662037.18000007,950259834.8699999,229684870.73000002,793.1390568718208,231.51153945190362,47.385000000000005,43.190000000000005,45.69,36056432,10489402,105.16129032258064,99.38709677419355,233.2,989.2,749.6,42045.6,88589.1,55350.9,93.99999999999994,42.70000000000002,,80.35484,119.61290322580645,114.45161290322581,96.80645161290323,14.43387097,463.0
2019-12-23,4,12,2019,23,40500.0,27,9.299999999999997,2429059.9869999983,15455,2493.1,2220.7000000000003,3112,1092,357,3112,1563,4858,1585534325.5099998,389662037.18000007,950259834.8699999,229684870.73000002,793.1390568718208,231.51153945190362,47.385000000000005,43.190000000000005,45.69,36056432,10489402,105.16129032258064,99.38709677419355,233.2,989.2,749.6,42045.6,88589.1,55350.9,93.99999999999994,42.70000000000002,,80.35484,119.61290322580645,114.45161290322581,96.80645161290323,14.43387097,463.0
2019-12-24,4,12,2019,24,35000.0,15,9.299999999999997,2429059.9869999983,15455,2493.1,2220.7000000000003,3112,1092,357,3112,1563,4858,1585534325.5099998,389662037.18000007,950259834.8699999,229684870.73000002,793.1390568718208,231.51153945190362,47.385000000000005,43.190000000000005,45.69,36056432,10489402,105.16129032258064,99.38709677419355,233.2,989.2,749.6,42045.6,88589.1,55350.9,93.99999999999994,42.70000000000002,,80.35484,119.61290322580645,114.45161290322581,96.80645161290323,14.43387097,463.0
2019-12-25,4,12,2019,25,50000.0,28,9.299999999999997,2429059.9869999983,15455,2493.1,2220.7000000000003,3112,1092,357,3112,1563,4858,1585534325.5099998,389662037.18000007,950259834.8699999,229684870.73000002,793.1390568718208,231.51153945190362,47.385000000000005,43.190000000000005,45.69,36056432,10489402,105.16129032258064,99.38709677419355,233.2,989.2,749.6,42045.6,88589.1,55350.9,93.99999999999994,42.70000000000002,,80.35484,119.61290322580645,114.45161290322581,96.80645161290323,14.43387097,463.0
2019-12-26,4,12,2019,26,37500.0,13,9.299999999999997,2429059.9869999983,15455,2493.1,2220.7000000000003,3112,1092,357,3112,1563,4858,1585534325.5099998,389662037.18000007,950259834.8699999,229684870.73000002,793.1390568718208,231.51153945190362,47.385000000000005,43.190000000000005,45.69,36056432,10489402,105.16129032258064,99.38709677419355,233.2,989.2,749.6,42045.6,88589.1,55350.9,93.99999999999994,42.70000000000002,,80.35484,119.61290322580645,114.45161290322581,96.80645161290323,14.43387097,463.0
2019-12-27,4,12,2019,27,50000.0,2,9.299999999999997,2429059.9869999983,15455,2493.1,2220.7000000000003,3112,1092,357,3112,1563,4858,1585534325.5099998,389662037.18000007,950259834.8699999,229684870.73000002,793.1390568718208,231.51153945190362,47.385000000000005,43.190000000000005,45.69,36056432,10489402,105.16129032258064,99.38709677419355,233.2,989.2,749.6,42045.6,88589.1,55350.9,93.99999999999994,42.70000000000002,,80.35484,119.61290322580645,114.45161290322581,96.80645161290323,14.43387097,463.0
2019-12-28,4,12,2019,28,42500.0,2,9.299999999999997,2429059.9869999983,15455,2493.1,2220.7000000000003,3112,1092,357,3112,1563,4858,1585534325.5099998,389662037.18000007,950259834.8699999,229684870.73000002,793.1390568718208,231.51153945190362,47.385000000000005,43.190000000000005,45.69,36056432,10489402,105.16129032258064,99.38709677419355,233.2,989.2,749.6,42045.6,88589.1,55350.9,93.99999999999994,42.70000000000002,,80.35484,119.61290322580645,114.45161290322581,96.80645161290323,14.43387097,463.0
2019-12-29,4,12,2019,29,45500.0,2,9.299999999999997,2429059.9869999983,15455,2493.1,2220.7000000000003,3112,1092,357,3112,1563,4858,1585534325.5099998,389662037.18000007,950259834.8699999,229684870.73000002,793.1390568718208,231.51153945190362,47.385000000000005,43.190000000000005,45.69,36056432,10489402,105.16129032258064,99.38709677419355,233.2,989.2,749.6,42045.6,88589.1,55350.9,93.99999999999994,42.70000000000002,,80.35484,119.61290322580645,114.45161290322581,96.80645161290323,14.43387097,463.0
2019-12-30,4,12,2019,30,50000.0,12,9.299999999999997,2429059.9869999983,15455,2493.1,2220.7000000000003,3112,1092,357,3112,1563,4858,1585534325.5099998,389662037.18000007,950259834.8699999,229684870.73000002,793.1390568718208,231.51153945190362,47.385000000000005,43.190000000000005,45.69,36056432,10489402,105.16129032258064,99.38709677419355,233.2,989.2,749.6,42045.6,88589.1,55350.9,93.99999999999994,42.70000000000002,,80.35484,119.61290322580645,114.45161290322581,96.80645161290323,14.43387097,463.0
2019-12-31,4,12,2019,31,41250.0,8,9.299999999999997,2429059.9869999983,15455,2493.1,2220.7000000000003,3112,1092,357,3112,1563,4858,1585534325.5099998,389662037.18000007,950259834.8699999,229684870.73000002,793.1390568718208,231.51153945190362,47.385000000000005,43.190000000000005,45.69,36056432,10489402,105.16129032258064,99.38709677419355,233.2,989.2,749.6,42045.6,88589.1,55350.9,93.99999999999994,42.70000000000002,,80.35484,119.61290322580645,114.45161290322581,96.80645161290323,14.43387097,463.0
2020-01-02,1,1,2020,2,34800.0,1,13.9,2443179.8429999985,15930,1497.6,1286.3,1841,1578,486,1841,931,2468,141951391.2,11747744.04,117280489.33,12759487.13,600.6722204869086,184.49118030412745,47.425,43.265,45.8675,27242988,8492744,94.58064516129032,90.54838709677419,229.4,987.7,740.7,49266.6,94394,51593.8,104.8,36.1,,66.54839,88.09677419354838,111.93548387096774,97.38709677419355,15.70903226,443.0
2020-01-03,1,1,2020,3,50000.0,6,13.9,2443179.8429999985,15930,1497.6,1286.3,1841,1578,486,1841,931,2468,141951391.2,11747744.04,117280489.33,12759487.13,600.6722204869086,184.49118030412745,47.425,43.265,45.8675,27242988,8492744,94.58064516129032,90.54838709677419,229.4,987.7,740.7,49266.6,94394,51593.8,104.8,36.1,,66.54839,88.09677419354838,111.93548387096774,97.38709677419355,15.70903226,443.0
2020-01-04,1,1,2020,4,60000.0,3,13.9,2443179.8429999985,15930,1497.6,1286.3,1841,1578,486,1841,931,2468,141951391.2,11747744.04,117280489.33,12759487.13,600.6722204869086,184.49118030412745,47.425,43.265,45.8675,27242988,8492744,94.58064516129032,90.54838709677419,229.4,987.7,740.7,49266.6,94394,51593.8,104.8,36.1,,66.54839,88.09677419354838,111.93548387096774,97.38709677419355,15.70903226,443.0
2020-01-05,1,1,2020,5,87500.0,6,13.9,2443179.8429999985,15930,1497.6,1286.3,1841,1578,486,1841,931,2468,141951391.2,11747744.04,117280489.33,12759487.13,600.6722204869086,184.49118030412745,47.425,43.265,45.8675,27242988,8492744,94.58064516129032,90.54838709677419,229.4,987.7,740.7,49266.6,94394,51593.8,104.8,36.1,,66.54839,88.09677419354838,111.93548387096774,97.38709677419355,15.70903226,443.0
2020-01-06,1,1,2020,6,40000.0,8,13.9,2443179.8429999985,15930,1497.6,1286.3,1841,1578,486,1841,931,2468,141951391.2,11747744.04,117280489.33,12759487.13,600.6722204869086,184.49118030412745,47.425,43.265,45.8675,27242988,8492744,94.58064516129032,90.54838709677419,229.4,987.7,740.7,49266.6,94394,51593.8,104.8,36.1,,66.54839,88.09677419354838,111.93548387096774,97.38709677419355,15.70903226,443.0
2020-01-07,1,1,2020,7,39000.0,6,13.9,2443179.8429999985,15930,1497.6,1286.3,1841,1578,486,1841,931,2468,141951391.2,11747744.04,117280489.33,12759487.13,600.6722204869086,184.49118030412745,47.425,43.265,45.8675,27242988,8492744,94.58064516129032,90.54838709677419,229.4,987.7,740.7,49266.6,94394,51593.8,104.8,36.1,,66.54839,88.09677419354838,111.93548387096774,97.38709677419355,15.70903226,443.0
2020-01-08,1,1,2020,8,40000.0,17,13.9,2443179.8429999985,15930,1497.6,1286.3,1841,1578,486,1841,931,2468,141951391.2,11747744.04,117280489.33,12759487.13,600.6722204869086,184.49118030412745,47.425,43.265,45.8675,27242988,8492744,94.58064516129032,90.54838709677419,229.4,987.7,740.7,49266.6,94394,51593.8,104.8,36.1,,66.54839,88.09677419354838,111.93548387096774,97.38709677419355,15.70903226,443.0
2020-01-09,1,1,2020,9,45000.0,55,13.9,2443179.8429999985,15930,1497.6,1286.3,1841,1578,486,1841,931,2468,141951391.2,11747744.04,117280489.33,12759487.13,600.6722204869086,184.49118030412745,47.425,43.265,45.8675,27242988,8492744,94.58064516129032,90.54838709677419,229.4,987.7,740.7,49266.6,94394,51593.8,104.8,36.1,,66.54839,88.09677419354838,111.93548387096774,97.38709677419355,15.70903226,443.0
2020-01-10,1,1,2020,10,40000.0,35,13.9,2443179.8429999985,15930,1497.6,1286.3,1841,1578,486,1841,931,2468,141951391.2,11747744.04,117280489.33,12759487.13,600.6722204869086,184.49118030412745,47.425,43.265,45.8675,27242988,8492744,94.58064516129032,90.54838709677419,229.4,987.7,740.7,49266.6,94394,51593.8,104.8,36.1,,66.54839,88.09677419354838,111.93548387096774,97.38709677419355,15.70903226,443.0
2020-01-11,1,1,2020,11,35000.0,5,13.9,2443179.8429999985,15930,1497.6,1286.3,1841,1578,486,1841,931,2468,141951391.2,11747744.04,117280489.33,12759487.13,600.6722204869086,184.49118030412745,47.425,43.265,45.8675,27242988,8492744,94.58064516129032,90.54838709677419,229.4,987.7,740.7,49266.6,94394,51593.8,104.8,36.1,,66.54839,88.09677419354838,111.93548387096774,97.38709677419355,15.70903226,443.0
2020-01-12,1,1,2020,12,47500.0,7,13.9,2443179.8429999985,15930,1497.6,1286.3,1841,1578,486,1841,931,2468,141951391.2,11747744.04,117280489.33,12759487.13,600.6722204869086,184.49118030412745,47.425,43.265,45.8675,27242988,8492744,94.58064516129032,90.54838709677419,229.4,987.7,740.7,49266.6,94394,51593.8,104.8,36.1,,66.54839,88.09677419354838,111.93548387096774,97.38709677419355,15.70903226,443.0
2020-01-13,1,1,2020,13,42500.0,35,13.9,2443179.8429999985,15930,1497.6,1286.3,1841,1578,486,1841,931,2468,141951391.2,11747744.04,117280489.33,12759487.13,600.6722204869086,184.49118030412745,47.425,43.265,45.8675,27242988,8492744,94.58064516129032,90.54838709677419,229.4,987.7,740.7,49266.6,94394,51593.8,104.8,36.1,,66.54839,88.09677419354838,111.93548387096774,97.38709677419355,15.70903226,443.0
2020-01-14,1,1,2020,14,50000.0,35,13.9,2443179.8429999985,15930,1497.6,1286.3,1841,1578,486,1841,931,2468,141951391.2,11747744.04,117280489.33,12759487.13,600.6722204869086,184.49118030412745,47.425,43.265,45.8675,27242988,8492744,94.58064516129032,90.54838709677419,229.4,987.7,740.7,49266.6,94394,51593.8,104.8,36.1,,66.54839,88.09677419354838,111.93548387096774,97.38709677419355,15.70903226,443.0
2020-01-15,1,1,2020,15,42500.0,23,13.9,2443179.8429999985,15930,1497.6,1286.3,1841,1578,486,1841,931,2468,141951391.2,11747744.04,117280489.33,12759487.13,600.6722204869086,184.49118030412745,47.425,43.265,45.8675,27242988,8492744,94.58064516129032,90.54838709677419,229.4,987.7,740.7,49266.6,94394,51593.8,104.8,36.1,,66.54839,88.09677419354838,111.93548387096774,97.38709677419355,15.70903226,443.0
2020-01-16,1,1,2020,16,45000.0,28,13.9,2443179.8429999985,15930,1497.6,1286.3,1841,1578,486,1841,931,2468,141951391.2,11747744.04,117280489.33,12759487.13,600.6722204869086,184.49118030412745,47.425,43.265,45.8675,27242988,8492744,94.58064516129032,90.54838709677419,229.4,987.7,740.7,49266.6,94394,51593.8,104.8,36.1,,66.54839,88.09677419354838,111.93548387096774,97.38709677419355,15.70903226,443.0
2020-01-17,1,1,2020,17,40000.0,30,13.9,2443179.8429999985,15930,1497.6,1286.3,1841,1578,486,1841,931,2468,141951391.2,11747744.04,117280489.33,12759487.13,600.6722204869086,184.49118030412745,47.425,43.265,45.8675,27242988,8492744,94.58064516129032,90.54838709677419,229.4,987.7,740.7,49266.6,94394,51593.8,104.8,36.1,,66.54839,88.09677419354838,111.93548387096774,97.38709677419355,15.70903226,443.0
2020-01-18,1,1,2020,18,50000.0,5,13.9,2443179.8429999985,15930,1497.6,1286.3,1841,1578,486,1841,931,2468,141951391.2,11747744.04,117280489.33,12759487.13,600.6722204869086,184.49118030412745,47.425,43.265,45.8675,27242988,8492744,94.58064516129032,90.54838709677419,229.4,987.7,740.7,49266.6,94394,51593.8,104.8,36.1,,66.54839,88.09677419354838,111.93548387096774,97.38709677419355,15.70903226,443.0
2020-01-19,1,1,2020,19,50000.0,3,13.9,2443179.8429999985,15930,1497.6,1286.3,1841,1578,486,1841,931,2468,141951391.2,11747744.04,117280489.33,12759487.13,600.6722204869086,184.49118030412745,47.425,43.265,45.8675,27242988,8492744,94.58064516129032,90.54838709677419,229.4,987.7,740.7,49266.6,94394,51593.8,104.8,36.1,,66.54839,88.09677419354838,111.93548387096774,97.38709677419355,15.70903226,443.0
2020-01-20,1,1,2020,20,45000.0,43,13.9,2443179.8429999985,15930,1497.6,1286.3,1841,1578,486,1841,931,2468,141951391.2,11747744.04,117280489.33,12759487.13,600.6722204869086,184.49118030412745,47.425,43.265,45.8675,27242988,8492744,94.58064516129032,90.54838709677419,229.4,987.7,740.7,49266.6,94394,51593.8,104.8,36.1,,66.54839,88.09677419354838,111.93548387096774,97.38709677419355,15.70903226,443.0
2020-01-21,1,1,2020,21,50000.0,31,13.9,2443179.8429999985,15930,1497.6,1286.3,1841,1578,486,1841,931,2468,141951391.2,11747744.04,117280489.33,12759487.13,600.6722204869086,184.49118030412745,47.425,43.265,45.8675,27242988,8492744,94.58064516129032,90.54838709677419,229.4,987.7,740.7,49266.6,94394,51593.8,104.8,36.1,,66.54839,88.09677419354838,111.93548387096774,97.38709677419355,15.70903226,443.0
2020-01-22,1,1,2020,22,50000.0,37,13.9,2443179.8429999985,15930,1497.6,1286.3,1841,1578,486,1841,931,2468,141951391.2,11747744.04,117280489.33,12759487.13,600.6722204869086,184.49118030412745,47.425,43.265,45.8675,27242988,8492744,94.58064516129032,90.54838709677419,229.4,987.7,740.7,49266.6,94394,51593.8,104.8,36.1,,66.54839,88.09677419354838,111.93548387096774,97.38709677419355,15.70903226,443.0
2020-01-23,1,1,2020,23,35000.0,35,13.9,2443179.8429999985,15930,1497.6,1286.3,1841,1578,486,1841,931,2468,141951391.2,11747744.04,117280489.33,12759487.13,600.6722204869086,184.49118030412745,47.425,43.265,45.8675,27242988,8492744,94.58064516129032,90.54838709677419,229.4,987.7,740.7,49266.6,94394,51593.8,104.8,36.1,,66.54839,88.09677419354838,111.93548387096774,97.38709677419355,15.70903226,443.0
2020-01-24,1,1,2020,24,52500.0,27,13.9,2443179.8429999985,15930,1497.6,1286.3,1841,1578,486,1841,931,2468,141951391.2,11747744.04,117280489.33,12759487.13,600.6722204869086,184.49118030412745,47.425,43.265,45.8675,27242988,8492744,94.58064516129032,90.54838709677419,229.4,987.7,740.7,49266.6,94394,51593.8,104.8,36.1,,66.54839,88.09677419354838,111.93548387096774,97.38709677419355,15.70903226,443.0
2020-01-25,1,1,2020,25,57500.0,3,13.9,2443179.8429999985,15930,1497.6,1286.3,1841,1578,486,1841,931,2468,141951391.2,11747744.04,117280489.33,12759487.13,600.6722204869086,184.49118030412745,47.425,43.265,45.8675,27242988,8492744,94.58064516129032,90.54838709677419,229.4,987.7,740.7,49266.6,94394,51593.8,104.8,36.1,,66.54839,88.09677419354838,111.93548387096774,97.38709677419355,15.70903226,443.0
2020-01-27,1,1,2020,27,47600.0,39,13.9,2443179.8429999985,15930,1497.6,1286.3,1841,1578,486,1841,931,2468,141951391.2,11747744.04,117280489.33,12759487.13,600.6722204869086,184.49118030412745,47.425,43.265,45.8675,27242988,8492744,94.58064516129032,90.54838709677419,229.4,987.7,740.7,49266.6,94394,51593.8,104.8,36.1,,66.54839,88.09677419354838,111.93548387096774,97.38709677419355,15.70903226,443.0
2020-01-28,1,1,2020,28,38000.0,25,13.9,2443179.8429999985,15930,1497.6,1286.3,1841,1578,486,1841,931,2468,141951391.2,11747744.04,117280489.33,12759487.13,600.6722204869086,184.49118030412745,47.425,43.265,45.8675,27242988,8492744,94.58064516129032,90.54838709677419,229.4,987.7,740.7,49266.6,94394,51593.8,104.8,36.1,,66.54839,88.09677419354838,111.93548387096774,97.38709677419355,15.70903226,443.0
2020-01-29,1,1,2020,29,40000.0,39,13.9,2443179.8429999985,15930,1497.6,1286.3,1841,1578,486,1841,931,2468,141951391.2,11747744.04,117280489.33,12759487.13,600.6722204869086,184.49118030412745,47.425,43.265,45.8675,27242988,8492744,94.58064516129032,90.54838709677419,229.4,987.7,740.7,49266.6,94394,51593.8,104.8,36.1,,66.54839,88.09677419354838,111.93548387096774,97.38709677419355,15.70903226,443.0
2020-01-30,1,1,2020,30,45000.0,29,13.9,2443179.8429999985,15930,1497.6,1286.3,1841,1578,486,1841,931,2468,141951391.2,11747744.04,117280489.33,12759487.13,600.6722204869086,184.49118030412745,47.425,43.265,45.8675,27242988,8492744,94.58064516129032,90.54838709677419,229.4,987.7,740.7,49266.6,94394,51593.8,104.8,36.1,,66.54839,88.09677419354838,111.93548387096774,97.38709677419355,15.70903226,443.0
2020-01-31,1,1,2020,31,42500.0,35,13.9,2443179.8429999985,15930,1497.6,1286.3,1841,1578,486,1841,931,2468,141951391.2,11747744.04,117280489.33,12759487.13,600.6722204869086,184.49118030412745,47.425,43.265,45.8675,27242988,8492744,94.58064516129032,90.54838709677419,229.4,987.7,740.7,49266.6,94394,51593.8,104.8,36.1,,66.54839,88.09677419354838,111.93548387096774,97.38709677419355,15.70903226,443.0
2020-02-01,1,2,2020,1,54000.0,10,13.9,2273166.7500000033,15755,1497.6,1286.3,2469,1978,400,2469,1256,3437,196612919.49,38624809.59,106749620.04,50751030.339999996,600.6722204869086,184.49118030412745,47.447500000000005,43.2825,46.072500000000005,27242988,8492744,105.25,95.5,237.2,814.8,764.8,31303.5,91903,65527.7,104.8,36.1,,78.41379,97.57142857142857,134.17857142857142,99,16.14535714,443.0
2020-02-02,1,2,2020,2,50000.0,2,13.9,2273166.7500000033,15755,1497.6,1286.3,2469,1978,400,2469,1256,3437,196612919.49,38624809.59,106749620.04,50751030.339999996,600.6722204869086,184.49118030412745,47.447500000000005,43.2825,46.072500000000005,27242988,8492744,105.25,95.5,237.2,814.8,764.8,31303.5,91903,65527.7,104.8,36.1,,78.41379,97.57142857142857,134.17857142857142,99,16.14535714,443.0
2020-02-03,1,2,2020,3,40000.0,32,13.9,2273166.7500000033,15755,1497.6,1286.3,2469,1978,400,2469,1256,3437,196612919.49,38624809.59,106749620.04,50751030.339999996,600.6722204869086,184.49118030412745,47.447500000000005,43.2825,46.072500000000005,27242988,8492744,105.25,95.5,237.2,814.8,764.8,31303.5,91903,65527.7,104.8,36.1,,78.41379,97.57142857142857,134.17857142857142,99,16.14535714,443.0
2020-02-04,1,2,2020,4,50000.0,38,13.9,2273166.7500000033,15755,1497.6,1286.3,2469,1978,400,2469,1256,3437,196612919.49,38624809.59,106749620.04,50751030.339999996,600.6722204869086,184.49118030412745,47.447500000000005,43.2825,46.072500000000005,27242988,8492744,105.25,95.5,237.2,814.8,764.8,31303.5,91903,65527.7,104.8,36.1,,78.41379,97.57142857142857,134.17857142857142,99,16.14535714,443.0
2020-02-05,1,2,2020,5,47500.0,27,13.9,2273166.7500000033,15755,1497.6,1286.3,2469,1978,400,2469,1256,3437,196612919.49,38624809.59,106749620.04,50751030.339999996,600.6722204869086,184.49118030412745,47.447500000000005,43.2825,46.072500000000005,27242988,8492744,105.25,95.5,237.2,814.8,764.8,31303.5,91903,65527.7,104.8,36.1,,78.41379,97.57142857142857,134.17857142857142,99,16.14535714,443.0
2020-02-06,1,2,2020,6,45000.0,21,13.9,2273166.7500000033,15755,1497.6,1286.3,2469,1978,400,2469,1256,3437,196612919.49,38624809.59,106749620.04,50751030.339999996,600.6722204869086,184.49118030412745,47.447500000000005,43.2825,46.072500000000005,27242988,8492744,105.25,95.5,237.2,814.8,764.8,31303.5,91903,65527.7,104.8,36.1,,78.41379,97.57142857142857,134.17857142857142,99,16.14535714,443.0
2020-02-07,1,2,2020,7,49250.0,22,13.9,2273166.7500000033,15755,1497.6,1286.3,2469,1978,400,2469,1256,3437,196612919.49,38624809.59,106749620.04,50751030.339999996,600.6722204869086,184.49118030412745,47.447500000000005,43.2825,46.072500000000005,27242988,8492744,105.25,95.5,237.2,814.8,764.8,31303.5,91903,65527.7,104.8,36.1,,78.41379,97.57142857142857,134.17857142857142,99,16.14535714,443.0
2020-02-08,1,2,2020,8,56250.0,12,13.9,2273166.7500000033,15755,1497.6,1286.3,2469,1978,400,2469,1256,3437,196612919.49,38624809.59,106749620.04,50751030.339999996,600.6722204869086,184.49118030412745,47.447500000000005,43.2825,46.072500000000005,27242988,8492744,105.25,95.5,237.2,814.8,764.8,31303.5,91903,65527.7,104.8,36.1,,78.41379,97.57142857142857,134.17857142857142,99,16.14535714,443.0
2020-02-09,1,2,2020,9,50000.0,11,13.9,2273166.7500000033,15755,1497.6,1286.3,2469,1978,400,2469,1256,3437,196612919.49,38624809.59,106749620.04,50751030.339999996,600.6722204869086,184.49118030412745,47.447500000000005,43.2825,46.072500000000005,27242988,8492744,105.25,95.5,237.2,814.8,764.8,31303.5,91903,65527.7,104.8,36.1,,78.41379,97.57142857142857,134.17857142857142,99,16.14535714,443.0
2020-02-10,1,2,2020,10,45000.0,52,13.9,2273166.7500000033,15755,1497.6,1286.3,2469,1978,400,2469,1256,3437,196612919.49,38624809.59,106749620.04,50751030.339999996,600.6722204869086,184.49118030412745,47.447500000000005,43.2825,46.072500000000005,27242988,8492744,105.25,95.5,237.2,814.8,764.8,31303.5,91903,65527.7,104.8,36.1,,78.41379,97.57142857142857,134.17857142857142,99,16.14535714,443.0
2020-02-11,1,2,2020,11,45000.0,26,13.9,2273166.7500000033,15755,1497.6,1286.3,2469,1978,400,2469,1256,3437,196612919.49,38624809.59,106749620.04,50751030.339999996,600.6722204869086,184.49118030412745,47.447500000000005,43.2825,46.072500000000005,27242988,8492744,105.25,95.5,237.2,814.8,764.8,31303.5,91903,65527.7,104.8,36.1,,78.41379,97.57142857142857,134.17857142857142,99,16.14535714,443.0
2020-02-12,1,2,2020,12,45000.0,37,13.9,2273166.7500000033,15755,1497.6,1286.3,2469,1978,400,2469,1256,3437,196612919.49,38624809.59,106749620.04,50751030.339999996,600.6722204869086,184.49118030412745,47.447500000000005,43.2825,46.072500000000005,27242988,8492744,105.25,95.5,237.2,814.8,764.8,31303.5,91903,65527.7,104.8,36.1,,78.41379,97.57142857142857,134.17857142857142,99,16.14535714,443.0
2020-02-13,1,2,2020,13,42000.0,37,13.9,2273166.7500000033,15755,1497.6,1286.3,2469,1978,400,2469,1256,3437,196612919.49,38624809.59,106749620.04,50751030.339999996,600.6722204869086,184.49118030412745,47.447500000000005,43.2825,46.072500000000005,27242988,8492744,105.25,95.5,237.2,814.8,764.8,31303.5,91903,65527.7,104.8,36.1,,78.41379,97.57142857142857,134.17857142857142,99,16.14535714,443.0
2020-02-14,1,2,2020,14,35000.0,22,13.9,2273166.7500000033,15755,1497.6,1286.3,2469,1978,400,2469,1256,3437,196612919.49,38624809.59,106749620.04,50751030.339999996,600.6722204869086,184.49118030412745,47.447500000000005,43.2825,46.072500000000005,27242988,8492744,105.25,95.5,237.2,814.8,764.8,31303.5,91903,65527.7,104.8,36.1,,78.41379,97.57142857142857,134.17857142857142,99,16.14535714,443.0
2020-02-15,1,2,2020,15,81250.0,6,13.9,2273166.7500000033,15755,1497.6,1286.3,2469,1978,400,2469,1256,3437,196612919.49,38624809.59,106749620.04,50751030.339999996,600.6722204869086,184.49118030412745,47.447500000000005,43.2825,46.072500000000005,27242988,8492744,105.25,95.5,237.2,814.8,764.8,31303.5,91903,65527.7,104.8,36.1,,78.41379,97.57142857142857,134.17857142857142,99,16.14535714,443.0
2020-02-16,1,2,2020,16,50000.0,7,13.9,2273166.7500000033,15755,1497.6,1286.3,2469,1978,400,2469,1256,3437,196612919.49,38624809.59,106749620.04,50751030.339999996,600.6722204869086,184.49118030412745,47.447500000000005,43.2825,46.072500000000005,27242988,8492744,105.25,95.5,237.2,814.8,764.8,31303.5,91903,65527.7,104.8,36.1,,78.41379,97.57142857142857,134.17857142857142,99,16.14535714,443.0
2020-02-17,1,2,2020,17,50000.0,44,13.9,2273166.7500000033,15755,1497.6,1286.3,2469,1978,400,2469,1256,3437,196612919.49,38624809.59,106749620.04,50751030.339999996,600.6722204869086,184.49118030412745,47.447500000000005,43.2825,46.072500000000005,27242988,8492744,105.25,95.5,237.2,814.8,764.8,31303.5,91903,65527.7,104.8,36.1,,78.41379,97.57142857142857,134.17857142857142,99,16.14535714,443.0
2020-02-18,1,2,2020,18,40000.0,21,13.9,2273166.7500000033,15755,1497.6,1286.3,2469,1978,400,2469,1256,3437,196612919.49,38624809.59,106749620.04,50751030.339999996,600.6722204869086,184.49118030412745,47.447500000000005,43.2825,46.072500000000005,27242988,8492744,105.25,95.5,237.2,814.8,764.8,31303.5,91903,65527.7,104.8,36.1,,78.41379,97.57142857142857,134.17857142857142,99,16.14535714,443.0
2020-02-19,1,2,2020,19,50000.0,20,13.9,2273166.7500000033,15755,1497.6,1286.3,2469,1978,400,2469,1256,3437,196612919.49,38624809.59,106749620.04,50751030.339999996,600.6722204869086,184.49118030412745,47.447500000000005,43.2825,46.072500000000005,27242988,8492744,105.25,95.5,237.2,814.8,764.8,31303.5,91903,65527.7,104.8,36.1,,78.41379,97.57142857142857,134.17857142857142,99,16.14535714,443.0
2020-02-20,1,2,2020,20,42700.0,32,13.9,2273166.7500000033,15755,1497.6,1286.3,2469,1978,400,2469,1256,3437,196612919.49,38624809.59,106749620.04,50751030.339999996,600.6722204869086,184.49118030412745,47.447500000000005,43.2825,46.072500000000005,27242988,8492744,105.25,95.5,237.2,814.8,764.8,31303.5,91903,65527.7,104.8,36.1,,78.41379,97.57142857142857,134.17857142857142,99,16.14535714,443.0
2020-02-21,1,2,2020,21,45000.0,25,13.9,2273166.7500000033,15755,1497.6,1286.3,2469,1978,400,2469,1256,3437,196612919.49,38624809.59,106749620.04,50751030.339999996,600.6722204869086,184.49118030412745,47.447500000000005,43.2825,46.072500000000005,27242988,8492744,105.25,95.5,237.2,814.8,764.8,31303.5,91903,65527.7,104.8,36.1,,78.41379,97.57142857142857,134.17857142857142,99,16.14535714,443.0
2020-02-22,1,2,2020,22,87500.0,5,13.9,2273166.7500000033,15755,1497.6,1286.3,2469,1978,400,2469,1256,3437,196612919.49,38624809.59,106749620.04,50751030.339999996,600.6722204869086,184.49118030412745,47.447500000000005,43.2825,46.072500000000005,27242988,8492744,105.25,95.5,237.2,814.8,764.8,31303.5,91903,65527.7,104.8,36.1,,78.41379,97.57142857142857,134.17857142857142,99,16.14535714,443.0
2020-02-23,1,2,2020,23,52500.0,8,13.9,2273166.7500000033,15755,1497.6,1286.3,2469,1978,400,2469,1256,3437,196612919.49,38624809.59,106749620.04,50751030.339999996,600.6722204869086,184.49118030412745,47.447500000000005,43.2825,46.072500000000005,27242988,8492744,105.25,95.5,237.2,814.8,764.8,31303.5,91903,65527.7,104.8,36.1,,78.41379,97.57142857142857,134.17857142857142,99,16.14535714,443.0
2020-02-24,1,2,2020,24,50000.0,9,13.9,2273166.7500000033,15755,1497.6,1286.3,2469,1978,400,2469,1256,3437,196612919.49,38624809.59,106749620.04,50751030.339999996,600.6722204869086,184.49118030412745,47.447500000000005,43.2825,46.072500000000005,27242988,8492744,105.25,95.5,237.2,814.8,764.8,31303.5,91903,65527.7,104.8,36.1,,78.41379,97.57142857142857,134.17857142857142,99,16.14535714,443.0
2020-02-25,1,2,2020,25,40000.0,38,13.9,2273166.7500000033,15755,1497.6,1286.3,2469,1978,400,2469,1256,3437,196612919.49,38624809.59,106749620.04,50751030.339999996,600.6722204869086,184.49118030412745,47.447500000000005,43.2825,46.072500000000005,27242988,8492744,105.25,95.5,237.2,814.8,764.8,31303.5,91903,65527.7,104.8,36.1,,78.41379,97.57142857142857,134.17857142857142,99,16.14535714,443.0
2020-02-26,1,2,2020,26,47500.0,47,13.9,2273166.7500000033,15755,1497.6,1286.3,2469,1978,400,2469,1256,3437,196612919.49,38624809.59,106749620.04,50751030.339999996,600.6722204869086,184.49118030412745,47.447500000000005,43.2825,46.072500000000005,27242988,8492744,105.25,95.5,237.2,814.8,764.8,31303.5,91903,65527.7,104.8,36.1,,78.41379,97.57142857142857,134.17857142857142,99,16.14535714,443.0
2020-02-27,1,2,2020,27,45000.0,36,13.9,2273166.7500000033,15755,1497.6,1286.3,2469,1978,400,2469,1256,3437,196612919.49,38624809.59,106749620.04,50751030.339999996,600.6722204869086,184.49118030412745,47.447500000000005,43.2825,46.072500000000005,27242988,8492744,105.25,95.5,237.2,814.8,764.8,31303.5,91903,65527.7,104.8,36.1,,78.41379,97.57142857142857,134.17857142857142,99,16.14535714,443.0
2020-02-28,1,2,2020,28,42000.0,28,13.9,2273166.7500000033,15755,1497.6,1286.3,2469,1978,400,2469,1256,3437,196612919.49,38624809.59,106749620.04,50751030.339999996,600.6722204869086,184.49118030412745,47.447500000000005,43.2825,46.072500000000005,27242988,8492744,105.25,95.5,237.2,814.8,764.8,31303.5,91903,65527.7,104.8,36.1,,78.41379,97.57142857142857,134.17857142857142,99,16.14535714,443.0
2020-02-29,1,2,2020,29,50000.0,6,13.9,2273166.7500000033,15755,1497.6,1286.3,2469,1978,400,2469,1256,3437,196612919.49,38624809.59,106749620.04,50751030.339999996,600.6722204869086,184.49118030412745,47.447500000000005,43.2825,46.072500000000005,27242988,8492744,105.25,95.5,237.2,814.8,764.8,31303.5,91903,65527.7,104.8,36.1,,78.41379,97.57142857142857,134.17857142857142,99,16.14535714,443.0
2020-03-01,1,3,2020,1,40000.0,6,13.9,2163144.843999998,17442,1497.6,1286.3,2903,2810,832,2903,1389,3931,282354397.28000003,55345611.48,53959876.21999997,172798642.32,600.6722204869086,184.49118030412745,47.435,43.27,46.160000000000004,27242988,8492744,134.29032258064515,95.61290322580645,214.8,824.4,750.2,37015.2,89199.7,105857.8,104.8,36.1,1.5,75.74194,118.90322580645162,123.38709677419355,77.16129032258064,14.36774194,443.0
2020-03-02,1,3,2020,2,47500.0,40,13.9,2163144.843999998,17442,1497.6,1286.3,2903,2810,832,2903,1389,3931,282354397.28000003,55345611.48,53959876.21999997,172798642.32,600.6722204869086,184.49118030412745,47.435,43.27,46.160000000000004,27242988,8492744,134.29032258064515,95.61290322580645,214.8,824.4,750.2,37015.2,89199.7,105857.8,104.8,36.1,1.5,75.74194,118.90322580645162,123.38709677419355,77.16129032258064,14.36774194,443.0
2020-03-03,1,3,2020,3,40000.0,25,13.9,2163144.843999998,17442,1497.6,1286.3,2903,2810,832,2903,1389,3931,282354397.28000003,55345611.48,53959876.21999997,172798642.32,600.6722204869086,184.49118030412745,47.435,43.27,46.160000000000004,27242988,8492744,134.29032258064515,95.61290322580645,214.8,824.4,750.2,37015.2,89199.7,105857.8,104.8,36.1,1.5,75.74194,118.90322580645162,123.38709677419355,77.16129032258064,14.36774194,443.0
2020-03-04,1,3,2020,4,40000.0,19,13.9,2163144.843999998,17442,1497.6,1286.3,2903,2810,832,2903,1389,3931,282354397.28000003,55345611.48,53959876.21999997,172798642.32,600.6722204869086,184.49118030412745,47.435,43.27,46.160000000000004,27242988,8492744,134.29032258064515,95.61290322580645,214.8,824.4,750.2,37015.2,89199.7,105857.8,104.8,36.1,1.5,75.74194,118.90322580645162,123.38709677419355,77.16129032258064,14.36774194,443.0
2020-03-05,1,3,2020,5,40000.0,39,13.9,2163144.843999998,17442,1497.6,1286.3,2903,2810,832,2903,1389,3931,282354397.28000003,55345611.48,53959876.21999997,172798642.32,600.6722204869086,184.49118030412745,47.435,43.27,46.160000000000004,27242988,8492744,134.29032258064515,95.61290322580645,214.8,824.4,750.2,37015.2,89199.7,105857.8,104.8,36.1,1.5,75.74194,118.90322580645162,123.38709677419355,77.16129032258064,14.36774194,443.0
2020-03-06,1,3,2020,6,50000.0,23,13.9,2163144.843999998,17442,1497.6,1286.3,2903,2810,832,2903,1389,3931,282354397.28000003,55345611.48,53959876.21999997,172798642.32,600.6722204869086,184.49118030412745,47.435,43.27,46.160000000000004,27242988,8492744,134.29032258064515,95.61290322580645,214.8,824.4,750.2,37015.2,89199.7,105857.8,104.8,36.1,1.5,75.74194,118.90322580645162,123.38709677419355,77.16129032258064,14.36774194,443.0
2020-03-07,1,3,2020,7,40000.0,6,13.9,2163144.843999998,17442,1497.6,1286.3,2903,2810,832,2903,1389,3931,282354397.28000003,55345611.48,53959876.21999997,172798642.32,600.6722204869086,184.49118030412745,47.435,43.27,46.160000000000004,27242988,8492744,134.29032258064515,95.61290322580645,214.8,824.4,750.2,37015.2,89199.7,105857.8,104.8,36.1,1.5,75.74194,118.90322580645162,123.38709677419355,77.16129032258064,14.36774194,443.0
2020-03-08,1,3,2020,8,50000.0,8,13.9,2163144.843999998,17442,1497.6,1286.3,2903,2810,832,2903,1389,3931,282354397.28000003,55345611.48,53959876.21999997,172798642.32,600.6722204869086,184.49118030412745,47.435,43.27,46.160000000000004,27242988,8492744,134.29032258064515,95.61290322580645,214.8,824.4,750.2,37015.2,89199.7,105857.8,104.8,36.1,1.5,75.74194,118.90322580645162,123.38709677419355,77.16129032258064,14.36774194,443.0
2020-03-09,1,3,2020,9,60000.0,15,13.9,2163144.843999998,17442,1497.6,1286.3,2903,2810,832,2903,1389,3931,282354397.28000003,55345611.48,53959876.21999997,172798642.32,600.6722204869086,184.49118030412745,47.435,43.27,46.160000000000004,27242988,8492744,134.29032258064515,95.61290322580645,214.8,824.4,750.2,37015.2,89199.7,105857.8,104.8,36.1,1.5,75.74194,118.90322580645162,123.38709677419355,77.16129032258064,14.36774194,443.0
2020-03-10,1,3,2020,10,47500.0,51,13.9,2163144.843999998,17442,1497.6,1286.3,2903,2810,832,2903,1389,3931,282354397.28000003,55345611.48,53959876.21999997,172798642.32,600.6722204869086,184.49118030412745,47.435,43.27,46.160000000000004,27242988,8492744,134.29032258064515,95.61290322580645,214.8,824.4,750.2,37015.2,89199.7,105857.8,104.8,36.1,1.5,75.74194,118.90322580645162,123.38709677419355,77.16129032258064,14.36774194,443.0
2020-03-11,1,3,2020,11,45000.0,35,13.9,2163144.843999998,17442,1497.6,1286.3,2903,2810,832,2903,1389,3931,282354397.28000003,55345611.48,53959876.21999997,172798642.32,600.6722204869086,184.49118030412745,47.435,43.27,46.160000000000004,27242988,8492744,134.29032258064515,95.61290322580645,214.8,824.4,750.2,37015.2,89199.7,105857.8,104.8,36.1,1.5,75.74194,118.90322580645162,123.38709677419355,77.16129032258064,14.36774194,443.0
2020-03-12,1,3,2020,12,50000.0,40,13.9,2163144.843999998,17442,1497.6,1286.3,2903,2810,832,2903,1389,3931,282354397.28000003,55345611.48,53959876.21999997,172798642.32,600.6722204869086,184.49118030412745,47.435,43.27,46.160000000000004,27242988,8492744,134.29032258064515,95.61290322580645,214.8,824.4,750.2,37015.2,89199.7,105857.8,104.8,36.1,1.5,75.74194,118.90322580645162,123.38709677419355,77.16129032258064,14.36774194,443.0
2020-03-13,1,3,2020,13,50000.0,24,13.9,2163144.843999998,17442,1497.6,1286.3,2903,2810,832,2903,1389,3931,282354397.28000003,55345611.48,53959876.21999997,172798642.32,600.6722204869086,184.49118030412745,47.435,43.27,46.160000000000004,27242988,8492744,134.29032258064515,95.61290322580645,214.8,824.4,750.2,37015.2,89199.7,105857.8,104.8,36.1,1.5,75.74194,118.90322580645162,123.38709677419355,77.16129032258064,14.36774194,443.0
2020-03-14,1,3,2020,14,62500.0,3,13.9,2163144.843999998,17442,1497.6,1286.3,2903,2810,832,2903,1389,3931,282354397.28000003,55345611.48,53959876.21999997,172798642.32,600.6722204869086,184.49118030412745,47.435,43.27,46.160000000000004,27242988,8492744,134.29032258064515,95.61290322580645,214.8,824.4,750.2,37015.2,89199.7,105857.8,104.8,36.1,1.5,75.74194,118.90322580645162,123.38709677419355,77.16129032258064,14.36774194,443.0
2020-03-15,1,3,2020,15,80000.0,3,13.9,2163144.843999998,17442,1497.6,1286.3,2903,2810,832,2903,1389,3931,282354397.28000003,55345611.48,53959876.21999997,172798642.32,600.6722204869086,184.49118030412745,47.435,43.27,46.160000000000004,27242988,8492744,134.29032258064515,95.61290322580645,214.8,824.4,750.2,37015.2,89199.7,105857.8,104.8,36.1,1.5,75.74194,118.90322580645162,123.38709677419355,77.16129032258064,14.36774194,443.0
2020-03-16,1,3,2020,16,45000.0,51,13.9,2163144.843999998,17442,1497.6,1286.3,2903,2810,832,2903,1389,3931,282354397.28000003,55345611.48,53959876.21999997,172798642.32,600.6722204869086,184.49118030412745,47.435,43.27,46.160000000000004,27242988,8492744,134.29032258064515,95.61290322580645,214.8,824.4,750.2,37015.2,89199.7,105857.8,104.8,36.1,1.5,75.74194,118.90322580645162,123.38709677419355,77.16129032258064,14.36774194,443.0
2020-03-17,1,3,2020,17,40000.0,37,13.9,2163144.843999998,17442,1497.6,1286.3,2903,2810,832,2903,1389,3931,282354397.28000003,55345611.48,53959876.21999997,172798642.32,600.6722204869086,184.49118030412745,47.435,43.27,46.160000000000004,27242988,8492744,134.29032258064515,95.61290322580645,214.8,824.4,750.2,37015.2,89199.7,105857.8,104.8,36.1,1.5,75.74194,118.90322580645162,123.38709677419355,77.16129032258064,14.36774194,443.0
2020-03-18,1,3,2020,18,45000.0,37,13.9,2163144.843999998,17442,1497.6,1286.3,2903,2810,832,2903,1389,3931,282354397.28000003,55345611.48,53959876.21999997,172798642.32,600.6722204869086,184.49118030412745,47.435,43.27,46.160000000000004,27242988,8492744,134.29032258064515,95.61290322580645,214.8,824.4,750.2,37015.2,89199.7,105857.8,104.8,36.1,1.5,75.74194,118.90322580645162,123.38709677419355,77.16129032258064,14.36774194,443.0
2020-03-19,1,3,2020,19,50000.0,44,13.9,2163144.843999998,17442,1497.6,1286.3,2903,2810,832,2903,1389,3931,282354397.28000003,55345611.48,53959876.21999997,172798642.32,600.6722204869086,184.49118030412745,47.435,43.27,46.160000000000004,27242988,8492744,134.29032258064515,95.61290322580645,214.8,824.4,750.2,37015.2,89199.7,105857.8,104.8,36.1,1.5,75.74194,118.90322580645162,123.38709677419355,77.16129032258064,14.36774194,443.0
2020-03-20,1,3,2020,20,40000.0,35,13.9,2163144.843999998,17442,1497.6,1286.3,2903,2810,832,2903,1389,3931,282354397.28000003,55345611.48,53959876.21999997,172798642.32,600.6722204869086,184.49118030412745,47.435,43.27,46.160000000000004,27242988,8492744,134.29032258064515,95.61290322580645,214.8,824.4,750.2,37015.2,89199.7,105857.8,104.8,36.1,1.5,75.74194,118.90322580645162,123.38709677419355,77.16129032258064,14.36774194,443.0
2020-03-21,1,3,2020,21,52500.0,3,13.9,2163144.843999998,17442,1497.6,1286.3,2903,2810,832,2903,1389,3931,282354397.28000003,55345611.48,53959876.21999997,172798642.32,600.6722204869086,184.49118030412745,47.435,43.27,46.160000000000004,27242988,8492744,134.29032258064515,95.61290322580645,214.8,824.4,750.2,37015.2,89199.7,105857.8,104.8,36.1,1.5,75.74194,118.90322580645162,123.38709677419355,77.16129032258064,14.36774194,443.0
2020-03-22,1,3,2020,22,58000.0,6,13.9,2163144.843999998,17442,1497.6,1286.3,2903,2810,832,2903,1389,3931,282354397.28000003,55345611.48,53959876.21999997,172798642.32,600.6722204869086,184.49118030412745,47.435,43.27,46.160000000000004,27242988,8492744,134.29032258064515,95.61290322580645,214.8,824.4,750.2,37015.2,89199.7,105857.8,104.8,36.1,1.5,75.74194,118.90322580645162,123.38709677419355,77.16129032258064,14.36774194,443.0
2020-03-23,1,3,2020,23,47500.0,65,13.9,2163144.843999998,17442,1497.6,1286.3,2903,2810,832,2903,1389,3931,282354397.28000003,55345611.48,53959876.21999997,172798642.32,600.6722204869086,184.49118030412745,47.435,43.27,46.160000000000004,27242988,8492744,134.29032258064515,95.61290322580645,214.8,824.4,750.2,37015.2,89199.7,105857.8,104.8,36.1,1.5,75.74194,118.90322580645162,123.38709677419355,77.16129032258064,14.36774194,443.0
2020-03-24,1,3,2020,24,47500.0,50,13.9,2163144.843999998,17442,1497.6,1286.3,2903,2810,832,2903,1389,3931,282354397.28000003,55345611.48,53959876.21999997,172798642.32,600.6722204869086,184.49118030412745,47.435,43.27,46.160000000000004,27242988,8492744,134.29032258064515,95.61290322580645,214.8,824.4,750.2,37015.2,89199.7,105857.8,104.8,36.1,1.5,75.74194,118.90322580645162,123.38709677419355,77.16129032258064,14.36774194,443.0
2020-03-25,1,3,2020,25,45750.0,48,13.9,2163144.843999998,17442,1497.6,1286.3,2903,2810,832,2903,1389,3931,282354397.28000003,55345611.48,53959876.21999997,172798642.32,600.6722204869086,184.49118030412745,47.435,43.27,46.160000000000004,27242988,8492744,134.29032258064515,95.61290322580645,214.8,824.4,750.2,37015.2,89199.7,105857.8,104.8,36.1,1.5,75.74194,118.90322580645162,123.38709677419355,77.16129032258064,14.36774194,443.0
2020-03-26,1,3,2020,26,50000.0,29,13.9,2163144.843999998,17442,1497.6,1286.3,2903,2810,832,2903,1389,3931,282354397.28000003,55345611.48,53959876.21999997,172798642.32,600.6722204869086,184.49118030412745,47.435,43.27,46.160000000000004,27242988,8492744,134.29032258064515,95.61290322580645,214.8,824.4,750.2,37015.2,89199.7,105857.8,104.8,36.1,1.5,75.74194,118.90322580645162,123.38709677419355,77.16129032258064,14.36774194,443.0
2020-03-27,1,3,2020,27,50000.0,24,13.9,2163144.843999998,17442,1497.6,1286.3,2903,2810,832,2903,1389,3931,282354397.28000003,55345611.48,53959876.21999997,172798642.32,600.6722204869086,184.49118030412745,47.435,43.27,46.160000000000004,27242988,8492744,134.29032258064515,95.61290322580645,214.8,824.4,750.2,37015.2,89199.7,105857.8,104.8,36.1,1.5,75.74194,118.90322580645162,123.38709677419355,77.16129032258064,14.36774194,443.0
2020-03-28,1,3,2020,28,70000.0,1,13.9,2163144.843999998,17442,1497.6,1286.3,2903,2810,832,2903,1389,3931,282354397.28000003,55345611.48,53959876.21999997,172798642.32,600.6722204869086,184.49118030412745,47.435,43.27,46.160000000000004,27242988,8492744,134.29032258064515,95.61290322580645,214.8,824.4,750.2,37015.2,89199.7,105857.8,104.8,36.1,1.5,75.74194,118.90322580645162,123.38709677419355,77.16129032258064,14.36774194,443.0
2020-03-29,1,3,2020,29,34900.0,2,13.9,2163144.843999998,17442,1497.6,1286.3,2903,2810,832,2903,1389,3931,282354397.28000003,55345611.48,53959876.21999997,172798642.32,600.6722204869086,184.49118030412745,47.435,43.27,46.160000000000004,27242988,8492744,134.29032258064515,95.61290322580645,214.8,824.4,750.2,37015.2,89199.7,105857.8,104.8,36.1,1.5,75.74194,118.90322580645162,123.38709677419355,77.16129032258064,14.36774194,443.0
2020-03-30,1,3,2020,30,47500.0,14,13.9,2163144.843999998,17442,1497.6,1286.3,2903,2810,832,2903,1389,3931,282354397.28000003,55345611.48,53959876.21999997,172798642.32,600.6722204869086,184.49118030412745,47.435,43.27,46.160000000000004,27242988,8492744,134.29032258064515,95.61290322580645,214.8,824.4,750.2,37015.2,89199.7,105857.8,104.8,36.1,1.5,75.74194,118.90322580645162,123.38709677419355,77.16129032258064,14.36774194,443.0
2020-03-31,1,3,2020,31,80000.0,11,13.9,2163144.843999998,17442,1497.6,1286.3,2903,2810,832,2903,1389,3931,282354397.28000003,55345611.48,53959876.21999997,172798642.32,600.6722204869086,184.49118030412745,47.435,43.27,46.160000000000004,27242988,8492744,134.29032258064515,95.61290322580645,214.8,824.4,750.2,37015.2,89199.7,105857.8,104.8,36.1,1.5,75.74194,118.90322580645162,123.38709677419355,77.16129032258064,14.36774194,443.0
2020-04-01,2,4,2020,1,33750.0,18,50.199999999999996,1892046.9719999991,14250,1637.4,1349.6000000000001,1534,4076,1266,1534,770,2530,285943870.15,49045766.39999999,230481782.72000003,5992543.680000007,303.1751973441535,127.49127332005074,47.290000000000006,43.16,46.1375,13698466,5865661,49.233333333333334,48.4,208.2,824.3,723.1,44933.6,90125.9,110431.3,101.8,35.6,-32.825,47.26667,58.06666666666667,47.166666666666664,17.266666666666666,22.72433333,443.0
2020-04-02,2,4,2020,2,37500.0,6,50.199999999999996,1892046.9719999991,14250,1637.4,1349.6000000000001,1534,4076,1266,1534,770,2530,285943870.15,49045766.39999999,230481782.72000003,5992543.680000007,303.1751973441535,127.49127332005074,47.290000000000006,43.16,46.1375,13698466,5865661,49.233333333333334,48.4,208.2,824.3,723.1,44933.6,90125.9,110431.3,101.8,35.6,-32.825,47.26667,58.06666666666667,47.166666666666664,17.266666666666666,22.72433333,443.0
2020-04-03,2,4,2020,3,34800.0,7,50.199999999999996,1892046.9719999991,14250,1637.4,1349.6000000000001,1534,4076,1266,1534,770,2530,285943870.15,49045766.39999999,230481782.72000003,5992543.680000007,303.1751973441535,127.49127332005074,47.290000000000006,43.16,46.1375,13698466,5865661,49.233333333333334,48.4,208.2,824.3,723.1,44933.6,90125.9,110431.3,101.8,35.6,-32.825,47.26667,58.06666666666667,47.166666666666664,17.266666666666666,22.72433333,443.0
2020-04-04,2,4,2020,4,48750.0,4,50.199999999999996,1892046.9719999991,14250,1637.4,1349.6000000000001,1534,4076,1266,1534,770,2530,285943870.15,49045766.39999999,230481782.72000003,5992543.680000007,303.1751973441535,127.49127332005074,47.290000000000006,43.16,46.1375,13698466,5865661,49.233333333333334,48.4,208.2,824.3,723.1,44933.6,90125.9,110431.3,101.8,35.6,-32.825,47.26667,58.06666666666667,47.166666666666664,17.266666666666666,22.72433333,443.0
2020-04-05,2,4,2020,5,35000.0,6,50.199999999999996,1892046.9719999991,14250,1637.4,1349.6000000000001,1534,4076,1266,1534,770,2530,285943870.15,49045766.39999999,230481782.72000003,5992543.680000007,303.1751973441535,127.49127332005074,47.290000000000006,43.16,46.1375,13698466,5865661,49.233333333333334,48.4,208.2,824.3,723.1,44933.6,90125.9,110431.3,101.8,35.6,-32.825,47.26667,58.06666666666667,47.166666666666664,17.266666666666666,22.72433333,443.0
2020-04-06,2,4,2020,6,75000.0,9,50.199999999999996,1892046.9719999991,14250,1637.4,1349.6000000000001,1534,4076,1266,1534,770,2530,285943870.15,49045766.39999999,230481782.72000003,5992543.680000007,303.1751973441535,127.49127332005074,47.290000000000006,43.16,46.1375,13698466,5865661,49.233333333333334,48.4,208.2,824.3,723.1,44933.6,90125.9,110431.3,101.8,35.6,-32.825,47.26667,58.06666666666667,47.166666666666664,17.266666666666666,22.72433333,443.0
2020-04-07,2,4,2020,7,45000.0,12,50.199999999999996,1892046.9719999991,14250,1637.4,1349.6000000000001,1534,4076,1266,1534,770,2530,285943870.15,49045766.39999999,230481782.72000003,5992543.680000007,303.1751973441535,127.49127332005074,47.290000000000006,43.16,46.1375,13698466,5865661,49.233333333333334,48.4,208.2,824.3,723.1,44933.6,90125.9,110431.3,101.8,35.6,-32.825,47.26667,58.06666666666667,47.166666666666664,17.266666666666666,22.72433333,443.0
2020-04-08,2,4,2020,8,48750.0,24,50.199999999999996,1892046.9719999991,14250,1637.4,1349.6000000000001,1534,4076,1266,1534,770,2530,285943870.15,49045766.39999999,230481782.72000003,5992543.680000007,303.1751973441535,127.49127332005074,47.290000000000006,43.16,46.1375,13698466,5865661,49.233333333333334,48.4,208.2,824.3,723.1,44933.6,90125.9,110431.3,101.8,35.6,-32.825,47.26667,58.06666666666667,47.166666666666664,17.266666666666666,22.72433333,443.0
2020-04-09,2,4,2020,9,40000.0,19,50.199999999999996,1892046.9719999991,14250,1637.4,1349.6000000000001,1534,4076,1266,1534,770,2530,285943870.15,49045766.39999999,230481782.72000003,5992543.680000007,303.1751973441535,127.49127332005074,47.290000000000006,43.16,46.1375,13698466,5865661,49.233333333333334,48.4,208.2,824.3,723.1,44933.6,90125.9,110431.3,101.8,35.6,-32.825,47.26667,58.06666666666667,47.166666666666664,17.266666666666666,22.72433333,443.0
2020-04-10,2,4,2020,10,40000.0,26,50.199999999999996,1892046.9719999991,14250,1637.4,1349.6000000000001,1534,4076,1266,1534,770,2530,285943870.15,49045766.39999999,230481782.72000003,5992543.680000007,303.1751973441535,127.49127332005074,47.290000000000006,43.16,46.1375,13698466,5865661,49.233333333333334,48.4,208.2,824.3,723.1,44933.6,90125.9,110431.3,101.8,35.6,-32.825,47.26667,58.06666666666667,47.166666666666664,17.266666666666666,22.72433333,443.0
2020-04-11,2,4,2020,11,38032.5,4,50.199999999999996,1892046.9719999991,14250,1637.4,1349.6000000000001,1534,4076,1266,1534,770,2530,285943870.15,49045766.39999999,230481782.72000003,5992543.680000007,303.1751973441535,127.49127332005074,47.290000000000006,43.16,46.1375,13698466,5865661,49.233333333333334,48.4,208.2,824.3,723.1,44933.6,90125.9,110431.3,101.8,35.6,-32.825,47.26667,58.06666666666667,47.166666666666664,17.266666666666666,22.72433333,443.0
2020-04-12,2,4,2020,12,82500.0,3,50.199999999999996,1892046.9719999991,14250,1637.4,1349.6000000000001,1534,4076,1266,1534,770,2530,285943870.15,49045766.39999999,230481782.72000003,5992543.680000007,303.1751973441535,127.49127332005074,47.290000000000006,43.16,46.1375,13698466,5865661,49.233333333333334,48.4,208.2,824.3,723.1,44933.6,90125.9,110431.3,101.8,35.6,-32.825,47.26667,58.06666666666667,47.166666666666664,17.266666666666666,22.72433333,443.0
2020-04-13,2,4,2020,13,55000.0,11,50.199999999999996,1892046.9719999991,14250,1637.4,1349.6000000000001,1534,4076,1266,1534,770,2530,285943870.15,49045766.39999999,230481782.72000003,5992543.680000007,303.1751973441535,127.49127332005074,47.290000000000006,43.16,46.1375,13698466,5865661,49.233333333333334,48.4,208.2,824.3,723.1,44933.6,90125.9,110431.3,101.8,35.6,-32.825,47.26667,58.06666666666667,47.166666666666664,17.266666666666666,22.72433333,443.0
2020-04-14,2,4,2020,14,50000.0,12,50.199999999999996,1892046.9719999991,14250,1637.4,1349.6000000000001,1534,4076,1266,1534,770,2530,285943870.15,49045766.39999999,230481782.72000003,5992543.680000007,303.1751973441535,127.49127332005074,47.290000000000006,43.16,46.1375,13698466,5865661,49.233333333333334,48.4,208.2,824.3,723.1,44933.6,90125.9,110431.3,101.8,35.6,-32.825,47.26667,58.06666666666667,47.166666666666664,17.266666666666666,22.72433333,443.0
2020-04-15,2,4,2020,15,47500.0,14,50.199999999999996,1892046.9719999991,14250,1637.4,1349.6000000000001,1534,4076,1266,1534,770,2530,285943870.15,49045766.39999999,230481782.72000003,5992543.680000007,303.1751973441535,127.49127332005074,47.290000000000006,43.16,46.1375,13698466,5865661,49.233333333333334,48.4,208.2,824.3,723.1,44933.6,90125.9,110431.3,101.8,35.6,-32.825,47.26667,58.06666666666667,47.166666666666664,17.266666666666666,22.72433333,443.0
2020-04-16,2,4,2020,16,40000.0,19,50.199999999999996,1892046.9719999991,14250,1637.4,1349.6000000000001,1534,4076,1266,1534,770,2530,285943870.15,49045766.39999999,230481782.72000003,5992543.680000007,303.1751973441535,127.49127332005074,47.290000000000006,43.16,46.1375,13698466,5865661,49.233333333333334,48.4,208.2,824.3,723.1,44933.6,90125.9,110431.3,101.8,35.6,-32.825,47.26667,58.06666666666667,47.166666666666664,17.266666666666666,22.72433333,443.0
2020-04-17,2,4,2020,17,55000.0,18,50.199999999999996,1892046.9719999991,14250,1637.4,1349.6000000000001,1534,4076,1266,1534,770,2530,285943870.15,49045766.39999999,230481782.72000003,5992543.680000007,303.1751973441535,127.49127332005074,47.290000000000006,43.16,46.1375,13698466,5865661,49.233333333333334,48.4,208.2,824.3,723.1,44933.6,90125.9,110431.3,101.8,35.6,-32.825,47.26667,58.06666666666667,47.166666666666664,17.266666666666666,22.72433333,443.0
2020-04-18,2,4,2020,18,84017.5,4,50.199999999999996,1892046.9719999991,14250,1637.4,1349.6000000000001,1534,4076,1266,1534,770,2530,285943870.15,49045766.39999999,230481782.72000003,5992543.680000007,303.1751973441535,127.49127332005074,47.290000000000006,43.16,46.1375,13698466,5865661,49.233333333333334,48.4,208.2,824.3,723.1,44933.6,90125.9,110431.3,101.8,35.6,-32.825,47.26667,58.06666666666667,47.166666666666664,17.266666666666666,22.72433333,443.0
2020-04-19,2,4,2020,19,47500.0,3,50.199999999999996,1892046.9719999991,14250,1637.4,1349.6000000000001,1534,4076,1266,1534,770,2530,285943870.15,49045766.39999999,230481782.72000003,5992543.680000007,303.1751973441535,127.49127332005074,47.290000000000006,43.16,46.1375,13698466,5865661,49.233333333333334,48.4,208.2,824.3,723.1,44933.6,90125.9,110431.3,101.8,35.6,-32.825,47.26667,58.06666666666667,47.166666666666664,17.266666666666666,22.72433333,443.0
2020-04-20,2,4,2020,20,42500.0,26,50.199999999999996,1892046.9719999991,14250,1637.4,1349.6000000000001,1534,4076,1266,1534,770,2530,285943870.15,49045766.39999999,230481782.72000003,5992543.680000007,303.1751973441535,127.49127332005074,47.290000000000006,43.16,46.1375,13698466,5865661,49.233333333333334,48.4,208.2,824.3,723.1,44933.6,90125.9,110431.3,101.8,35.6,-32.825,47.26667,58.06666666666667,47.166666666666664,17.266666666666666,22.72433333,443.0
2020-04-21,2,4,2020,21,45000.0,22,50.199999999999996,1892046.9719999991,14250,1637.4,1349.6000000000001,1534,4076,1266,1534,770,2530,285943870.15,49045766.39999999,230481782.72000003,5992543.680000007,303.1751973441535,127.49127332005074,47.290000000000006,43.16,46.1375,13698466,5865661,49.233333333333334,48.4,208.2,824.3,723.1,44933.6,90125.9,110431.3,101.8,35.6,-32.825,47.26667,58.06666666666667,47.166666666666664,17.266666666666666,22.72433333,443.0
2020-04-22,2,4,2020,22,50000.0,16,50.199999999999996,1892046.9719999991,14250,1637.4,1349.6000000000001,1534,4076,1266,1534,770,2530,285943870.15,49045766.39999999,230481782.72000003,5992543.680000007,303.1751973441535,127.49127332005074,47.290000000000006,43.16,46.1375,13698466,5865661,49.233333333333334,48.4,208.2,824.3,723.1,44933.6,90125.9,110431.3,101.8,35.6,-32.825,47.26667,58.06666666666667,47.166666666666664,17.266666666666666,22.72433333,443.0
2020-04-23,2,4,2020,23,50000.0,27,50.199999999999996,1892046.9719999991,14250,1637.4,1349.6000000000001,1534,4076,1266,1534,770,2530,285943870.15,49045766.39999999,230481782.72000003,5992543.680000007,303.1751973441535,127.49127332005074,47.290000000000006,43.16,46.1375,13698466,5865661,49.233333333333334,48.4,208.2,824.3,723.1,44933.6,90125.9,110431.3,101.8,35.6,-32.825,47.26667,58.06666666666667,47.166666666666664,17.266666666666666,22.72433333,443.0
2020-04-24,2,4,2020,24,56250.0,10,50.199999999999996,1892046.9719999991,14250,1637.4,1349.6000000000001,1534,4076,1266,1534,770,2530,285943870.15,49045766.39999999,230481782.72000003,5992543.680000007,303.1751973441535,127.49127332005074,47.290000000000006,43.16,46.1375,13698466,5865661,49.233333333333334,48.4,208.2,824.3,723.1,44933.6,90125.9,110431.3,101.8,35.6,-32.825,47.26667,58.06666666666667,47.166666666666664,17.266666666666666,22.72433333,443.0
2020-04-25,2,4,2020,25,45000.0,2,50.199999999999996,1892046.9719999991,14250,1637.4,1349.6000000000001,1534,4076,1266,1534,770,2530,285943870.15,49045766.39999999,230481782.72000003,5992543.680000007,303.1751973441535,127.49127332005074,47.290000000000006,43.16,46.1375,13698466,5865661,49.233333333333334,48.4,208.2,824.3,723.1,44933.6,90125.9,110431.3,101.8,35.6,-32.825,47.26667,58.06666666666667,47.166666666666664,17.266666666666666,22.72433333,443.0
2020-04-26,2,4,2020,26,47500.0,9,50.199999999999996,1892046.9719999991,14250,1637.4,1349.6000000000001,1534,4076,1266,1534,770,2530,285943870.15,49045766.39999999,230481782.72000003,5992543.680000007,303.1751973441535,127.49127332005074,47.290000000000006,43.16,46.1375,13698466,5865661,49.233333333333334,48.4,208.2,824.3,723.1,44933.6,90125.9,110431.3,101.8,35.6,-32.825,47.26667,58.06666666666667,47.166666666666664,17.266666666666666,22.72433333,443.0
2020-04-27,2,4,2020,27,40000.0,27,50.199999999999996,1892046.9719999991,14250,1637.4,1349.6000000000001,1534,4076,1266,1534,770,2530,285943870.15,49045766.39999999,230481782.72000003,5992543.680000007,303.1751973441535,127.49127332005074,47.290000000000006,43.16,46.1375,13698466,5865661,49.233333333333334,48.4,208.2,824.3,723.1,44933.6,90125.9,110431.3,101.8,35.6,-32.825,47.26667,58.06666666666667,47.166666666666664,17.266666666666666,22.72433333,443.0
2020-04-28,2,4,2020,28,45000.0,21,50.199999999999996,1892046.9719999991,14250,1637.4,1349.6000000000001,1534,4076,1266,1534,770,2530,285943870.15,49045766.39999999,230481782.72000003,5992543.680000007,303.1751973441535,127.49127332005074,47.290000000000006,43.16,46.1375,13698466,5865661,49.233333333333334,48.4,208.2,824.3,723.1,44933.6,90125.9,110431.3,101.8,35.6,-32.825,47.26667,58.06666666666667,47.166666666666664,17.266666666666666,22.72433333,443.0
2020-04-29,2,4,2020,29,58750.0,14,50.199999999999996,1892046.9719999991,14250,1637.4,1349.6000000000001,1534,4076,1266,1534,770,2530,285943870.15,49045766.39999999,230481782.72000003,5992543.680000007,303.1751973441535,127.49127332005074,47.290000000000006,43.16,46.1375,13698466,5865661,49.233333333333334,48.4,208.2,824.3,723.1,44933.6,90125.9,110431.3,101.8,35.6,-32.825,47.26667,58.06666666666667,47.166666666666664,17.266666666666666,22.72433333,443.0
2020-04-30,2,4,2020,30,46000.0,11,50.199999999999996,1892046.9719999991,14250,1637.4,1349.6000000000001,1534,4076,1266,1534,770,2530,285943870.15,49045766.39999999,230481782.72000003,5992543.680000007,303.1751973441535,127.49127332005074,47.290000000000006,43.16,46.1375,13698466,5865661,49.233333333333334,48.4,208.2,824.3,723.1,44933.6,90125.9,110431.3,101.8,35.6,-32.825,47.26667,58.06666666666667,47.166666666666664,17.266666666666666,22.72433333,443.0
2020-05-01,2,5,2020,1,53750.0,2,50.199999999999996,1723480.577999998,16416,1637.4,1349.6000000000001,2828,5510,1434,2828,1436,3117,144633685.70000005,50898783.879999995,82806355.81,10820330.629999995,303.1751973441535,127.49127332005074,47.1375,43.012499999999996,45.995,13698466,5865661,83.2258064516129,70.16129032258064,197.8,839.4,687.3,45230.5,92271.2,115807.5,101.8,35.6,-28.86,60.54839,89.51612903225806,75.16129032258064,23.64516129032258,20.98064516,443.0
2020-05-02,2,5,2020,2,57500.0,2,50.199999999999996,1723480.577999998,16416,1637.4,1349.6000000000001,2828,5510,1434,2828,1436,3117,144633685.70000005,50898783.879999995,82806355.81,10820330.629999995,303.1751973441535,127.49127332005074,47.1375,43.012499999999996,45.995,13698466,5865661,83.2258064516129,70.16129032258064,197.8,839.4,687.3,45230.5,92271.2,115807.5,101.8,35.6,-28.86,60.54839,89.51612903225806,75.16129032258064,23.64516129032258,20.98064516,443.0
2020-05-03,2,5,2020,3,80000.0,3,50.199999999999996,1723480.577999998,16416,1637.4,1349.6000000000001,2828,5510,1434,2828,1436,3117,144633685.70000005,50898783.879999995,82806355.81,10820330.629999995,303.1751973441535,127.49127332005074,47.1375,43.012499999999996,45.995,13698466,5865661,83.2258064516129,70.16129032258064,197.8,839.4,687.3,45230.5,92271.2,115807.5,101.8,35.6,-28.86,60.54839,89.51612903225806,75.16129032258064,23.64516129032258,20.98064516,443.0
2020-05-04,2,5,2020,4,45000.0,4,50.199999999999996,1723480.577999998,16416,1637.4,1349.6000000000001,2828,5510,1434,2828,1436,3117,144633685.70000005,50898783.879999995,82806355.81,10820330.629999995,303.1751973441535,127.49127332005074,47.1375,43.012499999999996,45.995,13698466,5865661,83.2258064516129,70.16129032258064,197.8,839.4,687.3,45230.5,92271.2,115807.5,101.8,35.6,-28.86,60.54839,89.51612903225806,75.16129032258064,23.64516129032258,20.98064516,443.0
2020-05-05,2,5,2020,5,42500.0,7,50.199999999999996,1723480.577999998,16416,1637.4,1349.6000000000001,2828,5510,1434,2828,1436,3117,144633685.70000005,50898783.879999995,82806355.81,10820330.629999995,303.1751973441535,127.49127332005074,47.1375,43.012499999999996,45.995,13698466,5865661,83.2258064516129,70.16129032258064,197.8,839.4,687.3,45230.5,92271.2,115807.5,101.8,35.6,-28.86,60.54839,89.51612903225806,75.16129032258064,23.64516129032258,20.98064516,443.0
2020-05-06,2,5,2020,6,35000.0,16,50.199999999999996,1723480.577999998,16416,1637.4,1349.6000000000001,2828,5510,1434,2828,1436,3117,144633685.70000005,50898783.879999995,82806355.81,10820330.629999995,303.1751973441535,127.49127332005074,47.1375,43.012499999999996,45.995,13698466,5865661,83.2258064516129,70.16129032258064,197.8,839.4,687.3,45230.5,92271.2,115807.5,101.8,35.6,-28.86,60.54839,89.51612903225806,75.16129032258064,23.64516129032258,20.98064516,443.0
2020-05-07,2,5,2020,7,42500.0,16,50.199999999999996,1723480.577999998,16416,1637.4,1349.6000000000001,2828,5510,1434,2828,1436,3117,144633685.70000005,50898783.879999995,82806355.81,10820330.629999995,303.1751973441535,127.49127332005074,47.1375,43.012499999999996,45.995,13698466,5865661,83.2258064516129,70.16129032258064,197.8,839.4,687.3,45230.5,92271.2,115807.5,101.8,35.6,-28.86,60.54839,89.51612903225806,75.16129032258064,23.64516129032258,20.98064516,443.0
2020-05-08,2,5,2020,8,46000.0,15,50.199999999999996,1723480.577999998,16416,1637.4,1349.6000000000001,2828,5510,1434,2828,1436,3117,144633685.70000005,50898783.879999995,82806355.81,10820330.629999995,303.1751973441535,127.49127332005074,47.1375,43.012499999999996,45.995,13698466,5865661,83.2258064516129,70.16129032258064,197.8,839.4,687.3,45230.5,92271.2,115807.5,101.8,35.6,-28.86,60.54839,89.51612903225806,75.16129032258064,23.64516129032258,20.98064516,443.0
2020-05-09,2,5,2020,9,30000.0,2,50.199999999999996,1723480.577999998,16416,1637.4,1349.6000000000001,2828,5510,1434,2828,1436,3117,144633685.70000005,50898783.879999995,82806355.81,10820330.629999995,303.1751973441535,127.49127332005074,47.1375,43.012499999999996,45.995,13698466,5865661,83.2258064516129,70.16129032258064,197.8,839.4,687.3,45230.5,92271.2,115807.5,101.8,35.6,-28.86,60.54839,89.51612903225806,75.16129032258064,23.64516129032258,20.98064516,443.0
2020-05-10,2,5,2020,10,75000.0,4,50.199999999999996,1723480.577999998,16416,1637.4,1349.6000000000001,2828,5510,1434,2828,1436,3117,144633685.70000005,50898783.879999995,82806355.81,10820330.629999995,303.1751973441535,127.49127332005074,47.1375,43.012499999999996,45.995,13698466,5865661,83.2258064516129,70.16129032258064,197.8,839.4,687.3,45230.5,92271.2,115807.5,101.8,35.6,-28.86,60.54839,89.51612903225806,75.16129032258064,23.64516129032258,20.98064516,443.0
2020-05-11,2,5,2020,11,150000.0,26,50.199999999999996,1723480.577999998,16416,1637.4,1349.6000000000001,2828,5510,1434,2828,1436,3117,144633685.70000005,50898783.879999995,82806355.81,10820330.629999995,303.1751973441535,127.49127332005074,47.1375,43.012499999999996,45.995,13698466,5865661,83.2258064516129,70.16129032258064,197.8,839.4,687.3,45230.5,92271.2,115807.5,101.8,35.6,-28.86,60.54839,89.51612903225806,75.16129032258064,23.64516129032258,20.98064516,443.0
2020-05-12,2,5,2020,12,46000.0,15,50.199999999999996,1723480.577999998,16416,1637.4,1349.6000000000001,2828,5510,1434,2828,1436,3117,144633685.70000005,50898783.879999995,82806355.81,10820330.629999995,303.1751973441535,127.49127332005074,47.1375,43.012499999999996,45.995,13698466,5865661,83.2258064516129,70.16129032258064,197.8,839.4,687.3,45230.5,92271.2,115807.5,101.8,35.6,-28.86,60.54839,89.51612903225806,75.16129032258064,23.64516129032258,20.98064516,443.0
2020-05-13,2,5,2020,13,40000.0,15,50.199999999999996,1723480.577999998,16416,1637.4,1349.6000000000001,2828,5510,1434,2828,1436,3117,144633685.70000005,50898783.879999995,82806355.81,10820330.629999995,303.1751973441535,127.49127332005074,47.1375,43.012499999999996,45.995,13698466,5865661,83.2258064516129,70.16129032258064,197.8,839.4,687.3,45230.5,92271.2,115807.5,101.8,35.6,-28.86,60.54839,89.51612903225806,75.16129032258064,23.64516129032258,20.98064516,443.0
2020-05-14,2,5,2020,14,45000.0,19,50.199999999999996,1723480.577999998,16416,1637.4,1349.6000000000001,2828,5510,1434,2828,1436,3117,144633685.70000005,50898783.879999995,82806355.81,10820330.629999995,303.1751973441535,127.49127332005074,47.1375,43.012499999999996,45.995,13698466,5865661,83.2258064516129,70.16129032258064,197.8,839.4,687.3,45230.5,92271.2,115807.5,101.8,35.6,-28.86,60.54839,89.51612903225806,75.16129032258064,23.64516129032258,20.98064516,443.0
2020-05-15,2,5,2020,15,50000.0,18,50.199999999999996,1723480.577999998,16416,1637.4,1349.6000000000001,2828,5510,1434,2828,1436,3117,144633685.70000005,50898783.879999995,82806355.81,10820330.629999995,303.1751973441535,127.49127332005074,47.1375,43.012499999999996,45.995,13698466,5865661,83.2258064516129,70.16129032258064,197.8,839.4,687.3,45230.5,92271.2,115807.5,101.8,35.6,-28.86,60.54839,89.51612903225806,75.16129032258064,23.64516129032258,20.98064516,443.0
2020-05-16,2,5,2020,16,75000.0,1,50.199999999999996,1723480.577999998,16416,1637.4,1349.6000000000001,2828,5510,1434,2828,1436,3117,144633685.70000005,50898783.879999995,82806355.81,10820330.629999995,303.1751973441535,127.49127332005074,47.1375,43.012499999999996,45.995,13698466,5865661,83.2258064516129,70.16129032258064,197.8,839.4,687.3,45230.5,92271.2,115807.5,101.8,35.6,-28.86,60.54839,89.51612903225806,75.16129032258064,23.64516129032258,20.98064516,443.0
2020-05-17,2,5,2020,17,85000.0,6,50.199999999999996,1723480.577999998,16416,1637.4,1349.6000000000001,2828,5510,1434,2828,1436,3117,144633685.70000005,50898783.879999995,82806355.81,10820330.629999995,303.1751973441535,127.49127332005074,47.1375,43.012499999999996,45.995,13698466,5865661,83.2258064516129,70.16129032258064,197.8,839.4,687.3,45230.5,92271.2,115807.5,101.8,35.6,-28.86,60.54839,89.51612903225806,75.16129032258064,23.64516129032258,20.98064516,443.0
2020-05-18,2,5,2020,18,45000.0,23,50.199999999999996,1723480.577999998,16416,1637.4,1349.6000000000001,2828,5510,1434,2828,1436,3117,144633685.70000005,50898783.879999995,82806355.81,10820330.629999995,303.1751973441535,127.49127332005074,47.1375,43.012499999999996,45.995,13698466,5865661,83.2258064516129,70.16129032258064,197.8,839.4,687.3,45230.5,92271.2,115807.5,101.8,35.6,-28.86,60.54839,89.51612903225806,75.16129032258064,23.64516129032258,20.98064516,443.0
2020-05-19,2,5,2020,19,55000.0,21,50.199999999999996,1723480.577999998,16416,1637.4,1349.6000000000001,2828,5510,1434,2828,1436,3117,144633685.70000005,50898783.879999995,82806355.81,10820330.629999995,303.1751973441535,127.49127332005074,47.1375,43.012499999999996,45.995,13698466,5865661,83.2258064516129,70.16129032258064,197.8,839.4,687.3,45230.5,92271.2,115807.5,101.8,35.6,-28.86,60.54839,89.51612903225806,75.16129032258064,23.64516129032258,20.98064516,443.0
2020-05-20,2,5,2020,20,50000.0,21,50.199999999999996,1723480.577999998,16416,1637.4,1349.6000000000001,2828,5510,1434,2828,1436,3117,144633685.70000005,50898783.879999995,82806355.81,10820330.629999995,303.1751973441535,127.49127332005074,47.1375,43.012499999999996,45.995,13698466,5865661,83.2258064516129,70.16129032258064,197.8,839.4,687.3,45230.5,92271.2,115807.5,101.8,35.6,-28.86,60.54839,89.51612903225806,75.16129032258064,23.64516129032258,20.98064516,443.0
2020-05-21,2,5,2020,21,43250.0,24,50.199999999999996,1723480.577999998,16416,1637.4,1349.6000000000001,2828,5510,1434,2828,1436,3117,144633685.70000005,50898783.879999995,82806355.81,10820330.629999995,303.1751973441535,127.49127332005074,47.1375,43.012499999999996,45.995,13698466,5865661,83.2258064516129,70.16129032258064,197.8,839.4,687.3,45230.5,92271.2,115807.5,101.8,35.6,-28.86,60.54839,89.51612903225806,75.16129032258064,23.64516129032258,20.98064516,443.0
2020-05-22,2,5,2020,22,55000.0,15,50.199999999999996,1723480.577999998,16416,1637.4,1349.6000000000001,2828,5510,1434,2828,1436,3117,144633685.70000005,50898783.879999995,82806355.81,10820330.629999995,303.1751973441535,127.49127332005074,47.1375,43.012499999999996,45.995,13698466,5865661,83.2258064516129,70.16129032258064,197.8,839.4,687.3,45230.5,92271.2,115807.5,101.8,35.6,-28.86,60.54839,89.51612903225806,75.16129032258064,23.64516129032258,20.98064516,443.0
2020-05-23,2,5,2020,23,74000.0,9,50.199999999999996,1723480.577999998,16416,1637.4,1349.6000000000001,2828,5510,1434,2828,1436,3117,144633685.70000005,50898783.879999995,82806355.81,10820330.629999995,303.1751973441535,127.49127332005074,47.1375,43.012499999999996,45.995,13698466,5865661,83.2258064516129,70.16129032258064,197.8,839.4,687.3,45230.5,92271.2,115807.5,101.8,35.6,-28.86,60.54839,89.51612903225806,75.16129032258064,23.64516129032258,20.98064516,443.0
2020-05-24,2,5,2020,24,57500.0,1,50.199999999999996,1723480.577999998,16416,1637.4,1349.6000000000001,2828,5510,1434,2828,1436,3117,144633685.70000005,50898783.879999995,82806355.81,10820330.629999995,303.1751973441535,127.49127332005074,47.1375,43.012499999999996,45.995,13698466,5865661,83.2258064516129,70.16129032258064,197.8,839.4,687.3,45230.5,92271.2,115807.5,101.8,35.6,-28.86,60.54839,89.51612903225806,75.16129032258064,23.64516129032258,20.98064516,443.0
2020-05-25,2,5,2020,25,50000.0,26,50.199999999999996,1723480.577999998,16416,1637.4,1349.6000000000001,2828,5510,1434,2828,1436,3117,144633685.70000005,50898783.879999995,82806355.81,10820330.629999995,303.1751973441535,127.49127332005074,47.1375,43.012499999999996,45.995,13698466,5865661,83.2258064516129,70.16129032258064,197.8,839.4,687.3,45230.5,92271.2,115807.5,101.8,35.6,-28.86,60.54839,89.51612903225806,75.16129032258064,23.64516129032258,20.98064516,443.0
2020-05-26,2,5,2020,26,50000.0,23,50.199999999999996,1723480.577999998,16416,1637.4,1349.6000000000001,2828,5510,1434,2828,1436,3117,144633685.70000005,50898783.879999995,82806355.81,10820330.629999995,303.1751973441535,127.49127332005074,47.1375,43.012499999999996,45.995,13698466,5865661,83.2258064516129,70.16129032258064,197.8,839.4,687.3,45230.5,92271.2,115807.5,101.8,35.6,-28.86,60.54839,89.51612903225806,75.16129032258064,23.64516129032258,20.98064516,443.0
2020-05-27,2,5,2020,27,50000.0,41,50.199999999999996,1723480.577999998,16416,1637.4,1349.6000000000001,2828,5510,1434,2828,1436,3117,144633685.70000005,50898783.879999995,82806355.81,10820330.629999995,303.1751973441535,127.49127332005074,47.1375,43.012499999999996,45.995,13698466,5865661,83.2258064516129,70.16129032258064,197.8,839.4,687.3,45230.5,92271.2,115807.5,101.8,35.6,-28.86,60.54839,89.51612903225806,75.16129032258064,23.64516129032258,20.98064516,443.0
2020-05-28,2,5,2020,28,46250.0,26,50.199999999999996,1723480.577999998,16416,1637.4,1349.6000000000001,2828,5510,1434,2828,1436,3117,144633685.70000005,50898783.879999995,82806355.81,10820330.629999995,303.1751973441535,127.49127332005074,47.1375,43.012499999999996,45.995,13698466,5865661,83.2258064516129,70.16129032258064,197.8,839.4,687.3,45230.5,92271.2,115807.5,101.8,35.6,-28.86,60.54839,89.51612903225806,75.16129032258064,23.64516129032258,20.98064516,443.0
2020-05-29,2,5,2020,29,50000.0,23,50.199999999999996,1723480.577999998,16416,1637.4,1349.6000000000001,2828,5510,1434,2828,1436,3117,144633685.70000005,50898783.879999995,82806355.81,10820330.629999995,303.1751973441535,127.49127332005074,47.1375,43.012499999999996,45.995,13698466,5865661,83.2258064516129,70.16129032258064,197.8,839.4,687.3,45230.5,92271.2,115807.5,101.8,35.6,-28.86,60.54839,89.51612903225806,75.16129032258064,23.64516129032258,20.98064516,443.0
2020-05-30,2,5,2020,30,42500.0,4,50.199999999999996,1723480.577999998,16416,1637.4,1349.6000000000001,2828,5510,1434,2828,1436,3117,144633685.70000005,50898783.879999995,82806355.81,10820330.629999995,303.1751973441535,127.49127332005074,47.1375,43.012499999999996,45.995,13698466,5865661,83.2258064516129,70.16129032258064,197.8,839.4,687.3,45230.5,92271.2,115807.5,101.8,35.6,-28.86,60.54839,89.51612903225806,75.16129032258064,23.64516129032258,20.98064516,443.0
2020-05-31,2,5,2020,31,50000.0,5,50.199999999999996,1723480.577999998,16416,1637.4,1349.6000000000001,2828,5510,1434,2828,1436,3117,144633685.70000005,50898783.879999995,82806355.81,10820330.629999995,303.1751973441535,127.49127332005074,47.1375,43.012499999999996,45.995,13698466,5865661,83.2258064516129,70.16129032258064,197.8,839.4,687.3,45230.5,92271.2,115807.5,101.8,35.6,-28.86,60.54839,89.51612903225806,75.16129032258064,23.64516129032258,20.98064516,443.0
2020-06-01,2,6,2020,1,43750.0,24,50.199999999999996,1860701.441999999,18136,1637.4,1349.6000000000001,3914,5989,479,3914,1964,4251,178120855.9699999,64946053.97000003,92238276.01999998,16431472.409999996,303.1751973441535,127.49127332005074,47.4375,43.0625,45.8925,13698466,5865661,115.2,99.63333333333334,206.4,839.4,693.3,42624.3,92000.8,109340.2,101.8,35.6,-8.05,75.9,118.16666666666667,119.3,61.93333333333333,18.27233333,443.0
2020-06-02,2,6,2020,2,50000.0,23,50.199999999999996,1860701.441999999,18136,1637.4,1349.6000000000001,3914,5989,479,3914,1964,4251,178120855.9699999,64946053.97000003,92238276.01999998,16431472.409999996,303.1751973441535,127.49127332005074,47.4375,43.0625,45.8925,13698466,5865661,115.2,99.63333333333334,206.4,839.4,693.3,42624.3,92000.8,109340.2,101.8,35.6,-8.05,75.9,118.16666666666667,119.3,61.93333333333333,18.27233333,443.0
2020-06-03,2,6,2020,3,45000.0,23,50.199999999999996,1860701.441999999,18136,1637.4,1349.6000000000001,3914,5989,479,3914,1964,4251,178120855.9699999,64946053.97000003,92238276.01999998,16431472.409999996,303.1751973441535,127.49127332005074,47.4375,43.0625,45.8925,13698466,5865661,115.2,99.63333333333334,206.4,839.4,693.3,42624.3,92000.8,109340.2,101.8,35.6,-8.05,75.9,118.16666666666667,119.3,61.93333333333333,18.27233333,443.0
2020-06-04,2,6,2020,4,55000.0,19,50.199999999999996,1860701.441999999,18136,1637.4,1349.6000000000001,3914,5989,479,3914,1964,4251,178120855.9699999,64946053.97000003,92238276.01999998,16431472.409999996,303.1751973441535,127.49127332005074,47.4375,43.0625,45.8925,13698466,5865661,115.2,99.63333333333334,206.4,839.4,693.3,42624.3,92000.8,109340.2,101.8,35.6,-8.05,75.9,118.16666666666667,119.3,61.93333333333333,18.27233333,443.0
2020-06-05,2,6,2020,5,50000.0,15,50.199999999999996,1860701.441999999,18136,1637.4,1349.6000000000001,3914,5989,479,3914,1964,4251,178120855.9699999,64946053.97000003,92238276.01999998,16431472.409999996,303.1751973441535,127.49127332005074,47.4375,43.0625,45.8925,13698466,5865661,115.2,99.63333333333334,206.4,839.4,693.3,42624.3,92000.8,109340.2,101.8,35.6,-8.05,75.9,118.16666666666667,119.3,61.93333333333333,18.27233333,443.0
2020-06-06,2,6,2020,6,43000.0,5,50.199999999999996,1860701.441999999,18136,1637.4,1349.6000000000001,3914,5989,479,3914,1964,4251,178120855.9699999,64946053.97000003,92238276.01999998,16431472.409999996,303.1751973441535,127.49127332005074,47.4375,43.0625,45.8925,13698466,5865661,115.2,99.63333333333334,206.4,839.4,693.3,42624.3,92000.8,109340.2,101.8,35.6,-8.05,75.9,118.16666666666667,119.3,61.93333333333333,18.27233333,443.0
2020-06-07,2,6,2020,7,40000.0,7,50.199999999999996,1860701.441999999,18136,1637.4,1349.6000000000001,3914,5989,479,3914,1964,4251,178120855.9699999,64946053.97000003,92238276.01999998,16431472.409999996,303.1751973441535,127.49127332005074,47.4375,43.0625,45.8925,13698466,5865661,115.2,99.63333333333334,206.4,839.4,693.3,42624.3,92000.8,109340.2,101.8,35.6,-8.05,75.9,118.16666666666667,119.3,61.93333333333333,18.27233333,443.0
2020-06-08,2,6,2020,8,50000.0,33,50.199999999999996,1860701.441999999,18136,1637.4,1349.6000000000001,3914,5989,479,3914,1964,4251,178120855.9699999,64946053.97000003,92238276.01999998,16431472.409999996,303.1751973441535,127.49127332005074,47.4375,43.0625,45.8925,13698466,5865661,115.2,99.63333333333334,206.4,839.4,693.3,42624.3,92000.8,109340.2,101.8,35.6,-8.05,75.9,118.16666666666667,119.3,61.93333333333333,18.27233333,443.0
2020-06-09,2,6,2020,9,40000.0,31,50.199999999999996,1860701.441999999,18136,1637.4,1349.6000000000001,3914,5989,479,3914,1964,4251,178120855.9699999,64946053.97000003,92238276.01999998,16431472.409999996,303.1751973441535,127.49127332005074,47.4375,43.0625,45.8925,13698466,5865661,115.2,99.63333333333334,206.4,839.4,693.3,42624.3,92000.8,109340.2,101.8,35.6,-8.05,75.9,118.16666666666667,119.3,61.93333333333333,18.27233333,443.0
2020-06-10,2,6,2020,10,40000.0,23,50.199999999999996,1860701.441999999,18136,1637.4,1349.6000000000001,3914,5989,479,3914,1964,4251,178120855.9699999,64946053.97000003,92238276.01999998,16431472.409999996,303.1751973441535,127.49127332005074,47.4375,43.0625,45.8925,13698466,5865661,115.2,99.63333333333334,206.4,839.4,693.3,42624.3,92000.8,109340.2,101.8,35.6,-8.05,75.9,118.16666666666667,119.3,61.93333333333333,18.27233333,443.0
2020-06-11,2,6,2020,11,50000.0,17,50.199999999999996,1860701.441999999,18136,1637.4,1349.6000000000001,3914,5989,479,3914,1964,4251,178120855.9699999,64946053.97000003,92238276.01999998,16431472.409999996,303.1751973441535,127.49127332005074,47.4375,43.0625,45.8925,13698466,5865661,115.2,99.63333333333334,206.4,839.4,693.3,42624.3,92000.8,109340.2,101.8,35.6,-8.05,75.9,118.16666666666667,119.3,61.93333333333333,18.27233333,443.0
2020-06-12,2,6,2020,12,52500.0,8,50.199999999999996,1860701.441999999,18136,1637.4,1349.6000000000001,3914,5989,479,3914,1964,4251,178120855.9699999,64946053.97000003,92238276.01999998,16431472.409999996,303.1751973441535,127.49127332005074,47.4375,43.0625,45.8925,13698466,5865661,115.2,99.63333333333334,206.4,839.4,693.3,42624.3,92000.8,109340.2,101.8,35.6,-8.05,75.9,118.16666666666667,119.3,61.93333333333333,18.27233333,443.0
2020-06-13,2,6,2020,13,27500.0,6,50.199999999999996,1860701.441999999,18136,1637.4,1349.6000000000001,3914,5989,479,3914,1964,4251,178120855.9699999,64946053.97000003,92238276.01999998,16431472.409999996,303.1751973441535,127.49127332005074,47.4375,43.0625,45.8925,13698466,5865661,115.2,99.63333333333334,206.4,839.4,693.3,42624.3,92000.8,109340.2,101.8,35.6,-8.05,75.9,118.16666666666667,119.3,61.93333333333333,18.27233333,443.0
2020-06-14,2,6,2020,14,42500.0,8,50.199999999999996,1860701.441999999,18136,1637.4,1349.6000000000001,3914,5989,479,3914,1964,4251,178120855.9699999,64946053.97000003,92238276.01999998,16431472.409999996,303.1751973441535,127.49127332005074,47.4375,43.0625,45.8925,13698466,5865661,115.2,99.63333333333334,206.4,839.4,693.3,42624.3,92000.8,109340.2,101.8,35.6,-8.05,75.9,118.16666666666667,119.3,61.93333333333333,18.27233333,443.0
2020-06-15,2,6,2020,15,44700.0,32,50.199999999999996,1860701.441999999,18136,1637.4,1349.6000000000001,3914,5989,479,3914,1964,4251,178120855.9699999,64946053.97000003,92238276.01999998,16431472.409999996,303.1751973441535,127.49127332005074,47.4375,43.0625,45.8925,13698466,5865661,115.2,99.63333333333334,206.4,839.4,693.3,42624.3,92000.8,109340.2,101.8,35.6,-8.05,75.9,118.16666666666667,119.3,61.93333333333333,18.27233333,443.0
2020-06-16,2,6,2020,16,47500.0,34,50.199999999999996,1860701.441999999,18136,1637.4,1349.6000000000001,3914,5989,479,3914,1964,4251,178120855.9699999,64946053.97000003,92238276.01999998,16431472.409999996,303.1751973441535,127.49127332005074,47.4375,43.0625,45.8925,13698466,5865661,115.2,99.63333333333334,206.4,839.4,693.3,42624.3,92000.8,109340.2,101.8,35.6,-8.05,75.9,118.16666666666667,119.3,61.93333333333333,18.27233333,443.0
2020-06-17,2,6,2020,17,45000.0,26,50.199999999999996,1860701.441999999,18136,1637.4,1349.6000000000001,3914,5989,479,3914,1964,4251,178120855.9699999,64946053.97000003,92238276.01999998,16431472.409999996,303.1751973441535,127.49127332005074,47.4375,43.0625,45.8925,13698466,5865661,115.2,99.63333333333334,206.4,839.4,693.3,42624.3,92000.8,109340.2,101.8,35.6,-8.05,75.9,118.16666666666667,119.3,61.93333333333333,18.27233333,443.0
2020-06-18,2,6,2020,18,47500.0,24,50.199999999999996,1860701.441999999,18136,1637.4,1349.6000000000001,3914,5989,479,3914,1964,4251,178120855.9699999,64946053.97000003,92238276.01999998,16431472.409999996,303.1751973441535,127.49127332005074,47.4375,43.0625,45.8925,13698466,5865661,115.2,99.63333333333334,206.4,839.4,693.3,42624.3,92000.8,109340.2,101.8,35.6,-8.05,75.9,118.16666666666667,119.3,61.93333333333333,18.27233333,443.0
2020-06-19,2,6,2020,19,37500.0,16,50.199999999999996,1860701.441999999,18136,1637.4,1349.6000000000001,3914,5989,479,3914,1964,4251,178120855.9699999,64946053.97000003,92238276.01999998,16431472.409999996,303.1751973441535,127.49127332005074,47.4375,43.0625,45.8925,13698466,5865661,115.2,99.63333333333334,206.4,839.4,693.3,42624.3,92000.8,109340.2,101.8,35.6,-8.05,75.9,118.16666666666667,119.3,61.93333333333333,18.27233333,443.0
2020-06-20,2,6,2020,20,50500.0,4,50.199999999999996,1860701.441999999,18136,1637.4,1349.6000000000001,3914,5989,479,3914,1964,4251,178120855.9699999,64946053.97000003,92238276.01999998,16431472.409999996,303.1751973441535,127.49127332005074,47.4375,43.0625,45.8925,13698466,5865661,115.2,99.63333333333334,206.4,839.4,693.3,42624.3,92000.8,109340.2,101.8,35.6,-8.05,75.9,118.16666666666667,119.3,61.93333333333333,18.27233333,443.0
2020-06-21,2,6,2020,21,36250.0,8,50.199999999999996,1860701.441999999,18136,1637.4,1349.6000000000001,3914,5989,479,3914,1964,4251,178120855.9699999,64946053.97000003,92238276.01999998,16431472.409999996,303.1751973441535,127.49127332005074,47.4375,43.0625,45.8925,13698466,5865661,115.2,99.63333333333334,206.4,839.4,693.3,42624.3,92000.8,109340.2,101.8,35.6,-8.05,75.9,118.16666666666667,119.3,61.93333333333333,18.27233333,443.0
2020-06-22,2,6,2020,22,50000.0,35,50.199999999999996,1860701.441999999,18136,1637.4,1349.6000000000001,3914,5989,479,3914,1964,4251,178120855.9699999,64946053.97000003,92238276.01999998,16431472.409999996,303.1751973441535,127.49127332005074,47.4375,43.0625,45.8925,13698466,5865661,115.2,99.63333333333334,206.4,839.4,693.3,42624.3,92000.8,109340.2,101.8,35.6,-8.05,75.9,118.16666666666667,119.3,61.93333333333333,18.27233333,443.0
2020-06-23,2,6,2020,23,45000.0,29,50.199999999999996,1860701.441999999,18136,1637.4,1349.6000000000001,3914,5989,479,3914,1964,4251,178120855.9699999,64946053.97000003,92238276.01999998,16431472.409999996,303.1751973441535,127.49127332005074,47.4375,43.0625,45.8925,13698466,5865661,115.2,99.63333333333334,206.4,839.4,693.3,42624.3,92000.8,109340.2,101.8,35.6,-8.05,75.9,118.16666666666667,119.3,61.93333333333333,18.27233333,443.0
2020-06-24,2,6,2020,24,40000.0,11,50.199999999999996,1860701.441999999,18136,1637.4,1349.6000000000001,3914,5989,479,3914,1964,4251,178120855.9699999,64946053.97000003,92238276.01999998,16431472.409999996,303.1751973441535,127.49127332005074,47.4375,43.0625,45.8925,13698466,5865661,115.2,99.63333333333334,206.4,839.4,693.3,42624.3,92000.8,109340.2,101.8,35.6,-8.05,75.9,118.16666666666667,119.3,61.93333333333333,18.27233333,443.0
2020-06-25,2,6,2020,25,40000.0,32,50.199999999999996,1860701.441999999,18136,1637.4,1349.6000000000001,3914,5989,479,3914,1964,4251,178120855.9699999,64946053.97000003,92238276.01999998,16431472.409999996,303.1751973441535,127.49127332005074,47.4375,43.0625,45.8925,13698466,5865661,115.2,99.63333333333334,206.4,839.4,693.3,42624.3,92000.8,109340.2,101.8,35.6,-8.05,75.9,118.16666666666667,119.3,61.93333333333333,18.27233333,443.0
2020-06-26,2,6,2020,26,40000.0,25,50.199999999999996,1860701.441999999,18136,1637.4,1349.6000000000001,3914,5989,479,3914,1964,4251,178120855.9699999,64946053.97000003,92238276.01999998,16431472.409999996,303.1751973441535,127.49127332005074,47.4375,43.0625,45.8925,13698466,5865661,115.2,99.63333333333334,206.4,839.4,693.3,42624.3,92000.8,109340.2,101.8,35.6,-8.05,75.9,118.16666666666667,119.3,61.93333333333333,18.27233333,443.0
2020-06-27,2,6,2020,27,50000.0,5,50.199999999999996,1860701.441999999,18136,1637.4,1349.6000000000001,3914,5989,479,3914,1964,4251,178120855.9699999,64946053.97000003,92238276.01999998,16431472.409999996,303.1751973441535,127.49127332005074,47.4375,43.0625,45.8925,13698466,5865661,115.2,99.63333333333334,206.4,839.4,693.3,42624.3,92000.8,109340.2,101.8,35.6,-8.05,75.9,118.16666666666667,119.3,61.93333333333333,18.27233333,443.0
2020-06-28,2,6,2020,28,50000.0,4,50.199999999999996,1860701.441999999,18136,1637.4,1349.6000000000001,3914,5989,479,3914,1964,4251,178120855.9699999,64946053.97000003,92238276.01999998,16431472.409999996,303.1751973441535,127.49127332005074,47.4375,43.0625,45.8925,13698466,5865661,115.2,99.63333333333334,206.4,839.4,693.3,42624.3,92000.8,109340.2,101.8,35.6,-8.05,75.9,118.16666666666667,119.3,61.93333333333333,18.27233333,443.0
2020-06-29,2,6,2020,29,42500.0,36,50.199999999999996,1860701.441999999,18136,1637.4,1349.6000000000001,3914,5989,479,3914,1964,4251,178120855.9699999,64946053.97000003,92238276.01999998,16431472.409999996,303.1751973441535,127.49127332005074,47.4375,43.0625,45.8925,13698466,5865661,115.2,99.63333333333334,206.4,839.4,693.3,42624.3,92000.8,109340.2,101.8,35.6,-8.05,75.9,118.16666666666667,119.3,61.93333333333333,18.27233333,443.0
2020-06-30,2,6,2020,30,40000.0,27,50.199999999999996,1860701.441999999,18136,1637.4,1349.6000000000001,3914,5989,479,3914,1964,4251,178120855.9699999,64946053.97000003,92238276.01999998,16431472.409999996,303.1751973441535,127.49127332005074,47.4375,43.0625,45.8925,13698466,5865661,115.2,99.63333333333334,206.4,839.4,693.3,42624.3,92000.8,109340.2,101.8,35.6,-8.05,75.9,118.16666666666667,119.3,61.93333333333333,18.27233333,443.0
2020-07-01,3,7,2020,1,50000.0,24,3.400000000000004,2374725.3019999983,18944,1310.1000000000004,1161.2999999999995,4746,7524,1535,4746,2197,4819,303369126.69000006,85289474.87,186760343.76,20338568.139999986,764.810260136608,353.00881710728135,47.685,43.475,46.0675,35084396,16301653,149.46666666666667,103.5,210.9,816.5,696.4,42631.5,89026.6,100868.9,74.79999999999997,37.39999999999999,4.725,82.80645,128.73333333333332,159.56666666666666,101.83333333333333,18.739,443.0
2020-07-02,3,7,2020,2,37500.0,29,3.400000000000004,2374725.3019999983,18944,1310.1000000000004,1161.2999999999995,4746,7524,1535,4746,2197,4819,303369126.69000006,85289474.87,186760343.76,20338568.139999986,764.810260136608,353.00881710728135,47.685,43.475,46.0675,35084396,16301653,149.46666666666667,103.5,210.9,816.5,696.4,42631.5,89026.6,100868.9,74.79999999999997,37.39999999999999,4.725,82.80645,128.73333333333332,159.56666666666666,101.83333333333333,18.739,443.0
2020-07-03,3,7,2020,3,50000.0,23,3.400000000000004,2374725.3019999983,18944,1310.1000000000004,1161.2999999999995,4746,7524,1535,4746,2197,4819,303369126.69000006,85289474.87,186760343.76,20338568.139999986,764.810260136608,353.00881710728135,47.685,43.475,46.0675,35084396,16301653,149.46666666666667,103.5,210.9,816.5,696.4,42631.5,89026.6,100868.9,74.79999999999997,37.39999999999999,4.725,82.80645,128.73333333333332,159.56666666666666,101.83333333333333,18.739,443.0
2020-07-04,3,7,2020,4,40000.0,6,3.400000000000004,2374725.3019999983,18944,1310.1000000000004,1161.2999999999995,4746,7524,1535,4746,2197,4819,303369126.69000006,85289474.87,186760343.76,20338568.139999986,764.810260136608,353.00881710728135,47.685,43.475,46.0675,35084396,16301653,149.46666666666667,103.5,210.9,816.5,696.4,42631.5,89026.6,100868.9,74.79999999999997,37.39999999999999,4.725,82.80645,128.73333333333332,159.56666666666666,101.83333333333333,18.739,443.0
2020-07-05,3,7,2020,5,45000.0,11,3.400000000000004,2374725.3019999983,18944,1310.1000000000004,1161.2999999999995,4746,7524,1535,4746,2197,4819,303369126.69000006,85289474.87,186760343.76,20338568.139999986,764.810260136608,353.00881710728135,47.685,43.475,46.0675,35084396,16301653,149.46666666666667,103.5,210.9,816.5,696.4,42631.5,89026.6,100868.9,74.79999999999997,37.39999999999999,4.725,82.80645,128.73333333333332,159.56666666666666,101.83333333333333,18.739,443.0
2020-07-06,3,7,2020,6,40000.0,39,3.400000000000004,2374725.3019999983,18944,1310.1000000000004,1161.2999999999995,4746,7524,1535,4746,2197,4819,303369126.69000006,85289474.87,186760343.76,20338568.139999986,764.810260136608,353.00881710728135,47.685,43.475,46.0675,35084396,16301653,149.46666666666667,103.5,210.9,816.5,696.4,42631.5,89026.6,100868.9,74.79999999999997,37.39999999999999,4.725,82.80645,128.73333333333332,159.56666666666666,101.83333333333333,18.739,443.0
2020-07-07,3,7,2020,7,45000.0,49,3.400000000000004,2374725.3019999983,18944,1310.1000000000004,1161.2999999999995,4746,7524,1535,4746,2197,4819,303369126.69000006,85289474.87,186760343.76,20338568.139999986,764.810260136608,353.00881710728135,47.685,43.475,46.0675,35084396,16301653,149.46666666666667,103.5,210.9,816.5,696.4,42631.5,89026.6,100868.9,74.79999999999997,37.39999999999999,4.725,82.80645,128.73333333333332,159.56666666666666,101.83333333333333,18.739,443.0
2020-07-08,3,7,2020,8,47500.0,38,3.400000000000004,2374725.3019999983,18944,1310.1000000000004,1161.2999999999995,4746,7524,1535,4746,2197,4819,303369126.69000006,85289474.87,186760343.76,20338568.139999986,764.810260136608,353.00881710728135,47.685,43.475,46.0675,35084396,16301653,149.46666666666667,103.5,210.9,816.5,696.4,42631.5,89026.6,100868.9,74.79999999999997,37.39999999999999,4.725,82.80645,128.73333333333332,159.56666666666666,101.83333333333333,18.739,443.0
2020-07-09,3,7,2020,9,50000.0,21,3.400000000000004,2374725.3019999983,18944,1310.1000000000004,1161.2999999999995,4746,7524,1535,4746,2197,4819,303369126.69000006,85289474.87,186760343.76,20338568.139999986,764.810260136608,353.00881710728135,47.685,43.475,46.0675,35084396,16301653,149.46666666666667,103.5,210.9,816.5,696.4,42631.5,89026.6,100868.9,74.79999999999997,37.39999999999999,4.725,82.80645,128.73333333333332,159.56666666666666,101.83333333333333,18.739,443.0
2020-07-10,3,7,2020,10,40000.0,12,3.400000000000004,2374725.3019999983,18944,1310.1000000000004,1161.2999999999995,4746,7524,1535,4746,2197,4819,303369126.69000006,85289474.87,186760343.76,20338568.139999986,764.810260136608,353.00881710728135,47.685,43.475,46.0675,35084396,16301653,149.46666666666667,103.5,210.9,816.5,696.4,42631.5,89026.6,100868.9,74.79999999999997,37.39999999999999,4.725,82.80645,128.73333333333332,159.56666666666666,101.83333333333333,18.739,443.0
2020-07-11,3,7,2020,11,50000.0,1,3.400000000000004,2374725.3019999983,18944,1310.1000000000004,1161.2999999999995,4746,7524,1535,4746,2197,4819,303369126.69000006,85289474.87,186760343.76,20338568.139999986,764.810260136608,353.00881710728135,47.685,43.475,46.0675,35084396,16301653,149.46666666666667,103.5,210.9,816.5,696.4,42631.5,89026.6,100868.9,74.79999999999997,37.39999999999999,4.725,82.80645,128.73333333333332,159.56666666666666,101.83333333333333,18.739,443.0
2020-07-12,3,7,2020,12,52500.0,11,3.400000000000004,2374725.3019999983,18944,1310.1000000000004,1161.2999999999995,4746,7524,1535,4746,2197,4819,303369126.69000006,85289474.87,186760343.76,20338568.139999986,764.810260136608,353.00881710728135,47.685,43.475,46.0675,35084396,16301653,149.46666666666667,103.5,210.9,816.5,696.4,42631.5,89026.6,100868.9,74.79999999999997,37.39999999999999,4.725,82.80645,128.73333333333332,159.56666666666666,101.83333333333333,18.739,443.0
2020-07-13,3,7,2020,13,50000.0,34,3.400000000000004,2374725.3019999983,18944,1310.1000000000004,1161.2999999999995,4746,7524,1535,4746,2197,4819,303369126.69000006,85289474.87,186760343.76,20338568.139999986,764.810260136608,353.00881710728135,47.685,43.475,46.0675,35084396,16301653,149.46666666666667,103.5,210.9,816.5,696.4,42631.5,89026.6,100868.9,74.79999999999997,37.39999999999999,4.725,82.80645,128.73333333333332,159.56666666666666,101.83333333333333,18.739,443.0
2020-07-14,3,7,2020,14,53750.0,24,3.400000000000004,2374725.3019999983,18944,1310.1000000000004,1161.2999999999995,4746,7524,1535,4746,2197,4819,303369126.69000006,85289474.87,186760343.76,20338568.139999986,764.810260136608,353.00881710728135,47.685,43.475,46.0675,35084396,16301653,149.46666666666667,103.5,210.9,816.5,696.4,42631.5,89026.6,100868.9,74.79999999999997,37.39999999999999,4.725,82.80645,128.73333333333332,159.56666666666666,101.83333333333333,18.739,443.0
2020-07-15,3,7,2020,15,50000.0,41,3.400000000000004,2374725.3019999983,18944,1310.1000000000004,1161.2999999999995,4746,7524,1535,4746,2197,4819,303369126.69000006,85289474.87,186760343.76,20338568.139999986,764.810260136608,353.00881710728135,47.685,43.475,46.0675,35084396,16301653,149.46666666666667,103.5,210.9,816.5,696.4,42631.5,89026.6,100868.9,74.79999999999997,37.39999999999999,4.725,82.80645,128.73333333333332,159.56666666666666,101.83333333333333,18.739,443.0
2020-07-16,3,7,2020,16,45000.0,35,3.400000000000004,2374725.3019999983,18944,1310.1000000000004,1161.2999999999995,4746,7524,1535,4746,2197,4819,303369126.69000006,85289474.87,186760343.76,20338568.139999986,764.810260136608,353.00881710728135,47.685,43.475,46.0675,35084396,16301653,149.46666666666667,103.5,210.9,816.5,696.4,42631.5,89026.6,100868.9,74.79999999999997,37.39999999999999,4.725,82.80645,128.73333333333332,159.56666666666666,101.83333333333333,18.739,443.0
2020-07-17,3,7,2020,17,40000.0,23,3.400000000000004,2374725.3019999983,18944,1310.1000000000004,1161.2999999999995,4746,7524,1535,4746,2197,4819,303369126.69000006,85289474.87,186760343.76,20338568.139999986,764.810260136608,353.00881710728135,47.685,43.475,46.0675,35084396,16301653,149.46666666666667,103.5,210.9,816.5,696.4,42631.5,89026.6,100868.9,74.79999999999997,37.39999999999999,4.725,82.80645,128.73333333333332,159.56666666666666,101.83333333333333,18.739,443.0
2020-07-18,3,7,2020,18,40000.0,3,3.400000000000004,2374725.3019999983,18944,1310.1000000000004,1161.2999999999995,4746,7524,1535,4746,2197,4819,303369126.69000006,85289474.87,186760343.76,20338568.139999986,764.810260136608,353.00881710728135,47.685,43.475,46.0675,35084396,16301653,149.46666666666667,103.5,210.9,816.5,696.4,42631.5,89026.6,100868.9,74.79999999999997,37.39999999999999,4.725,82.80645,128.73333333333332,159.56666666666666,101.83333333333333,18.739,443.0
2020-07-19,3,7,2020,19,50000.0,14,3.400000000000004,2374725.3019999983,18944,1310.1000000000004,1161.2999999999995,4746,7524,1535,4746,2197,4819,303369126.69000006,85289474.87,186760343.76,20338568.139999986,764.810260136608,353.00881710728135,47.685,43.475,46.0675,35084396,16301653,149.46666666666667,103.5,210.9,816.5,696.4,42631.5,89026.6,100868.9,74.79999999999997,37.39999999999999,4.725,82.80645,128.73333333333332,159.56666666666666,101.83333333333333,18.739,443.0
2020-07-20,3,7,2020,20,45000.0,52,3.400000000000004,2374725.3019999983,18944,1310.1000000000004,1161.2999999999995,4746,7524,1535,4746,2197,4819,303369126.69000006,85289474.87,186760343.76,20338568.139999986,764.810260136608,353.00881710728135,47.685,43.475,46.0675,35084396,16301653,149.46666666666667,103.5,210.9,816.5,696.4,42631.5,89026.6,100868.9,74.79999999999997,37.39999999999999,4.725,82.80645,128.73333333333332,159.56666666666666,101.83333333333333,18.739,443.0
2020-07-21,3,7,2020,21,58750.0,26,3.400000000000004,2374725.3019999983,18944,1310.1000000000004,1161.2999999999995,4746,7524,1535,4746,2197,4819,303369126.69000006,85289474.87,186760343.76,20338568.139999986,764.810260136608,353.00881710728135,47.685,43.475,46.0675,35084396,16301653,149.46666666666667,103.5,210.9,816.5,696.4,42631.5,89026.6,100868.9,74.79999999999997,37.39999999999999,4.725,82.80645,128.73333333333332,159.56666666666666,101.83333333333333,18.739,443.0
2020-07-22,3,7,2020,22,45000.0,52,3.400000000000004,2374725.3019999983,18944,1310.1000000000004,1161.2999999999995,4746,7524,1535,4746,2197,4819,303369126.69000006,85289474.87,186760343.76,20338568.139999986,764.810260136608,353.00881710728135,47.685,43.475,46.0675,35084396,16301653,149.46666666666667,103.5,210.9,816.5,696.4,42631.5,89026.6,100868.9,74.79999999999997,37.39999999999999,4.725,82.80645,128.73333333333332,159.56666666666666,101.83333333333333,18.739,443.0
2020-07-23,3,7,2020,23,48750.0,30,3.400000000000004,2374725.3019999983,18944,1310.1000000000004,1161.2999999999995,4746,7524,1535,4746,2197,4819,303369126.69000006,85289474.87,186760343.76,20338568.139999986,764.810260136608,353.00881710728135,47.685,43.475,46.0675,35084396,16301653,149.46666666666667,103.5,210.9,816.5,696.4,42631.5,89026.6,100868.9,74.79999999999997,37.39999999999999,4.725,82.80645,128.73333333333332,159.56666666666666,101.83333333333333,18.739,443.0
2020-07-24,3,7,2020,24,45000.0,23,3.400000000000004,2374725.3019999983,18944,1310.1000000000004,1161.2999999999995,4746,7524,1535,4746,2197,4819,303369126.69000006,85289474.87,186760343.76,20338568.139999986,764.810260136608,353.00881710728135,47.685,43.475,46.0675,35084396,16301653,149.46666666666667,103.5,210.9,816.5,696.4,42631.5,89026.6,100868.9,74.79999999999997,37.39999999999999,4.725,82.80645,128.73333333333332,159.56666666666666,101.83333333333333,18.739,443.0
2020-07-25,3,7,2020,25,30000.0,2,3.400000000000004,2374725.3019999983,18944,1310.1000000000004,1161.2999999999995,4746,7524,1535,4746,2197,4819,303369126.69000006,85289474.87,186760343.76,20338568.139999986,764.810260136608,353.00881710728135,47.685,43.475,46.0675,35084396,16301653,149.46666666666667,103.5,210.9,816.5,696.4,42631.5,89026.6,100868.9,74.79999999999997,37.39999999999999,4.725,82.80645,128.73333333333332,159.56666666666666,101.83333333333333,18.739,443.0
2020-07-26,3,7,2020,26,43750.0,10,3.400000000000004,2374725.3019999983,18944,1310.1000000000004,1161.2999999999995,4746,7524,1535,4746,2197,4819,303369126.69000006,85289474.87,186760343.76,20338568.139999986,764.810260136608,353.00881710728135,47.685,43.475,46.0675,35084396,16301653,149.46666666666667,103.5,210.9,816.5,696.4,42631.5,89026.6,100868.9,74.79999999999997,37.39999999999999,4.725,82.80645,128.73333333333332,159.56666666666666,101.83333333333333,18.739,443.0
2020-07-27,3,7,2020,27,45000.0,39,3.400000000000004,2374725.3019999983,18944,1310.1000000000004,1161.2999999999995,4746,7524,1535,4746,2197,4819,303369126.69000006,85289474.87,186760343.76,20338568.139999986,764.810260136608,353.00881710728135,47.685,43.475,46.0675,35084396,16301653,149.46666666666667,103.5,210.9,816.5,696.4,42631.5,89026.6,100868.9,74.79999999999997,37.39999999999999,4.725,82.80645,128.73333333333332,159.56666666666666,101.83333333333333,18.739,443.0
2020-07-28,3,7,2020,28,42500.0,31,3.400000000000004,2374725.3019999983,18944,1310.1000000000004,1161.2999999999995,4746,7524,1535,4746,2197,4819,303369126.69000006,85289474.87,186760343.76,20338568.139999986,764.810260136608,353.00881710728135,47.685,43.475,46.0675,35084396,16301653,149.46666666666667,103.5,210.9,816.5,696.4,42631.5,89026.6,100868.9,74.79999999999997,37.39999999999999,4.725,82.80645,128.73333333333332,159.56666666666666,101.83333333333333,18.739,443.0
2020-07-29,3,7,2020,29,47500.0,21,3.400000000000004,2374725.3019999983,18944,1310.1000000000004,1161.2999999999995,4746,7524,1535,4746,2197,4819,303369126.69000006,85289474.87,186760343.76,20338568.139999986,764.810260136608,353.00881710728135,47.685,43.475,46.0675,35084396,16301653,149.46666666666667,103.5,210.9,816.5,696.4,42631.5,89026.6,100868.9,74.79999999999997,37.39999999999999,4.725,82.80645,128.73333333333332,159.56666666666666,101.83333333333333,18.739,443.0
2020-07-30,3,7,2020,30,40000.0,33,3.400000000000004,2374725.3019999983,18944,1310.1000000000004,1161.2999999999995,4746,7524,1535,4746,2197,4819,303369126.69000006,85289474.87,186760343.76,20338568.139999986,764.810260136608,353.00881710728135,47.685,43.475,46.0675,35084396,16301653,149.46666666666667,103.5,210.9,816.5,696.4,42631.5,89026.6,100868.9,74.79999999999997,37.39999999999999,4.725,82.80645,128.73333333333332,159.56666666666666,101.83333333333333,18.739,443.0
2020-07-31,3,7,2020,31,45000.0,38,3.400000000000004,2374725.3019999983,18944,1310.1000000000004,1161.2999999999995,4746,7524,1535,4746,2197,4819,303369126.69000006,85289474.87,186760343.76,20338568.139999986,764.810260136608,353.00881710728135,47.685,43.475,46.0675,35084396,16301653,149.46666666666667,103.5,210.9,816.5,696.4,42631.5,89026.6,100868.9,74.79999999999997,37.39999999999999,4.725,82.80645,128.73333333333332,159.56666666666666,101.83333333333333,18.739,443.0
2020-08-01,3,8,2020,1,40000.0,1,3.400000000000004,2286165.0409999997,17480,1310.1000000000004,1161.2999999999995,4761,9691,2167,4761,2265,4976,394354881.8799999,70185557.15999997,289419237.7400001,17683534.73000002,764.810260136608,353.00881710728135,48.1475,43.724999999999994,46.157500000000006,35084396,16301653,113.25806451612904,115.35483870967742,220.2,821.3,764.2,37597.9,90151.3,137299.6,74.79999999999997,37.39999999999999,7.58,83.83871,124.7741935483871,142.29032258064515,112.41935483870968,17.53741935,443.0
2020-08-02,3,8,2020,2,45000.0,8,3.400000000000004,2286165.0409999997,17480,1310.1000000000004,1161.2999999999995,4761,9691,2167,4761,2265,4976,394354881.8799999,70185557.15999997,289419237.7400001,17683534.73000002,764.810260136608,353.00881710728135,48.1475,43.724999999999994,46.157500000000006,35084396,16301653,113.25806451612904,115.35483870967742,220.2,821.3,764.2,37597.9,90151.3,137299.6,74.79999999999997,37.39999999999999,7.58,83.83871,124.7741935483871,142.29032258064515,112.41935483870968,17.53741935,443.0
2020-08-03,3,8,2020,3,45000.0,29,3.400000000000004,2286165.0409999997,17480,1310.1000000000004,1161.2999999999995,4761,9691,2167,4761,2265,4976,394354881.8799999,70185557.15999997,289419237.7400001,17683534.73000002,764.810260136608,353.00881710728135,48.1475,43.724999999999994,46.157500000000006,35084396,16301653,113.25806451612904,115.35483870967742,220.2,821.3,764.2,37597.9,90151.3,137299.6,74.79999999999997,37.39999999999999,7.58,83.83871,124.7741935483871,142.29032258064515,112.41935483870968,17.53741935,443.0
2020-08-04,3,8,2020,4,46750.0,33,3.400000000000004,2286165.0409999997,17480,1310.1000000000004,1161.2999999999995,4761,9691,2167,4761,2265,4976,394354881.8799999,70185557.15999997,289419237.7400001,17683534.73000002,764.810260136608,353.00881710728135,48.1475,43.724999999999994,46.157500000000006,35084396,16301653,113.25806451612904,115.35483870967742,220.2,821.3,764.2,37597.9,90151.3,137299.6,74.79999999999997,37.39999999999999,7.58,83.83871,124.7741935483871,142.29032258064515,112.41935483870968,17.53741935,443.0
2020-08-05,3,8,2020,5,50000.0,43,3.400000000000004,2286165.0409999997,17480,1310.1000000000004,1161.2999999999995,4761,9691,2167,4761,2265,4976,394354881.8799999,70185557.15999997,289419237.7400001,17683534.73000002,764.810260136608,353.00881710728135,48.1475,43.724999999999994,46.157500000000006,35084396,16301653,113.25806451612904,115.35483870967742,220.2,821.3,764.2,37597.9,90151.3,137299.6,74.79999999999997,37.39999999999999,7.58,83.83871,124.7741935483871,142.29032258064515,112.41935483870968,17.53741935,443.0
2020-08-06,3,8,2020,6,45000.0,25,3.400000000000004,2286165.0409999997,17480,1310.1000000000004,1161.2999999999995,4761,9691,2167,4761,2265,4976,394354881.8799999,70185557.15999997,289419237.7400001,17683534.73000002,764.810260136608,353.00881710728135,48.1475,43.724999999999994,46.157500000000006,35084396,16301653,113.25806451612904,115.35483870967742,220.2,821.3,764.2,37597.9,90151.3,137299.6,74.79999999999997,37.39999999999999,7.58,83.83871,124.7741935483871,142.29032258064515,112.41935483870968,17.53741935,443.0
2020-08-07,3,8,2020,7,45000.0,21,3.400000000000004,2286165.0409999997,17480,1310.1000000000004,1161.2999999999995,4761,9691,2167,4761,2265,4976,394354881.8799999,70185557.15999997,289419237.7400001,17683534.73000002,764.810260136608,353.00881710728135,48.1475,43.724999999999994,46.157500000000006,35084396,16301653,113.25806451612904,115.35483870967742,220.2,821.3,764.2,37597.9,90151.3,137299.6,74.79999999999997,37.39999999999999,7.58,83.83871,124.7741935483871,142.29032258064515,112.41935483870968,17.53741935,443.0
2020-08-08,3,8,2020,8,52500.0,2,3.400000000000004,2286165.0409999997,17480,1310.1000000000004,1161.2999999999995,4761,9691,2167,4761,2265,4976,394354881.8799999,70185557.15999997,289419237.7400001,17683534.73000002,764.810260136608,353.00881710728135,48.1475,43.724999999999994,46.157500000000006,35084396,16301653,113.25806451612904,115.35483870967742,220.2,821.3,764.2,37597.9,90151.3,137299.6,74.79999999999997,37.39999999999999,7.58,83.83871,124.7741935483871,142.29032258064515,112.41935483870968,17.53741935,443.0
2020-08-09,3,8,2020,9,42500.0,6,3.400000000000004,2286165.0409999997,17480,1310.1000000000004,1161.2999999999995,4761,9691,2167,4761,2265,4976,394354881.8799999,70185557.15999997,289419237.7400001,17683534.73000002,764.810260136608,353.00881710728135,48.1475,43.724999999999994,46.157500000000006,35084396,16301653,113.25806451612904,115.35483870967742,220.2,821.3,764.2,37597.9,90151.3,137299.6,74.79999999999997,37.39999999999999,7.58,83.83871,124.7741935483871,142.29032258064515,112.41935483870968,17.53741935,443.0
2020-08-10,3,8,2020,10,50000.0,35,3.400000000000004,2286165.0409999997,17480,1310.1000000000004,1161.2999999999995,4761,9691,2167,4761,2265,4976,394354881.8799999,70185557.15999997,289419237.7400001,17683534.73000002,764.810260136608,353.00881710728135,48.1475,43.724999999999994,46.157500000000006,35084396,16301653,113.25806451612904,115.35483870967742,220.2,821.3,764.2,37597.9,90151.3,137299.6,74.79999999999997,37.39999999999999,7.58,83.83871,124.7741935483871,142.29032258064515,112.41935483870968,17.53741935,443.0
2020-08-11,3,8,2020,11,45000.0,35,3.400000000000004,2286165.0409999997,17480,1310.1000000000004,1161.2999999999995,4761,9691,2167,4761,2265,4976,394354881.8799999,70185557.15999997,289419237.7400001,17683534.73000002,764.810260136608,353.00881710728135,48.1475,43.724999999999994,46.157500000000006,35084396,16301653,113.25806451612904,115.35483870967742,220.2,821.3,764.2,37597.9,90151.3,137299.6,74.79999999999997,37.39999999999999,7.58,83.83871,124.7741935483871,142.29032258064515,112.41935483870968,17.53741935,443.0
2020-08-12,3,8,2020,12,42500.0,37,3.400000000000004,2286165.0409999997,17480,1310.1000000000004,1161.2999999999995,4761,9691,2167,4761,2265,4976,394354881.8799999,70185557.15999997,289419237.7400001,17683534.73000002,764.810260136608,353.00881710728135,48.1475,43.724999999999994,46.157500000000006,35084396,16301653,113.25806451612904,115.35483870967742,220.2,821.3,764.2,37597.9,90151.3,137299.6,74.79999999999997,37.39999999999999,7.58,83.83871,124.7741935483871,142.29032258064515,112.41935483870968,17.53741935,443.0
2020-08-13,3,8,2020,13,45000.0,31,3.400000000000004,2286165.0409999997,17480,1310.1000000000004,1161.2999999999995,4761,9691,2167,4761,2265,4976,394354881.8799999,70185557.15999997,289419237.7400001,17683534.73000002,764.810260136608,353.00881710728135,48.1475,43.724999999999994,46.157500000000006,35084396,16301653,113.25806451612904,115.35483870967742,220.2,821.3,764.2,37597.9,90151.3,137299.6,74.79999999999997,37.39999999999999,7.58,83.83871,124.7741935483871,142.29032258064515,112.41935483870968,17.53741935,443.0
2020-08-14,3,8,2020,14,40000.0,25,3.400000000000004,2286165.0409999997,17480,1310.1000000000004,1161.2999999999995,4761,9691,2167,4761,2265,4976,394354881.8799999,70185557.15999997,289419237.7400001,17683534.73000002,764.810260136608,353.00881710728135,48.1475,43.724999999999994,46.157500000000006,35084396,16301653,113.25806451612904,115.35483870967742,220.2,821.3,764.2,37597.9,90151.3,137299.6,74.79999999999997,37.39999999999999,7.58,83.83871,124.7741935483871,142.29032258064515,112.41935483870968,17.53741935,443.0
2020-08-15,3,8,2020,15,50000.0,3,3.400000000000004,2286165.0409999997,17480,1310.1000000000004,1161.2999999999995,4761,9691,2167,4761,2265,4976,394354881.8799999,70185557.15999997,289419237.7400001,17683534.73000002,764.810260136608,353.00881710728135,48.1475,43.724999999999994,46.157500000000006,35084396,16301653,113.25806451612904,115.35483870967742,220.2,821.3,764.2,37597.9,90151.3,137299.6,74.79999999999997,37.39999999999999,7.58,83.83871,124.7741935483871,142.29032258064515,112.41935483870968,17.53741935,443.0
2020-08-16,3,8,2020,16,50000.0,9,3.400000000000004,2286165.0409999997,17480,1310.1000000000004,1161.2999999999995,4761,9691,2167,4761,2265,4976,394354881.8799999,70185557.15999997,289419237.7400001,17683534.73000002,764.810260136608,353.00881710728135,48.1475,43.724999999999994,46.157500000000006,35084396,16301653,113.25806451612904,115.35483870967742,220.2,821.3,764.2,37597.9,90151.3,137299.6,74.79999999999997,37.39999999999999,7.58,83.83871,124.7741935483871,142.29032258064515,112.41935483870968,17.53741935,443.0
2020-08-17,3,8,2020,17,55000.0,42,3.400000000000004,2286165.0409999997,17480,1310.1000000000004,1161.2999999999995,4761,9691,2167,4761,2265,4976,394354881.8799999,70185557.15999997,289419237.7400001,17683534.73000002,764.810260136608,353.00881710728135,48.1475,43.724999999999994,46.157500000000006,35084396,16301653,113.25806451612904,115.35483870967742,220.2,821.3,764.2,37597.9,90151.3,137299.6,74.79999999999997,37.39999999999999,7.58,83.83871,124.7741935483871,142.29032258064515,112.41935483870968,17.53741935,443.0
2020-08-18,3,8,2020,18,50000.0,42,3.400000000000004,2286165.0409999997,17480,1310.1000000000004,1161.2999999999995,4761,9691,2167,4761,2265,4976,394354881.8799999,70185557.15999997,289419237.7400001,17683534.73000002,764.810260136608,353.00881710728135,48.1475,43.724999999999994,46.157500000000006,35084396,16301653,113.25806451612904,115.35483870967742,220.2,821.3,764.2,37597.9,90151.3,137299.6,74.79999999999997,37.39999999999999,7.58,83.83871,124.7741935483871,142.29032258064515,112.41935483870968,17.53741935,443.0
2020-08-19,3,8,2020,19,50000.0,37,3.400000000000004,2286165.0409999997,17480,1310.1000000000004,1161.2999999999995,4761,9691,2167,4761,2265,4976,394354881.8799999,70185557.15999997,289419237.7400001,17683534.73000002,764.810260136608,353.00881710728135,48.1475,43.724999999999994,46.157500000000006,35084396,16301653,113.25806451612904,115.35483870967742,220.2,821.3,764.2,37597.9,90151.3,137299.6,74.79999999999997,37.39999999999999,7.58,83.83871,124.7741935483871,142.29032258064515,112.41935483870968,17.53741935,443.0
2020-08-20,3,8,2020,20,50000.0,31,3.400000000000004,2286165.0409999997,17480,1310.1000000000004,1161.2999999999995,4761,9691,2167,4761,2265,4976,394354881.8799999,70185557.15999997,289419237.7400001,17683534.73000002,764.810260136608,353.00881710728135,48.1475,43.724999999999994,46.157500000000006,35084396,16301653,113.25806451612904,115.35483870967742,220.2,821.3,764.2,37597.9,90151.3,137299.6,74.79999999999997,37.39999999999999,7.58,83.83871,124.7741935483871,142.29032258064515,112.41935483870968,17.53741935,443.0
2020-08-21,3,8,2020,21,50000.0,17,3.400000000000004,2286165.0409999997,17480,1310.1000000000004,1161.2999999999995,4761,9691,2167,4761,2265,4976,394354881.8799999,70185557.15999997,289419237.7400001,17683534.73000002,764.810260136608,353.00881710728135,48.1475,43.724999999999994,46.157500000000006,35084396,16301653,113.25806451612904,115.35483870967742,220.2,821.3,764.2,37597.9,90151.3,137299.6,74.79999999999997,37.39999999999999,7.58,83.83871,124.7741935483871,142.29032258064515,112.41935483870968,17.53741935,443.0
2020-08-22,3,8,2020,22,45000.0,3,3.400000000000004,2286165.0409999997,17480,1310.1000000000004,1161.2999999999995,4761,9691,2167,4761,2265,4976,394354881.8799999,70185557.15999997,289419237.7400001,17683534.73000002,764.810260136608,353.00881710728135,48.1475,43.724999999999994,46.157500000000006,35084396,16301653,113.25806451612904,115.35483870967742,220.2,821.3,764.2,37597.9,90151.3,137299.6,74.79999999999997,37.39999999999999,7.58,83.83871,124.7741935483871,142.29032258064515,112.41935483870968,17.53741935,443.0
2020-08-23,3,8,2020,23,40000.0,10,3.400000000000004,2286165.0409999997,17480,1310.1000000000004,1161.2999999999995,4761,9691,2167,4761,2265,4976,394354881.8799999,70185557.15999997,289419237.7400001,17683534.73000002,764.810260136608,353.00881710728135,48.1475,43.724999999999994,46.157500000000006,35084396,16301653,113.25806451612904,115.35483870967742,220.2,821.3,764.2,37597.9,90151.3,137299.6,74.79999999999997,37.39999999999999,7.58,83.83871,124.7741935483871,142.29032258064515,112.41935483870968,17.53741935,443.0
2020-08-24,3,8,2020,24,50000.0,35,3.400000000000004,2286165.0409999997,17480,1310.1000000000004,1161.2999999999995,4761,9691,2167,4761,2265,4976,394354881.8799999,70185557.15999997,289419237.7400001,17683534.73000002,764.810260136608,353.00881710728135,48.1475,43.724999999999994,46.157500000000006,35084396,16301653,113.25806451612904,115.35483870967742,220.2,821.3,764.2,37597.9,90151.3,137299.6,74.79999999999997,37.39999999999999,7.58,83.83871,124.7741935483871,142.29032258064515,112.41935483870968,17.53741935,443.0
2020-08-25,3,8,2020,25,47500.0,38,3.400000000000004,2286165.0409999997,17480,1310.1000000000004,1161.2999999999995,4761,9691,2167,4761,2265,4976,394354881.8799999,70185557.15999997,289419237.7400001,17683534.73000002,764.810260136608,353.00881710728135,48.1475,43.724999999999994,46.157500000000006,35084396,16301653,113.25806451612904,115.35483870967742,220.2,821.3,764.2,37597.9,90151.3,137299.6,74.79999999999997,37.39999999999999,7.58,83.83871,124.7741935483871,142.29032258064515,112.41935483870968,17.53741935,443.0
2020-08-26,3,8,2020,26,45000.0,33,3.400000000000004,2286165.0409999997,17480,1310.1000000000004,1161.2999999999995,4761,9691,2167,4761,2265,4976,394354881.8799999,70185557.15999997,289419237.7400001,17683534.73000002,764.810260136608,353.00881710728135,48.1475,43.724999999999994,46.157500000000006,35084396,16301653,113.25806451612904,115.35483870967742,220.2,821.3,764.2,37597.9,90151.3,137299.6,74.79999999999997,37.39999999999999,7.58,83.83871,124.7741935483871,142.29032258064515,112.41935483870968,17.53741935,443.0
2020-08-27,3,8,2020,27,42500.0,23,3.400000000000004,2286165.0409999997,17480,1310.1000000000004,1161.2999999999995,4761,9691,2167,4761,2265,4976,394354881.8799999,70185557.15999997,289419237.7400001,17683534.73000002,764.810260136608,353.00881710728135,48.1475,43.724999999999994,46.157500000000006,35084396,16301653,113.25806451612904,115.35483870967742,220.2,821.3,764.2,37597.9,90151.3,137299.6,74.79999999999997,37.39999999999999,7.58,83.83871,124.7741935483871,142.29032258064515,112.41935483870968,17.53741935,443.0
2020-08-28,3,8,2020,28,50000.0,29,3.400000000000004,2286165.0409999997,17480,1310.1000000000004,1161.2999999999995,4761,9691,2167,4761,2265,4976,394354881.8799999,70185557.15999997,289419237.7400001,17683534.73000002,764.810260136608,353.00881710728135,48.1475,43.724999999999994,46.157500000000006,35084396,16301653,113.25806451612904,115.35483870967742,220.2,821.3,764.2,37597.9,90151.3,137299.6,74.79999999999997,37.39999999999999,7.58,83.83871,124.7741935483871,142.29032258064515,112.41935483870968,17.53741935,443.0
2020-08-29,3,8,2020,29,50000.0,7,3.400000000000004,2286165.0409999997,17480,1310.1000000000004,1161.2999999999995,4761,9691,2167,4761,2265,4976,394354881.8799999,70185557.15999997,289419237.7400001,17683534.73000002,764.810260136608,353.00881710728135,48.1475,43.724999999999994,46.157500000000006,35084396,16301653,113.25806451612904,115.35483870967742,220.2,821.3,764.2,37597.9,90151.3,137299.6,74.79999999999997,37.39999999999999,7.58,83.83871,124.7741935483871,142.29032258064515,112.41935483870968,17.53741935,443.0
2020-08-30,3,8,2020,30,70000.0,11,3.400000000000004,2286165.0409999997,17480,1310.1000000000004,1161.2999999999995,4761,9691,2167,4761,2265,4976,394354881.8799999,70185557.15999997,289419237.7400001,17683534.73000002,764.810260136608,353.00881710728135,48.1475,43.724999999999994,46.157500000000006,35084396,16301653,113.25806451612904,115.35483870967742,220.2,821.3,764.2,37597.9,90151.3,137299.6,74.79999999999997,37.39999999999999,7.58,83.83871,124.7741935483871,142.29032258064515,112.41935483870968,17.53741935,443.0
2020-08-31,3,8,2020,31,50000.0,44,3.400000000000004,2286165.0409999997,17480,1310.1000000000004,1161.2999999999995,4761,9691,2167,4761,2265,4976,394354881.8799999,70185557.15999997,289419237.7400001,17683534.73000002,764.810260136608,353.00881710728135,48.1475,43.724999999999994,46.157500000000006,35084396,16301653,113.25806451612904,115.35483870967742,220.2,821.3,764.2,37597.9,90151.3,137299.6,74.79999999999997,37.39999999999999,7.58,83.83871,124.7741935483871,142.29032258064515,112.41935483870968,17.53741935,443.0
2020-09-01,3,9,2020,1,42500.0,33,3.400000000000004,2072411.368000002,16846,1310.1000000000004,1161.2999999999995,5702,11439,1748,5702,2587,6229,725351078.6400001,87973042.28000003,363990488.24,265684591.21000004,764.810260136608,353.00881710728135,48.355000000000004,43.8525,46.3125,35084396,16301653,128.7,108.2,221,807.2,774.3,30894.2,89863.5,82806.6,74.79999999999997,37.39999999999999,8.7,88.06667,123.86666666666666,145.7,112.8,18.793,443.0
2020-09-02,3,9,2020,2,45000.0,25,3.400000000000004,2072411.368000002,16846,1310.1000000000004,1161.2999999999995,5702,11439,1748,5702,2587,6229,725351078.6400001,87973042.28000003,363990488.24,265684591.21000004,764.810260136608,353.00881710728135,48.355000000000004,43.8525,46.3125,35084396,16301653,128.7,108.2,221,807.2,774.3,30894.2,89863.5,82806.6,74.79999999999997,37.39999999999999,8.7,88.06667,123.86666666666666,145.7,112.8,18.793,443.0
2020-09-03,3,9,2020,3,50000.0,42,3.400000000000004,2072411.368000002,16846,1310.1000000000004,1161.2999999999995,5702,11439,1748,5702,2587,6229,725351078.6400001,87973042.28000003,363990488.24,265684591.21000004,764.810260136608,353.00881710728135,48.355000000000004,43.8525,46.3125,35084396,16301653,128.7,108.2,221,807.2,774.3,30894.2,89863.5,82806.6,74.79999999999997,37.39999999999999,8.7,88.06667,123.86666666666666,145.7,112.8,18.793,443.0
2020-09-04,3,9,2020,4,50000.0,36,3.400000000000004,2072411.368000002,16846,1310.1000000000004,1161.2999999999995,5702,11439,1748,5702,2587,6229,725351078.6400001,87973042.28000003,363990488.24,265684591.21000004,764.810260136608,353.00881710728135,48.355000000000004,43.8525,46.3125,35084396,16301653,128.7,108.2,221,807.2,774.3,30894.2,89863.5,82806.6,74.79999999999997,37.39999999999999,8.7,88.06667,123.86666666666666,145.7,112.8,18.793,443.0
2020-09-05,3,9,2020,5,50000.0,5,3.400000000000004,2072411.368000002,16846,1310.1000000000004,1161.2999999999995,5702,11439,1748,5702,2587,6229,725351078.6400001,87973042.28000003,363990488.24,265684591.21000004,764.810260136608,353.00881710728135,48.355000000000004,43.8525,46.3125,35084396,16301653,128.7,108.2,221,807.2,774.3,30894.2,89863.5,82806.6,74.79999999999997,37.39999999999999,8.7,88.06667,123.86666666666666,145.7,112.8,18.793,443.0
2020-09-06,3,9,2020,6,41250.0,4,3.400000000000004,2072411.368000002,16846,1310.1000000000004,1161.2999999999995,5702,11439,1748,5702,2587,6229,725351078.6400001,87973042.28000003,363990488.24,265684591.21000004,764.810260136608,353.00881710728135,48.355000000000004,43.8525,46.3125,35084396,16301653,128.7,108.2,221,807.2,774.3,30894.2,89863.5,82806.6,74.79999999999997,37.39999999999999,8.7,88.06667,123.86666666666666,145.7,112.8,18.793,443.0
2020-09-07,3,9,2020,7,45000.0,46,3.400000000000004,2072411.368000002,16846,1310.1000000000004,1161.2999999999995,5702,11439,1748,5702,2587,6229,725351078.6400001,87973042.28000003,363990488.24,265684591.21000004,764.810260136608,353.00881710728135,48.355000000000004,43.8525,46.3125,35084396,16301653,128.7,108.2,221,807.2,774.3,30894.2,89863.5,82806.6,74.79999999999997,37.39999999999999,8.7,88.06667,123.86666666666666,145.7,112.8,18.793,443.0
2020-09-08,3,9,2020,8,50000.0,29,3.400000000000004,2072411.368000002,16846,1310.1000000000004,1161.2999999999995,5702,11439,1748,5702,2587,6229,725351078.6400001,87973042.28000003,363990488.24,265684591.21000004,764.810260136608,353.00881710728135,48.355000000000004,43.8525,46.3125,35084396,16301653,128.7,108.2,221,807.2,774.3,30894.2,89863.5,82806.6,74.79999999999997,37.39999999999999,8.7,88.06667,123.86666666666666,145.7,112.8,18.793,443.0
2020-09-09,3,9,2020,9,50000.0,33,3.400000000000004,2072411.368000002,16846,1310.1000000000004,1161.2999999999995,5702,11439,1748,5702,2587,6229,725351078.6400001,87973042.28000003,363990488.24,265684591.21000004,764.810260136608,353.00881710728135,48.355000000000004,43.8525,46.3125,35084396,16301653,128.7,108.2,221,807.2,774.3,30894.2,89863.5,82806.6,74.79999999999997,37.39999999999999,8.7,88.06667,123.86666666666666,145.7,112.8,18.793,443.0
2020-09-10,3,9,2020,10,47500.0,33,3.400000000000004,2072411.368000002,16846,1310.1000000000004,1161.2999999999995,5702,11439,1748,5702,2587,6229,725351078.6400001,87973042.28000003,363990488.24,265684591.21000004,764.810260136608,353.00881710728135,48.355000000000004,43.8525,46.3125,35084396,16301653,128.7,108.2,221,807.2,774.3,30894.2,89863.5,82806.6,74.79999999999997,37.39999999999999,8.7,88.06667,123.86666666666666,145.7,112.8,18.793,443.0
2020-09-11,3,9,2020,11,41250.0,22,3.400000000000004,2072411.368000002,16846,1310.1000000000004,1161.2999999999995,5702,11439,1748,5702,2587,6229,725351078.6400001,87973042.28000003,363990488.24,265684591.21000004,764.810260136608,353.00881710728135,48.355000000000004,43.8525,46.3125,35084396,16301653,128.7,108.2,221,807.2,774.3,30894.2,89863.5,82806.6,74.79999999999997,37.39999999999999,8.7,88.06667,123.86666666666666,145.7,112.8,18.793,443.0
2020-09-12,3,9,2020,12,50000.0,2,3.400000000000004,2072411.368000002,16846,1310.1000000000004,1161.2999999999995,5702,11439,1748,5702,2587,6229,725351078.6400001,87973042.28000003,363990488.24,265684591.21000004,764.810260136608,353.00881710728135,48.355000000000004,43.8525,46.3125,35084396,16301653,128.7,108.2,221,807.2,774.3,30894.2,89863.5,82806.6,74.79999999999997,37.39999999999999,8.7,88.06667,123.86666666666666,145.7,112.8,18.793,443.0
2020-09-13,3,9,2020,13,41250.0,12,3.400000000000004,2072411.368000002,16846,1310.1000000000004,1161.2999999999995,5702,11439,1748,5702,2587,6229,725351078.6400001,87973042.28000003,363990488.24,265684591.21000004,764.810260136608,353.00881710728135,48.355000000000004,43.8525,46.3125,35084396,16301653,128.7,108.2,221,807.2,774.3,30894.2,89863.5,82806.6,74.79999999999997,37.39999999999999,8.7,88.06667,123.86666666666666,145.7,112.8,18.793,443.0
2020-09-14,3,9,2020,14,45000.0,46,3.400000000000004,2072411.368000002,16846,1310.1000000000004,1161.2999999999995,5702,11439,1748,5702,2587,6229,725351078.6400001,87973042.28000003,363990488.24,265684591.21000004,764.810260136608,353.00881710728135,48.355000000000004,43.8525,46.3125,35084396,16301653,128.7,108.2,221,807.2,774.3,30894.2,89863.5,82806.6,74.79999999999997,37.39999999999999,8.7,88.06667,123.86666666666666,145.7,112.8,18.793,443.0
2020-09-15,3,9,2020,15,50000.0,43,3.400000000000004,2072411.368000002,16846,1310.1000000000004,1161.2999999999995,5702,11439,1748,5702,2587,6229,725351078.6400001,87973042.28000003,363990488.24,265684591.21000004,764.810260136608,353.00881710728135,48.355000000000004,43.8525,46.3125,35084396,16301653,128.7,108.2,221,807.2,774.3,30894.2,89863.5,82806.6,74.79999999999997,37.39999999999999,8.7,88.06667,123.86666666666666,145.7,112.8,18.793,443.0
2020-09-16,3,9,2020,16,50000.0,36,3.400000000000004,2072411.368000002,16846,1310.1000000000004,1161.2999999999995,5702,11439,1748,5702,2587,6229,725351078.6400001,87973042.28000003,363990488.24,265684591.21000004,764.810260136608,353.00881710728135,48.355000000000004,43.8525,46.3125,35084396,16301653,128.7,108.2,221,807.2,774.3,30894.2,89863.5,82806.6,74.79999999999997,37.39999999999999,8.7,88.06667,123.86666666666666,145.7,112.8,18.793,443.0
2020-09-17,3,9,2020,17,50000.0,29,3.400000000000004,2072411.368000002,16846,1310.1000000000004,1161.2999999999995,5702,11439,1748,5702,2587,6229,725351078.6400001,87973042.28000003,363990488.24,265684591.21000004,764.810260136608,353.00881710728135,48.355000000000004,43.8525,46.3125,35084396,16301653,128.7,108.2,221,807.2,774.3,30894.2,89863.5,82806.6,74.79999999999997,37.39999999999999,8.7,88.06667,123.86666666666666,145.7,112.8,18.793,443.0
2020-09-18,3,9,2020,18,55000.0,19,3.400000000000004,2072411.368000002,16846,1310.1000000000004,1161.2999999999995,5702,11439,1748,5702,2587,6229,725351078.6400001,87973042.28000003,363990488.24,265684591.21000004,764.810260136608,353.00881710728135,48.355000000000004,43.8525,46.3125,35084396,16301653,128.7,108.2,221,807.2,774.3,30894.2,89863.5,82806.6,74.79999999999997,37.39999999999999,8.7,88.06667,123.86666666666666,145.7,112.8,18.793,443.0
2020-09-19,3,9,2020,19,50000.0,5,3.400000000000004,2072411.368000002,16846,1310.1000000000004,1161.2999999999995,5702,11439,1748,5702,2587,6229,725351078.6400001,87973042.28000003,363990488.24,265684591.21000004,764.810260136608,353.00881710728135,48.355000000000004,43.8525,46.3125,35084396,16301653,128.7,108.2,221,807.2,774.3,30894.2,89863.5,82806.6,74.79999999999997,37.39999999999999,8.7,88.06667,123.86666666666666,145.7,112.8,18.793,443.0
2020-09-20,3,9,2020,20,50000.0,9,3.400000000000004,2072411.368000002,16846,1310.1000000000004,1161.2999999999995,5702,11439,1748,5702,2587,6229,725351078.6400001,87973042.28000003,363990488.24,265684591.21000004,764.810260136608,353.00881710728135,48.355000000000004,43.8525,46.3125,35084396,16301653,128.7,108.2,221,807.2,774.3,30894.2,89863.5,82806.6,74.79999999999997,37.39999999999999,8.7,88.06667,123.86666666666666,145.7,112.8,18.793,443.0
2020-09-21,3,9,2020,21,45000.0,47,3.400000000000004,2072411.368000002,16846,1310.1000000000004,1161.2999999999995,5702,11439,1748,5702,2587,6229,725351078.6400001,87973042.28000003,363990488.24,265684591.21000004,764.810260136608,353.00881710728135,48.355000000000004,43.8525,46.3125,35084396,16301653,128.7,108.2,221,807.2,774.3,30894.2,89863.5,82806.6,74.79999999999997,37.39999999999999,8.7,88.06667,123.86666666666666,145.7,112.8,18.793,443.0
2020-09-22,3,9,2020,22,45000.0,27,3.400000000000004,2072411.368000002,16846,1310.1000000000004,1161.2999999999995,5702,11439,1748,5702,2587,6229,725351078.6400001,87973042.28000003,363990488.24,265684591.21000004,764.810260136608,353.00881710728135,48.355000000000004,43.8525,46.3125,35084396,16301653,128.7,108.2,221,807.2,774.3,30894.2,89863.5,82806.6,74.79999999999997,37.39999999999999,8.7,88.06667,123.86666666666666,145.7,112.8,18.793,443.0
2020-09-23,3,9,2020,23,47500.0,27,3.400000000000004,2072411.368000002,16846,1310.1000000000004,1161.2999999999995,5702,11439,1748,5702,2587,6229,725351078.6400001,87973042.28000003,363990488.24,265684591.21000004,764.810260136608,353.00881710728135,48.355000000000004,43.8525,46.3125,35084396,16301653,128.7,108.2,221,807.2,774.3,30894.2,89863.5,82806.6,74.79999999999997,37.39999999999999,8.7,88.06667,123.86666666666666,145.7,112.8,18.793,443.0
2020-09-24,3,9,2020,24,50000.0,27,3.400000000000004,2072411.368000002,16846,1310.1000000000004,1161.2999999999995,5702,11439,1748,5702,2587,6229,725351078.6400001,87973042.28000003,363990488.24,265684591.21000004,764.810260136608,353.00881710728135,48.355000000000004,43.8525,46.3125,35084396,16301653,128.7,108.2,221,807.2,774.3,30894.2,89863.5,82806.6,74.79999999999997,37.39999999999999,8.7,88.06667,123.86666666666666,145.7,112.8,18.793,443.0
2020-09-25,3,9,2020,25,50000.0,37,3.400000000000004,2072411.368000002,16846,1310.1000000000004,1161.2999999999995,5702,11439,1748,5702,2587,6229,725351078.6400001,87973042.28000003,363990488.24,265684591.21000004,764.810260136608,353.00881710728135,48.355000000000004,43.8525,46.3125,35084396,16301653,128.7,108.2,221,807.2,774.3,30894.2,89863.5,82806.6,74.79999999999997,37.39999999999999,8.7,88.06667,123.86666666666666,145.7,112.8,18.793,443.0
2020-09-26,3,9,2020,26,40000.0,6,3.400000000000004,2072411.368000002,16846,1310.1000000000004,1161.2999999999995,5702,11439,1748,5702,2587,6229,725351078.6400001,87973042.28000003,363990488.24,265684591.21000004,764.810260136608,353.00881710728135,48.355000000000004,43.8525,46.3125,35084396,16301653,128.7,108.2,221,807.2,774.3,30894.2,89863.5,82806.6,74.79999999999997,37.39999999999999,8.7,88.06667,123.86666666666666,145.7,112.8,18.793,443.0
2020-09-27,3,9,2020,27,45000.0,14,3.400000000000004,2072411.368000002,16846,1310.1000000000004,1161.2999999999995,5702,11439,1748,5702,2587,6229,725351078.6400001,87973042.28000003,363990488.24,265684591.21000004,764.810260136608,353.00881710728135,48.355000000000004,43.8525,46.3125,35084396,16301653,128.7,108.2,221,807.2,774.3,30894.2,89863.5,82806.6,74.79999999999997,37.39999999999999,8.7,88.06667,123.86666666666666,145.7,112.8,18.793,443.0
2020-09-28,3,9,2020,28,50000.0,33,3.400000000000004,2072411.368000002,16846,1310.1000000000004,1161.2999999999995,5702,11439,1748,5702,2587,6229,725351078.6400001,87973042.28000003,363990488.24,265684591.21000004,764.810260136608,353.00881710728135,48.355000000000004,43.8525,46.3125,35084396,16301653,128.7,108.2,221,807.2,774.3,30894.2,89863.5,82806.6,74.79999999999997,37.39999999999999,8.7,88.06667,123.86666666666666,145.7,112.8,18.793,443.0
2020-09-29,3,9,2020,29,40000.0,43,3.400000000000004,2072411.368000002,16846,1310.1000000000004,1161.2999999999995,5702,11439,1748,5702,2587,6229,725351078.6400001,87973042.28000003,363990488.24,265684591.21000004,764.810260136608,353.00881710728135,48.355000000000004,43.8525,46.3125,35084396,16301653,128.7,108.2,221,807.2,774.3,30894.2,89863.5,82806.6,74.79999999999997,37.39999999999999,8.7,88.06667,123.86666666666666,145.7,112.8,18.793,443.0
2020-09-30,3,9,2020,30,50000.0,36,3.400000000000004,2072411.368000002,16846,1310.1000000000004,1161.2999999999995,5702,11439,1748,5702,2587,6229,725351078.6400001,87973042.28000003,363990488.24,265684591.21000004,764.810260136608,353.00881710728135,48.355000000000004,43.8525,46.3125,35084396,16301653,128.7,108.2,221,807.2,774.3,30894.2,89863.5,82806.6,74.79999999999997,37.39999999999999,8.7,88.06667,123.86666666666666,145.7,112.8,18.793,443.0
2020-10-01,4,10,2020,1,52500.0,26,6.799999999999995,1957629.6700000009,17327,2156.7999999999993,1978.5000000000002,6012,15354,3915,6012,2710,6813,580734758.6799998,76792886.78000003,431661975.55999994,64533735.57999992,844.0361864896073,375.0764811490126,48.33,43.89,46.277499999999996,38983218,17409800,149.80645161290323,103.64516129032258,219.9,807.4,773,40356.3,90893,80415.9,46.500000000000014,15.700000000000003,6.975,88.74194,129.80645161290323,159.61290322580646,103.12903225806451,18.69096774,443.0
2020-10-02,4,10,2020,2,40000.0,27,6.799999999999995,1957629.6700000009,17327,2156.7999999999993,1978.5000000000002,6012,15354,3915,6012,2710,6813,580734758.6799998,76792886.78000003,431661975.55999994,64533735.57999992,844.0361864896073,375.0764811490126,48.33,43.89,46.277499999999996,38983218,17409800,149.80645161290323,103.64516129032258,219.9,807.4,773,40356.3,90893,80415.9,46.500000000000014,15.700000000000003,6.975,88.74194,129.80645161290323,159.61290322580646,103.12903225806451,18.69096774,443.0
2020-10-03,4,10,2020,3,60000.0,5,6.799999999999995,1957629.6700000009,17327,2156.7999999999993,1978.5000000000002,6012,15354,3915,6012,2710,6813,580734758.6799998,76792886.78000003,431661975.55999994,64533735.57999992,844.0361864896073,375.0764811490126,48.33,43.89,46.277499999999996,38983218,17409800,149.80645161290323,103.64516129032258,219.9,807.4,773,40356.3,90893,80415.9,46.500000000000014,15.700000000000003,6.975,88.74194,129.80645161290323,159.61290322580646,103.12903225806451,18.69096774,443.0
2020-10-04,4,10,2020,4,52500.0,11,6.799999999999995,1957629.6700000009,17327,2156.7999999999993,1978.5000000000002,6012,15354,3915,6012,2710,6813,580734758.6799998,76792886.78000003,431661975.55999994,64533735.57999992,844.0361864896073,375.0764811490126,48.33,43.89,46.277499999999996,38983218,17409800,149.80645161290323,103.64516129032258,219.9,807.4,773,40356.3,90893,80415.9,46.500000000000014,15.700000000000003,6.975,88.74194,129.80645161290323,159.61290322580646,103.12903225806451,18.69096774,443.0
2020-10-05,4,10,2020,5,59000.0,43,6.799999999999995,1957629.6700000009,17327,2156.7999999999993,1978.5000000000002,6012,15354,3915,6012,2710,6813,580734758.6799998,76792886.78000003,431661975.55999994,64533735.57999992,844.0361864896073,375.0764811490126,48.33,43.89,46.277499999999996,38983218,17409800,149.80645161290323,103.64516129032258,219.9,807.4,773,40356.3,90893,80415.9,46.500000000000014,15.700000000000003,6.975,88.74194,129.80645161290323,159.61290322580646,103.12903225806451,18.69096774,443.0
2020-10-06,4,10,2020,6,50000.0,48,6.799999999999995,1957629.6700000009,17327,2156.7999999999993,1978.5000000000002,6012,15354,3915,6012,2710,6813,580734758.6799998,76792886.78000003,431661975.55999994,64533735.57999992,844.0361864896073,375.0764811490126,48.33,43.89,46.277499999999996,38983218,17409800,149.80645161290323,103.64516129032258,219.9,807.4,773,40356.3,90893,80415.9,46.500000000000014,15.700000000000003,6.975,88.74194,129.80645161290323,159.61290322580646,103.12903225806451,18.69096774,443.0
2020-10-07,4,10,2020,7,50000.0,40,6.799999999999995,1957629.6700000009,17327,2156.7999999999993,1978.5000000000002,6012,15354,3915,6012,2710,6813,580734758.6799998,76792886.78000003,431661975.55999994,64533735.57999992,844.0361864896073,375.0764811490126,48.33,43.89,46.277499999999996,38983218,17409800,149.80645161290323,103.64516129032258,219.9,807.4,773,40356.3,90893,80415.9,46.500000000000014,15.700000000000003,6.975,88.74194,129.80645161290323,159.61290322580646,103.12903225806451,18.69096774,443.0
2020-10-08,4,10,2020,8,50000.0,36,6.799999999999995,1957629.6700000009,17327,2156.7999999999993,1978.5000000000002,6012,15354,3915,6012,2710,6813,580734758.6799998,76792886.78000003,431661975.55999994,64533735.57999992,844.0361864896073,375.0764811490126,48.33,43.89,46.277499999999996,38983218,17409800,149.80645161290323,103.64516129032258,219.9,807.4,773,40356.3,90893,80415.9,46.500000000000014,15.700000000000003,6.975,88.74194,129.80645161290323,159.61290322580646,103.12903225806451,18.69096774,443.0
2020-10-09,4,10,2020,9,45000.0,24,6.799999999999995,1957629.6700000009,17327,2156.7999999999993,1978.5000000000002,6012,15354,3915,6012,2710,6813,580734758.6799998,76792886.78000003,431661975.55999994,64533735.57999992,844.0361864896073,375.0764811490126,48.33,43.89,46.277499999999996,38983218,17409800,149.80645161290323,103.64516129032258,219.9,807.4,773,40356.3,90893,80415.9,46.500000000000014,15.700000000000003,6.975,88.74194,129.80645161290323,159.61290322580646,103.12903225806451,18.69096774,443.0
2020-10-10,4,10,2020,10,35000.0,3,6.799999999999995,1957629.6700000009,17327,2156.7999999999993,1978.5000000000002,6012,15354,3915,6012,2710,6813,580734758.6799998,76792886.78000003,431661975.55999994,64533735.57999992,844.0361864896073,375.0764811490126,48.33,43.89,46.277499999999996,38983218,17409800,149.80645161290323,103.64516129032258,219.9,807.4,773,40356.3,90893,80415.9,46.500000000000014,15.700000000000003,6.975,88.74194,129.80645161290323,159.61290322580646,103.12903225806451,18.69096774,443.0
2020-10-11,4,10,2020,11,52500.0,19,6.799999999999995,1957629.6700000009,17327,2156.7999999999993,1978.5000000000002,6012,15354,3915,6012,2710,6813,580734758.6799998,76792886.78000003,431661975.55999994,64533735.57999992,844.0361864896073,375.0764811490126,48.33,43.89,46.277499999999996,38983218,17409800,149.80645161290323,103.64516129032258,219.9,807.4,773,40356.3,90893,80415.9,46.500000000000014,15.700000000000003,6.975,88.74194,129.80645161290323,159.61290322580646,103.12903225806451,18.69096774,443.0
2020-10-12,4,10,2020,12,45000.0,39,6.799999999999995,1957629.6700000009,17327,2156.7999999999993,1978.5000000000002,6012,15354,3915,6012,2710,6813,580734758.6799998,76792886.78000003,431661975.55999994,64533735.57999992,844.0361864896073,375.0764811490126,48.33,43.89,46.277499999999996,38983218,17409800,149.80645161290323,103.64516129032258,219.9,807.4,773,40356.3,90893,80415.9,46.500000000000014,15.700000000000003,6.975,88.74194,129.80645161290323,159.61290322580646,103.12903225806451,18.69096774,443.0
2020-10-13,4,10,2020,13,57500.0,32,6.799999999999995,1957629.6700000009,17327,2156.7999999999993,1978.5000000000002,6012,15354,3915,6012,2710,6813,580734758.6799998,76792886.78000003,431661975.55999994,64533735.57999992,844.0361864896073,375.0764811490126,48.33,43.89,46.277499999999996,38983218,17409800,149.80645161290323,103.64516129032258,219.9,807.4,773,40356.3,90893,80415.9,46.500000000000014,15.700000000000003,6.975,88.74194,129.80645161290323,159.61290322580646,103.12903225806451,18.69096774,443.0
2020-10-14,4,10,2020,14,45000.0,36,6.799999999999995,1957629.6700000009,17327,2156.7999999999993,1978.5000000000002,6012,15354,3915,6012,2710,6813,580734758.6799998,76792886.78000003,431661975.55999994,64533735.57999992,844.0361864896073,375.0764811490126,48.33,43.89,46.277499999999996,38983218,17409800,149.80645161290323,103.64516129032258,219.9,807.4,773,40356.3,90893,80415.9,46.500000000000014,15.700000000000003,6.975,88.74194,129.80645161290323,159.61290322580646,103.12903225806451,18.69096774,443.0
2020-10-15,4,10,2020,15,50000.0,25,6.799999999999995,1957629.6700000009,17327,2156.7999999999993,1978.5000000000002,6012,15354,3915,6012,2710,6813,580734758.6799998,76792886.78000003,431661975.55999994,64533735.57999992,844.0361864896073,375.0764811490126,48.33,43.89,46.277499999999996,38983218,17409800,149.80645161290323,103.64516129032258,219.9,807.4,773,40356.3,90893,80415.9,46.500000000000014,15.700000000000003,6.975,88.74194,129.80645161290323,159.61290322580646,103.12903225806451,18.69096774,443.0
2020-10-16,4,10,2020,16,51250.0,20,6.799999999999995,1957629.6700000009,17327,2156.7999999999993,1978.5000000000002,6012,15354,3915,6012,2710,6813,580734758.6799998,76792886.78000003,431661975.55999994,64533735.57999992,844.0361864896073,375.0764811490126,48.33,43.89,46.277499999999996,38983218,17409800,149.80645161290323,103.64516129032258,219.9,807.4,773,40356.3,90893,80415.9,46.500000000000014,15.700000000000003,6.975,88.74194,129.80645161290323,159.61290322580646,103.12903225806451,18.69096774,443.0
2020-10-17,4,10,2020,17,52500.0,6,6.799999999999995,1957629.6700000009,17327,2156.7999999999993,1978.5000000000002,6012,15354,3915,6012,2710,6813,580734758.6799998,76792886.78000003,431661975.55999994,64533735.57999992,844.0361864896073,375.0764811490126,48.33,43.89,46.277499999999996,38983218,17409800,149.80645161290323,103.64516129032258,219.9,807.4,773,40356.3,90893,80415.9,46.500000000000014,15.700000000000003,6.975,88.74194,129.80645161290323,159.61290322580646,103.12903225806451,18.69096774,443.0
2020-10-18,4,10,2020,18,50000.0,9,6.799999999999995,1957629.6700000009,17327,2156.7999999999993,1978.5000000000002,6012,15354,3915,6012,2710,6813,580734758.6799998,76792886.78000003,431661975.55999994,64533735.57999992,844.0361864896073,375.0764811490126,48.33,43.89,46.277499999999996,38983218,17409800,149.80645161290323,103.64516129032258,219.9,807.4,773,40356.3,90893,80415.9,46.500000000000014,15.700000000000003,6.975,88.74194,129.80645161290323,159.61290322580646,103.12903225806451,18.69096774,443.0
2020-10-19,4,10,2020,19,50000.0,23,6.799999999999995,1957629.6700000009,17327,2156.7999999999993,1978.5000000000002,6012,15354,3915,6012,2710,6813,580734758.6799998,76792886.78000003,431661975.55999994,64533735.57999992,844.0361864896073,375.0764811490126,48.33,43.89,46.277499999999996,38983218,17409800,149.80645161290323,103.64516129032258,219.9,807.4,773,40356.3,90893,80415.9,46.500000000000014,15.700000000000003,6.975,88.74194,129.80645161290323,159.61290322580646,103.12903225806451,18.69096774,443.0
2020-10-20,4,10,2020,20,50000.0,34,6.799999999999995,1957629.6700000009,17327,2156.7999999999993,1978.5000000000002,6012,15354,3915,6012,2710,6813,580734758.6799998,76792886.78000003,431661975.55999994,64533735.57999992,844.0361864896073,375.0764811490126,48.33,43.89,46.277499999999996,38983218,17409800,149.80645161290323,103.64516129032258,219.9,807.4,773,40356.3,90893,80415.9,46.500000000000014,15.700000000000003,6.975,88.74194,129.80645161290323,159.61290322580646,103.12903225806451,18.69096774,443.0
2020-10-21,4,10,2020,21,41750.0,38,6.799999999999995,1957629.6700000009,17327,2156.7999999999993,1978.5000000000002,6012,15354,3915,6012,2710,6813,580734758.6799998,76792886.78000003,431661975.55999994,64533735.57999992,844.0361864896073,375.0764811490126,48.33,43.89,46.277499999999996,38983218,17409800,149.80645161290323,103.64516129032258,219.9,807.4,773,40356.3,90893,80415.9,46.500000000000014,15.700000000000003,6.975,88.74194,129.80645161290323,159.61290322580646,103.12903225806451,18.69096774,443.0
2020-10-22,4,10,2020,22,50000.0,36,6.799999999999995,1957629.6700000009,17327,2156.7999999999993,1978.5000000000002,6012,15354,3915,6012,2710,6813,580734758.6799998,76792886.78000003,431661975.55999994,64533735.57999992,844.0361864896073,375.0764811490126,48.33,43.89,46.277499999999996,38983218,17409800,149.80645161290323,103.64516129032258,219.9,807.4,773,40356.3,90893,80415.9,46.500000000000014,15.700000000000003,6.975,88.74194,129.80645161290323,159.61290322580646,103.12903225806451,18.69096774,443.0
2020-10-23,4,10,2020,23,50000.0,25,6.799999999999995,1957629.6700000009,17327,2156.7999999999993,1978.5000000000002,6012,15354,3915,6012,2710,6813,580734758.6799998,76792886.78000003,431661975.55999994,64533735.57999992,844.0361864896073,375.0764811490126,48.33,43.89,46.277499999999996,38983218,17409800,149.80645161290323,103.64516129032258,219.9,807.4,773,40356.3,90893,80415.9,46.500000000000014,15.700000000000003,6.975,88.74194,129.80645161290323,159.61290322580646,103.12903225806451,18.69096774,443.0
2020-10-24,4,10,2020,24,68725.0,6,6.799999999999995,1957629.6700000009,17327,2156.7999999999993,1978.5000000000002,6012,15354,3915,6012,2710,6813,580734758.6799998,76792886.78000003,431661975.55999994,64533735.57999992,844.0361864896073,375.0764811490126,48.33,43.89,46.277499999999996,38983218,17409800,149.80645161290323,103.64516129032258,219.9,807.4,773,40356.3,90893,80415.9,46.500000000000014,15.700000000000003,6.975,88.74194,129.80645161290323,159.61290322580646,103.12903225806451,18.69096774,443.0
2020-10-25,4,10,2020,25,58750.0,14,6.799999999999995,1957629.6700000009,17327,2156.7999999999993,1978.5000000000002,6012,15354,3915,6012,2710,6813,580734758.6799998,76792886.78000003,431661975.55999994,64533735.57999992,844.0361864896073,375.0764811490126,48.33,43.89,46.277499999999996,38983218,17409800,149.80645161290323,103.64516129032258,219.9,807.4,773,40356.3,90893,80415.9,46.500000000000014,15.700000000000003,6.975,88.74194,129.80645161290323,159.61290322580646,103.12903225806451,18.69096774,443.0
2020-10-26,4,10,2020,26,45000.0,27,6.799999999999995,1957629.6700000009,17327,2156.7999999999993,1978.5000000000002,6012,15354,3915,6012,2710,6813,580734758.6799998,76792886.78000003,431661975.55999994,64533735.57999992,844.0361864896073,375.0764811490126,48.33,43.89,46.277499999999996,38983218,17409800,149.80645161290323,103.64516129032258,219.9,807.4,773,40356.3,90893,80415.9,46.500000000000014,15.700000000000003,6.975,88.74194,129.80645161290323,159.61290322580646,103.12903225806451,18.69096774,443.0
2020-10-27,4,10,2020,27,47500.0,33,6.799999999999995,1957629.6700000009,17327,2156.7999999999993,1978.5000000000002,6012,15354,3915,6012,2710,6813,580734758.6799998,76792886.78000003,431661975.55999994,64533735.57999992,844.0361864896073,375.0764811490126,48.33,43.89,46.277499999999996,38983218,17409800,149.80645161290323,103.64516129032258,219.9,807.4,773,40356.3,90893,80415.9,46.500000000000014,15.700000000000003,6.975,88.74194,129.80645161290323,159.61290322580646,103.12903225806451,18.69096774,443.0
2020-10-28,4,10,2020,28,47500.0,32,6.799999999999995,1957629.6700000009,17327,2156.7999999999993,1978.5000000000002,6012,15354,3915,6012,2710,6813,580734758.6799998,76792886.78000003,431661975.55999994,64533735.57999992,844.0361864896073,375.0764811490126,48.33,43.89,46.277499999999996,38983218,17409800,149.80645161290323,103.64516129032258,219.9,807.4,773,40356.3,90893,80415.9,46.500000000000014,15.700000000000003,6.975,88.74194,129.80645161290323,159.61290322580646,103.12903225806451,18.69096774,443.0
2020-10-29,4,10,2020,29,47500.0,25,6.799999999999995,1957629.6700000009,17327,2156.7999999999993,1978.5000000000002,6012,15354,3915,6012,2710,6813,580734758.6799998,76792886.78000003,431661975.55999994,64533735.57999992,844.0361864896073,375.0764811490126,48.33,43.89,46.277499999999996,38983218,17409800,149.80645161290323,103.64516129032258,219.9,807.4,773,40356.3,90893,80415.9,46.500000000000014,15.700000000000003,6.975,88.74194,129.80645161290323,159.61290322580646,103.12903225806451,18.69096774,443.0
2020-10-30,4,10,2020,30,52500.0,30,6.799999999999995,1957629.6700000009,17327,2156.7999999999993,1978.5000000000002,6012,15354,3915,6012,2710,6813,580734758.6799998,76792886.78000003,431661975.55999994,64533735.57999992,844.0361864896073,375.0764811490126,48.33,43.89,46.277499999999996,38983218,17409800,149.80645161290323,103.64516129032258,219.9,807.4,773,40356.3,90893,80415.9,46.500000000000014,15.700000000000003,6.975,88.74194,129.80645161290323,159.61290322580646,103.12903225806451,18.69096774,443.0
2020-10-31,4,10,2020,31,86225.0,2,6.799999999999995,1957629.6700000009,17327,2156.7999999999993,1978.5000000000002,6012,15354,3915,6012,2710,6813,580734758.6799998,76792886.78000003,431661975.55999994,64533735.57999992,844.0361864896073,375.0764811490126,48.33,43.89,46.277499999999996,38983218,17409800,149.80645161290323,103.64516129032258,219.9,807.4,773,40356.3,90893,80415.9,46.500000000000014,15.700000000000003,6.975,88.74194,129.80645161290323,159.61290322580646,103.12903225806451,18.69096774,443.0
2020-11-01,4,11,2020,1,45000.0,25,6.799999999999995,2216037.3690000004,17865,2156.7999999999993,1978.5000000000002,5543,18272,2918,5543,2424,6166,614829345.4500003,76611927.06999993,227696846.59000015,307757524.98,844.0361864896073,375.0764811490126,48.410000000000004,43.9075,46.405,38983218,17409800,141.76666666666668,105.73333333333333,215.6,805.75,748.7,41552.1,90232.6,98017.4,46.500000000000014,15.700000000000003,5.84,77.5,144.96666666666667,158.93333333333334,87.1,20.28866667,443.0
2020-11-02,4,11,2020,2,46500.0,44,6.799999999999995,2216037.3690000004,17865,2156.7999999999993,1978.5000000000002,5543,18272,2918,5543,2424,6166,614829345.4500003,76611927.06999993,227696846.59000015,307757524.98,844.0361864896073,375.0764811490126,48.410000000000004,43.9075,46.405,38983218,17409800,141.76666666666668,105.73333333333333,215.6,805.75,748.7,41552.1,90232.6,98017.4,46.500000000000014,15.700000000000003,5.84,77.5,144.96666666666667,158.93333333333334,87.1,20.28866667,443.0
2020-11-03,4,11,2020,3,50000.0,26,6.799999999999995,2216037.3690000004,17865,2156.7999999999993,1978.5000000000002,5543,18272,2918,5543,2424,6166,614829345.4500003,76611927.06999993,227696846.59000015,307757524.98,844.0361864896073,375.0764811490126,48.410000000000004,43.9075,46.405,38983218,17409800,141.76666666666668,105.73333333333333,215.6,805.75,748.7,41552.1,90232.6,98017.4,46.500000000000014,15.700000000000003,5.84,77.5,144.96666666666667,158.93333333333334,87.1,20.28866667,443.0
2020-11-04,4,11,2020,4,50000.0,15,6.799999999999995,2216037.3690000004,17865,2156.7999999999993,1978.5000000000002,5543,18272,2918,5543,2424,6166,614829345.4500003,76611927.06999993,227696846.59000015,307757524.98,844.0361864896073,375.0764811490126,48.410000000000004,43.9075,46.405,38983218,17409800,141.76666666666668,105.73333333333333,215.6,805.75,748.7,41552.1,90232.6,98017.4,46.500000000000014,15.700000000000003,5.84,77.5,144.96666666666667,158.93333333333334,87.1,20.28866667,443.0
2020-11-05,4,11,2020,5,45000.0,43,6.799999999999995,2216037.3690000004,17865,2156.7999999999993,1978.5000000000002,5543,18272,2918,5543,2424,6166,614829345.4500003,76611927.06999993,227696846.59000015,307757524.98,844.0361864896073,375.0764811490126,48.410000000000004,43.9075,46.405,38983218,17409800,141.76666666666668,105.73333333333333,215.6,805.75,748.7,41552.1,90232.6,98017.4,46.500000000000014,15.700000000000003,5.84,77.5,144.96666666666667,158.93333333333334,87.1,20.28866667,443.0
2020-11-06,4,11,2020,6,54375.0,28,6.799999999999995,2216037.3690000004,17865,2156.7999999999993,1978.5000000000002,5543,18272,2918,5543,2424,6166,614829345.4500003,76611927.06999993,227696846.59000015,307757524.98,844.0361864896073,375.0764811490126,48.410000000000004,43.9075,46.405,38983218,17409800,141.76666666666668,105.73333333333333,215.6,805.75,748.7,41552.1,90232.6,98017.4,46.500000000000014,15.700000000000003,5.84,77.5,144.96666666666667,158.93333333333334,87.1,20.28866667,443.0
2020-11-07,4,11,2020,7,38000.0,5,6.799999999999995,2216037.3690000004,17865,2156.7999999999993,1978.5000000000002,5543,18272,2918,5543,2424,6166,614829345.4500003,76611927.06999993,227696846.59000015,307757524.98,844.0361864896073,375.0764811490126,48.410000000000004,43.9075,46.405,38983218,17409800,141.76666666666668,105.73333333333333,215.6,805.75,748.7,41552.1,90232.6,98017.4,46.500000000000014,15.700000000000003,5.84,77.5,144.96666666666667,158.93333333333334,87.1,20.28866667,443.0
2020-11-08,4,11,2020,8,53750.0,12,6.799999999999995,2216037.3690000004,17865,2156.7999999999993,1978.5000000000002,5543,18272,2918,5543,2424,6166,614829345.4500003,76611927.06999993,227696846.59000015,307757524.98,844.0361864896073,375.0764811490126,48.410000000000004,43.9075,46.405,38983218,17409800,141.76666666666668,105.73333333333333,215.6,805.75,748.7,41552.1,90232.6,98017.4,46.500000000000014,15.700000000000003,5.84,77.5,144.96666666666667,158.93333333333334,87.1,20.28866667,443.0
2020-11-09,4,11,2020,9,50000.0,55,6.799999999999995,2216037.3690000004,17865,2156.7999999999993,1978.5000000000002,5543,18272,2918,5543,2424,6166,614829345.4500003,76611927.06999993,227696846.59000015,307757524.98,844.0361864896073,375.0764811490126,48.410000000000004,43.9075,46.405,38983218,17409800,141.76666666666668,105.73333333333333,215.6,805.75,748.7,41552.1,90232.6,98017.4,46.500000000000014,15.700000000000003,5.84,77.5,144.96666666666667,158.93333333333334,87.1,20.28866667,443.0
2020-11-10,4,11,2020,10,50000.0,34,6.799999999999995,2216037.3690000004,17865,2156.7999999999993,1978.5000000000002,5543,18272,2918,5543,2424,6166,614829345.4500003,76611927.06999993,227696846.59000015,307757524.98,844.0361864896073,375.0764811490126,48.410000000000004,43.9075,46.405,38983218,17409800,141.76666666666668,105.73333333333333,215.6,805.75,748.7,41552.1,90232.6,98017.4,46.500000000000014,15.700000000000003,5.84,77.5,144.96666666666667,158.93333333333334,87.1,20.28866667,443.0
2020-11-11,4,11,2020,11,45000.0,45,6.799999999999995,2216037.3690000004,17865,2156.7999999999993,1978.5000000000002,5543,18272,2918,5543,2424,6166,614829345.4500003,76611927.06999993,227696846.59000015,307757524.98,844.0361864896073,375.0764811490126,48.410000000000004,43.9075,46.405,38983218,17409800,141.76666666666668,105.73333333333333,215.6,805.75,748.7,41552.1,90232.6,98017.4,46.500000000000014,15.700000000000003,5.84,77.5,144.96666666666667,158.93333333333334,87.1,20.28866667,443.0
2020-11-12,4,11,2020,12,50000.0,36,6.799999999999995,2216037.3690000004,17865,2156.7999999999993,1978.5000000000002,5543,18272,2918,5543,2424,6166,614829345.4500003,76611927.06999993,227696846.59000015,307757524.98,844.0361864896073,375.0764811490126,48.410000000000004,43.9075,46.405,38983218,17409800,141.76666666666668,105.73333333333333,215.6,805.75,748.7,41552.1,90232.6,98017.4,46.500000000000014,15.700000000000003,5.84,77.5,144.96666666666667,158.93333333333334,87.1,20.28866667,443.0
2020-11-13,4,11,2020,13,47500.0,26,6.799999999999995,2216037.3690000004,17865,2156.7999999999993,1978.5000000000002,5543,18272,2918,5543,2424,6166,614829345.4500003,76611927.06999993,227696846.59000015,307757524.98,844.0361864896073,375.0764811490126,48.410000000000004,43.9075,46.405,38983218,17409800,141.76666666666668,105.73333333333333,215.6,805.75,748.7,41552.1,90232.6,98017.4,46.500000000000014,15.700000000000003,5.84,77.5,144.96666666666667,158.93333333333334,87.1,20.28866667,443.0
2020-11-14,4,11,2020,14,60000.0,4,6.799999999999995,2216037.3690000004,17865,2156.7999999999993,1978.5000000000002,5543,18272,2918,5543,2424,6166,614829345.4500003,76611927.06999993,227696846.59000015,307757524.98,844.0361864896073,375.0764811490126,48.410000000000004,43.9075,46.405,38983218,17409800,141.76666666666668,105.73333333333333,215.6,805.75,748.7,41552.1,90232.6,98017.4,46.500000000000014,15.700000000000003,5.84,77.5,144.96666666666667,158.93333333333334,87.1,20.28866667,443.0
2020-11-15,4,11,2020,15,71250.0,14,6.799999999999995,2216037.3690000004,17865,2156.7999999999993,1978.5000000000002,5543,18272,2918,5543,2424,6166,614829345.4500003,76611927.06999993,227696846.59000015,307757524.98,844.0361864896073,375.0764811490126,48.410000000000004,43.9075,46.405,38983218,17409800,141.76666666666668,105.73333333333333,215.6,805.75,748.7,41552.1,90232.6,98017.4,46.500000000000014,15.700000000000003,5.84,77.5,144.96666666666667,158.93333333333334,87.1,20.28866667,443.0
2020-11-16,4,11,2020,16,50000.0,44,6.799999999999995,2216037.3690000004,17865,2156.7999999999993,1978.5000000000002,5543,18272,2918,5543,2424,6166,614829345.4500003,76611927.06999993,227696846.59000015,307757524.98,844.0361864896073,375.0764811490126,48.410000000000004,43.9075,46.405,38983218,17409800,141.76666666666668,105.73333333333333,215.6,805.75,748.7,41552.1,90232.6,98017.4,46.500000000000014,15.700000000000003,5.84,77.5,144.96666666666667,158.93333333333334,87.1,20.28866667,443.0
2020-11-17,4,11,2020,17,50000.0,39,6.799999999999995,2216037.3690000004,17865,2156.7999999999993,1978.5000000000002,5543,18272,2918,5543,2424,6166,614829345.4500003,76611927.06999993,227696846.59000015,307757524.98,844.0361864896073,375.0764811490126,48.410000000000004,43.9075,46.405,38983218,17409800,141.76666666666668,105.73333333333333,215.6,805.75,748.7,41552.1,90232.6,98017.4,46.500000000000014,15.700000000000003,5.84,77.5,144.96666666666667,158.93333333333334,87.1,20.28866667,443.0
2020-11-18,4,11,2020,18,50000.0,34,6.799999999999995,2216037.3690000004,17865,2156.7999999999993,1978.5000000000002,5543,18272,2918,5543,2424,6166,614829345.4500003,76611927.06999993,227696846.59000015,307757524.98,844.0361864896073,375.0764811490126,48.410000000000004,43.9075,46.405,38983218,17409800,141.76666666666668,105.73333333333333,215.6,805.75,748.7,41552.1,90232.6,98017.4,46.500000000000014,15.700000000000003,5.84,77.5,144.96666666666667,158.93333333333334,87.1,20.28866667,443.0
2020-11-19,4,11,2020,19,50000.0,33,6.799999999999995,2216037.3690000004,17865,2156.7999999999993,1978.5000000000002,5543,18272,2918,5543,2424,6166,614829345.4500003,76611927.06999993,227696846.59000015,307757524.98,844.0361864896073,375.0764811490126,48.410000000000004,43.9075,46.405,38983218,17409800,141.76666666666668,105.73333333333333,215.6,805.75,748.7,41552.1,90232.6,98017.4,46.500000000000014,15.700000000000003,5.84,77.5,144.96666666666667,158.93333333333334,87.1,20.28866667,443.0
2020-11-20,4,11,2020,20,40000.0,31,6.799999999999995,2216037.3690000004,17865,2156.7999999999993,1978.5000000000002,5543,18272,2918,5543,2424,6166,614829345.4500003,76611927.06999993,227696846.59000015,307757524.98,844.0361864896073,375.0764811490126,48.410000000000004,43.9075,46.405,38983218,17409800,141.76666666666668,105.73333333333333,215.6,805.75,748.7,41552.1,90232.6,98017.4,46.500000000000014,15.700000000000003,5.84,77.5,144.96666666666667,158.93333333333334,87.1,20.28866667,443.0
2020-11-21,4,11,2020,21,45000.0,7,6.799999999999995,2216037.3690000004,17865,2156.7999999999993,1978.5000000000002,5543,18272,2918,5543,2424,6166,614829345.4500003,76611927.06999993,227696846.59000015,307757524.98,844.0361864896073,375.0764811490126,48.410000000000004,43.9075,46.405,38983218,17409800,141.76666666666668,105.73333333333333,215.6,805.75,748.7,41552.1,90232.6,98017.4,46.500000000000014,15.700000000000003,5.84,77.5,144.96666666666667,158.93333333333334,87.1,20.28866667,443.0
2020-11-22,4,11,2020,22,60000.0,11,6.799999999999995,2216037.3690000004,17865,2156.7999999999993,1978.5000000000002,5543,18272,2918,5543,2424,6166,614829345.4500003,76611927.06999993,227696846.59000015,307757524.98,844.0361864896073,375.0764811490126,48.410000000000004,43.9075,46.405,38983218,17409800,141.76666666666668,105.73333333333333,215.6,805.75,748.7,41552.1,90232.6,98017.4,46.500000000000014,15.700000000000003,5.84,77.5,144.96666666666667,158.93333333333334,87.1,20.28866667,443.0
2020-11-23,4,11,2020,23,46000.0,59,6.799999999999995,2216037.3690000004,17865,2156.7999999999993,1978.5000000000002,5543,18272,2918,5543,2424,6166,614829345.4500003,76611927.06999993,227696846.59000015,307757524.98,844.0361864896073,375.0764811490126,48.410000000000004,43.9075,46.405,38983218,17409800,141.76666666666668,105.73333333333333,215.6,805.75,748.7,41552.1,90232.6,98017.4,46.500000000000014,15.700000000000003,5.84,77.5,144.96666666666667,158.93333333333334,87.1,20.28866667,443.0
2020-11-24,4,11,2020,24,46500.0,38,6.799999999999995,2216037.3690000004,17865,2156.7999999999993,1978.5000000000002,5543,18272,2918,5543,2424,6166,614829345.4500003,76611927.06999993,227696846.59000015,307757524.98,844.0361864896073,375.0764811490126,48.410000000000004,43.9075,46.405,38983218,17409800,141.76666666666668,105.73333333333333,215.6,805.75,748.7,41552.1,90232.6,98017.4,46.500000000000014,15.700000000000003,5.84,77.5,144.96666666666667,158.93333333333334,87.1,20.28866667,443.0
2020-11-25,4,11,2020,25,52400.0,29,6.799999999999995,2216037.3690000004,17865,2156.7999999999993,1978.5000000000002,5543,18272,2918,5543,2424,6166,614829345.4500003,76611927.06999993,227696846.59000015,307757524.98,844.0361864896073,375.0764811490126,48.410000000000004,43.9075,46.405,38983218,17409800,141.76666666666668,105.73333333333333,215.6,805.75,748.7,41552.1,90232.6,98017.4,46.500000000000014,15.700000000000003,5.84,77.5,144.96666666666667,158.93333333333334,87.1,20.28866667,443.0
2020-11-26,4,11,2020,26,47500.0,34,6.799999999999995,2216037.3690000004,17865,2156.7999999999993,1978.5000000000002,5543,18272,2918,5543,2424,6166,614829345.4500003,76611927.06999993,227696846.59000015,307757524.98,844.0361864896073,375.0764811490126,48.410000000000004,43.9075,46.405,38983218,17409800,141.76666666666668,105.73333333333333,215.6,805.75,748.7,41552.1,90232.6,98017.4,46.500000000000014,15.700000000000003,5.84,77.5,144.96666666666667,158.93333333333334,87.1,20.28866667,443.0
2020-11-27,4,11,2020,27,40000.0,20,6.799999999999995,2216037.3690000004,17865,2156.7999999999993,1978.5000000000002,5543,18272,2918,5543,2424,6166,614829345.4500003,76611927.06999993,227696846.59000015,307757524.98,844.0361864896073,375.0764811490126,48.410000000000004,43.9075,46.405,38983218,17409800,141.76666666666668,105.73333333333333,215.6,805.75,748.7,41552.1,90232.6,98017.4,46.500000000000014,15.700000000000003,5.84,77.5,144.96666666666667,158.93333333333334,87.1,20.28866667,443.0
2020-11-28,4,11,2020,28,50000.0,4,6.799999999999995,2216037.3690000004,17865,2156.7999999999993,1978.5000000000002,5543,18272,2918,5543,2424,6166,614829345.4500003,76611927.06999993,227696846.59000015,307757524.98,844.0361864896073,375.0764811490126,48.410000000000004,43.9075,46.405,38983218,17409800,141.76666666666668,105.73333333333333,215.6,805.75,748.7,41552.1,90232.6,98017.4,46.500000000000014,15.700000000000003,5.84,77.5,144.96666666666667,158.93333333333334,87.1,20.28866667,443.0
2020-11-29,4,11,2020,29,40000.0,9,6.799999999999995,2216037.3690000004,17865,2156.7999999999993,1978.5000000000002,5543,18272,2918,5543,2424,6166,614829345.4500003,76611927.06999993,227696846.59000015,307757524.98,844.0361864896073,375.0764811490126,48.410000000000004,43.9075,46.405,38983218,17409800,141.76666666666668,105.73333333333333,215.6,805.75,748.7,41552.1,90232.6,98017.4,46.500000000000014,15.700000000000003,5.84,77.5,144.96666666666667,158.93333333333334,87.1,20.28866667,443.0
2020-11-30,4,11,2020,30,50000.0,35,6.799999999999995,2216037.3690000004,17865,2156.7999999999993,1978.5000000000002,5543,18272,2918,5543,2424,6166,614829345.4500003,76611927.06999993,227696846.59000015,307757524.98,844.0361864896073,375.0764811490126,48.410000000000004,43.9075,46.405,38983218,17409800,141.76666666666668,105.73333333333333,215.6,805.75,748.7,41552.1,90232.6,98017.4,46.500000000000014,15.700000000000003,5.84,77.5,144.96666666666667,158.93333333333334,87.1,20.28866667,443.0
2020-12-01,4,12,2020,1,45500.0,26,6.799999999999995,2534348.5909999986,19906,2156.7999999999993,1978.5000000000002,5385,23863,5591,5385,2357,6825,1434839110.4899998,206896781.23000002,752930835.9699998,472227523.5500001,844.0361864896073,375.0764811490126,48.485,44.097500000000004,46.567499999999995,38983218,17409800,176.38709677419354,107.3225806451613,217.5,794,732.1,40100.05,90233,96767.2,46.500000000000014,15.700000000000003,6.425,,168.29032258064515,153.61290322580646,84.96774193548387,17.91548387,443.0
2020-12-02,4,12,2020,2,45000.0,55,6.799999999999995,2534348.5909999986,19906,2156.7999999999993,1978.5000000000002,5385,23863,5591,5385,2357,6825,1434839110.4899998,206896781.23000002,752930835.9699998,472227523.5500001,844.0361864896073,375.0764811490126,48.485,44.097500000000004,46.567499999999995,38983218,17409800,176.38709677419354,107.3225806451613,217.5,794,732.1,40100.05,90233,96767.2,46.500000000000014,15.700000000000003,6.425,,168.29032258064515,153.61290322580646,84.96774193548387,17.91548387,443.0
2020-12-03,4,12,2020,3,52500.0,27,6.799999999999995,2534348.5909999986,19906,2156.7999999999993,1978.5000000000002,5385,23863,5591,5385,2357,6825,1434839110.4899998,206896781.23000002,752930835.9699998,472227523.5500001,844.0361864896073,375.0764811490126,48.485,44.097500000000004,46.567499999999995,38983218,17409800,176.38709677419354,107.3225806451613,217.5,794,732.1,40100.05,90233,96767.2,46.500000000000014,15.700000000000003,6.425,,168.29032258064515,153.61290322580646,84.96774193548387,17.91548387,443.0
2020-12-04,4,12,2020,4,46375.0,24,6.799999999999995,2534348.5909999986,19906,2156.7999999999993,1978.5000000000002,5385,23863,5591,5385,2357,6825,1434839110.4899998,206896781.23000002,752930835.9699998,472227523.5500001,844.0361864896073,375.0764811490126,48.485,44.097500000000004,46.567499999999995,38983218,17409800,176.38709677419354,107.3225806451613,217.5,794,732.1,40100.05,90233,96767.2,46.500000000000014,15.700000000000003,6.425,,168.29032258064515,153.61290322580646,84.96774193548387,17.91548387,443.0
2020-12-05,4,12,2020,5,55000.0,6,6.799999999999995,2534348.5909999986,19906,2156.7999999999993,1978.5000000000002,5385,23863,5591,5385,2357,6825,1434839110.4899998,206896781.23000002,752930835.9699998,472227523.5500001,844.0361864896073,375.0764811490126,48.485,44.097500000000004,46.567499999999995,38983218,17409800,176.38709677419354,107.3225806451613,217.5,794,732.1,40100.05,90233,96767.2,46.500000000000014,15.700000000000003,6.425,,168.29032258064515,153.61290322580646,84.96774193548387,17.91548387,443.0
2020-12-06,4,12,2020,6,44400.0,9,6.799999999999995,2534348.5909999986,19906,2156.7999999999993,1978.5000000000002,5385,23863,5591,5385,2357,6825,1434839110.4899998,206896781.23000002,752930835.9699998,472227523.5500001,844.0361864896073,375.0764811490126,48.485,44.097500000000004,46.567499999999995,38983218,17409800,176.38709677419354,107.3225806451613,217.5,794,732.1,40100.05,90233,96767.2,46.500000000000014,15.700000000000003,6.425,,168.29032258064515,153.61290322580646,84.96774193548387,17.91548387,443.0
2020-12-07,4,12,2020,7,50000.0,36,6.799999999999995,2534348.5909999986,19906,2156.7999999999993,1978.5000000000002,5385,23863,5591,5385,2357,6825,1434839110.4899998,206896781.23000002,752930835.9699998,472227523.5500001,844.0361864896073,375.0764811490126,48.485,44.097500000000004,46.567499999999995,38983218,17409800,176.38709677419354,107.3225806451613,217.5,794,732.1,40100.05,90233,96767.2,46.500000000000014,15.700000000000003,6.425,,168.29032258064515,153.61290322580646,84.96774193548387,17.91548387,443.0
2020-12-08,4,12,2020,8,50000.0,35,6.799999999999995,2534348.5909999986,19906,2156.7999999999993,1978.5000000000002,5385,23863,5591,5385,2357,6825,1434839110.4899998,206896781.23000002,752930835.9699998,472227523.5500001,844.0361864896073,375.0764811490126,48.485,44.097500000000004,46.567499999999995,38983218,17409800,176.38709677419354,107.3225806451613,217.5,794,732.1,40100.05,90233,96767.2,46.500000000000014,15.700000000000003,6.425,,168.29032258064515,153.61290322580646,84.96774193548387,17.91548387,443.0
2020-12-09,4,12,2020,9,50000.0,33,6.799999999999995,2534348.5909999986,19906,2156.7999999999993,1978.5000000000002,5385,23863,5591,5385,2357,6825,1434839110.4899998,206896781.23000002,752930835.9699998,472227523.5500001,844.0361864896073,375.0764811490126,48.485,44.097500000000004,46.567499999999995,38983218,17409800,176.38709677419354,107.3225806451613,217.5,794,732.1,40100.05,90233,96767.2,46.500000000000014,15.700000000000003,6.425,,168.29032258064515,153.61290322580646,84.96774193548387,17.91548387,443.0
2020-12-10,4,12,2020,10,52500.0,21,6.799999999999995,2534348.5909999986,19906,2156.7999999999993,1978.5000000000002,5385,23863,5591,5385,2357,6825,1434839110.4899998,206896781.23000002,752930835.9699998,472227523.5500001,844.0361864896073,375.0764811490126,48.485,44.097500000000004,46.567499999999995,38983218,17409800,176.38709677419354,107.3225806451613,217.5,794,732.1,40100.05,90233,96767.2,46.500000000000014,15.700000000000003,6.425,,168.29032258064515,153.61290322580646,84.96774193548387,17.91548387,443.0
2020-12-11,4,12,2020,11,43250.0,20,6.799999999999995,2534348.5909999986,19906,2156.7999999999993,1978.5000000000002,5385,23863,5591,5385,2357,6825,1434839110.4899998,206896781.23000002,752930835.9699998,472227523.5500001,844.0361864896073,375.0764811490126,48.485,44.097500000000004,46.567499999999995,38983218,17409800,176.38709677419354,107.3225806451613,217.5,794,732.1,40100.05,90233,96767.2,46.500000000000014,15.700000000000003,6.425,,168.29032258064515,153.61290322580646,84.96774193548387,17.91548387,443.0
2020-12-12,4,12,2020,12,65000.0,5,6.799999999999995,2534348.5909999986,19906,2156.7999999999993,1978.5000000000002,5385,23863,5591,5385,2357,6825,1434839110.4899998,206896781.23000002,752930835.9699998,472227523.5500001,844.0361864896073,375.0764811490126,48.485,44.097500000000004,46.567499999999995,38983218,17409800,176.38709677419354,107.3225806451613,217.5,794,732.1,40100.05,90233,96767.2,46.500000000000014,15.700000000000003,6.425,,168.29032258064515,153.61290322580646,84.96774193548387,17.91548387,443.0
2020-12-13,4,12,2020,13,66250.0,12,6.799999999999995,2534348.5909999986,19906,2156.7999999999993,1978.5000000000002,5385,23863,5591,5385,2357,6825,1434839110.4899998,206896781.23000002,752930835.9699998,472227523.5500001,844.0361864896073,375.0764811490126,48.485,44.097500000000004,46.567499999999995,38983218,17409800,176.38709677419354,107.3225806451613,217.5,794,732.1,40100.05,90233,96767.2,46.500000000000014,15.700000000000003,6.425,,168.29032258064515,153.61290322580646,84.96774193548387,17.91548387,443.0
2020-12-14,4,12,2020,14,45000.0,35,6.799999999999995,2534348.5909999986,19906,2156.7999999999993,1978.5000000000002,5385,23863,5591,5385,2357,6825,1434839110.4899998,206896781.23000002,752930835.9699998,472227523.5500001,844.0361864896073,375.0764811490126,48.485,44.097500000000004,46.567499999999995,38983218,17409800,176.38709677419354,107.3225806451613,217.5,794,732.1,40100.05,90233,96767.2,46.500000000000014,15.700000000000003,6.425,,168.29032258064515,153.61290322580646,84.96774193548387,17.91548387,443.0
2020-12-15,4,12,2020,15,40000.0,33,6.799999999999995,2534348.5909999986,19906,2156.7999999999993,1978.5000000000002,5385,23863,5591,5385,2357,6825,1434839110.4899998,206896781.23000002,752930835.9699998,472227523.5500001,844.0361864896073,375.0764811490126,48.485,44.097500000000004,46.567499999999995,38983218,17409800,176.38709677419354,107.3225806451613,217.5,794,732.1,40100.05,90233,96767.2,46.500000000000014,15.700000000000003,6.425,,168.29032258064515,153.61290322580646,84.96774193548387,17.91548387,443.0
2020-12-16,4,12,2020,16,50000.0,27,6.799999999999995,2534348.5909999986,19906,2156.7999999999993,1978.5000000000002,5385,23863,5591,5385,2357,6825,1434839110.4899998,206896781.23000002,752930835.9699998,472227523.5500001,844.0361864896073,375.0764811490126,48.485,44.097500000000004,46.567499999999995,38983218,17409800,176.38709677419354,107.3225806451613,217.5,794,732.1,40100.05,90233,96767.2,46.500000000000014,15.700000000000003,6.425,,168.29032258064515,153.61290322580646,84.96774193548387,17.91548387,443.0
2020-12-17,4,12,2020,17,45000.0,35,6.799999999999995,2534348.5909999986,19906,2156.7999999999993,1978.5000000000002,5385,23863,5591,5385,2357,6825,1434839110.4899998,206896781.23000002,752930835.9699998,472227523.5500001,844.0361864896073,375.0764811490126,48.485,44.097500000000004,46.567499999999995,38983218,17409800,176.38709677419354,107.3225806451613,217.5,794,732.1,40100.05,90233,96767.2,46.500000000000014,15.700000000000003,6.425,,168.29032258064515,153.61290322580646,84.96774193548387,17.91548387,443.0
2020-12-18,4,12,2020,18,40000.0,19,6.799999999999995,2534348.5909999986,19906,2156.7999999999993,1978.5000000000002,5385,23863,5591,5385,2357,6825,1434839110.4899998,206896781.23000002,752930835.9699998,472227523.5500001,844.0361864896073,375.0764811490126,48.485,44.097500000000004,46.567499999999995,38983218,17409800,176.38709677419354,107.3225806451613,217.5,794,732.1,40100.05,90233,96767.2,46.500000000000014,15.700000000000003,6.425,,168.29032258064515,153.61290322580646,84.96774193548387,17.91548387,443.0
2020-12-19,4,12,2020,19,40000.0,3,6.799999999999995,2534348.5909999986,19906,2156.7999999999993,1978.5000000000002,5385,23863,5591,5385,2357,6825,1434839110.4899998,206896781.23000002,752930835.9699998,472227523.5500001,844.0361864896073,375.0764811490126,48.485,44.097500000000004,46.567499999999995,38983218,17409800,176.38709677419354,107.3225806451613,217.5,794,732.1,40100.05,90233,96767.2,46.500000000000014,15.700000000000003,6.425,,168.29032258064515,153.61290322580646,84.96774193548387,17.91548387,443.0
2020-12-20,4,12,2020,20,52500.0,8,6.799999999999995,2534348.5909999986,19906,2156.7999999999993,1978.5000000000002,5385,23863,5591,5385,2357,6825,1434839110.4899998,206896781.23000002,752930835.9699998,472227523.5500001,844.0361864896073,375.0764811490126,48.485,44.097500000000004,46.567499999999995,38983218,17409800,176.38709677419354,107.3225806451613,217.5,794,732.1,40100.05,90233,96767.2,46.500000000000014,15.700000000000003,6.425,,168.29032258064515,153.61290322580646,84.96774193548387,17.91548387,443.0
2020-12-21,4,12,2020,21,40000.0,30,6.799999999999995,2534348.5909999986,19906,2156.7999999999993,1978.5000000000002,5385,23863,5591,5385,2357,6825,1434839110.4899998,206896781.23000002,752930835.9699998,472227523.5500001,844.0361864896073,375.0764811490126,48.485,44.097500000000004,46.567499999999995,38983218,17409800,176.38709677419354,107.3225806451613,217.5,794,732.1,40100.05,90233,96767.2,46.500000000000014,15.700000000000003,6.425,,168.29032258064515,153.61290322580646,84.96774193548387,17.91548387,443.0
2020-12-22,4,12,2020,22,50000.0,26,6.799999999999995,2534348.5909999986,19906,2156.7999999999993,1978.5000000000002,5385,23863,5591,5385,2357,6825,1434839110.4899998,206896781.23000002,752930835.9699998,472227523.5500001,844.0361864896073,375.0764811490126,48.485,44.097500000000004,46.567499999999995,38983218,17409800,176.38709677419354,107.3225806451613,217.5,794,732.1,40100.05,90233,96767.2,46.500000000000014,15.700000000000003,6.425,,168.29032258064515,153.61290322580646,84.96774193548387,17.91548387,443.0
2020-12-23,4,12,2020,23,50000.0,23,6.799999999999995,2534348.5909999986,19906,2156.7999999999993,1978.5000000000002,5385,23863,5591,5385,2357,6825,1434839110.4899998,206896781.23000002,752930835.9699998,472227523.5500001,844.0361864896073,375.0764811490126,48.485,44.097500000000004,46.567499999999995,38983218,17409800,176.38709677419354,107.3225806451613,217.5,794,732.1,40100.05,90233,96767.2,46.500000000000014,15.700000000000003,6.425,,168.29032258064515,153.61290322580646,84.96774193548387,17.91548387,443.0
2020-12-24,4,12,2020,24,45000.0,28,6.799999999999995,2534348.5909999986,19906,2156.7999999999993,1978.5000000000002,5385,23863,5591,5385,2357,6825,1434839110.4899998,206896781.23000002,752930835.9699998,472227523.5500001,844.0361864896073,375.0764811490126,48.485,44.097500000000004,46.567499999999995,38983218,17409800,176.38709677419354,107.3225806451613,217.5,794,732.1,40100.05,90233,96767.2,46.500000000000014,15.700000000000003,6.425,,168.29032258064515,153.61290322580646,84.96774193548387,17.91548387,443.0
2020-12-25,4,12,2020,25,45000.0,19,6.799999999999995,2534348.5909999986,19906,2156.7999999999993,1978.5000000000002,5385,23863,5591,5385,2357,6825,1434839110.4899998,206896781.23000002,752930835.9699998,472227523.5500001,844.0361864896073,375.0764811490126,48.485,44.097500000000004,46.567499999999995,38983218,17409800,176.38709677419354,107.3225806451613,217.5,794,732.1,40100.05,90233,96767.2,46.500000000000014,15.700000000000003,6.425,,168.29032258064515,153.61290322580646,84.96774193548387,17.91548387,443.0
2020-12-26,4,12,2020,26,52500.0,1,6.799999999999995,2534348.5909999986,19906,2156.7999999999993,1978.5000000000002,5385,23863,5591,5385,2357,6825,1434839110.4899998,206896781.23000002,752930835.9699998,472227523.5500001,844.0361864896073,375.0764811490126,48.485,44.097500000000004,46.567499999999995,38983218,17409800,176.38709677419354,107.3225806451613,217.5,794,732.1,40100.05,90233,96767.2,46.500000000000014,15.700000000000003,6.425,,168.29032258064515,153.61290322580646,84.96774193548387,17.91548387,443.0
2020-12-27,4,12,2020,27,62500.0,5,6.799999999999995,2534348.5909999986,19906,2156.7999999999993,1978.5000000000002,5385,23863,5591,5385,2357,6825,1434839110.4899998,206896781.23000002,752930835.9699998,472227523.5500001,844.0361864896073,375.0764811490126,48.485,44.097500000000004,46.567499999999995,38983218,17409800,176.38709677419354,107.3225806451613,217.5,794,732.1,40100.05,90233,96767.2,46.500000000000014,15.700000000000003,6.425,,168.29032258064515,153.61290322580646,84.96774193548387,17.91548387,443.0
2020-12-28,4,12,2020,28,50000.0,37,6.799999999999995,2534348.5909999986,19906,2156.7999999999993,1978.5000000000002,5385,23863,5591,5385,2357,6825,1434839110.4899998,206896781.23000002,752930835.9699998,472227523.5500001,844.0361864896073,375.0764811490126,48.485,44.097500000000004,46.567499999999995,38983218,17409800,176.38709677419354,107.3225806451613,217.5,794,732.1,40100.05,90233,96767.2,46.500000000000014,15.700000000000003,6.425,,168.29032258064515,153.61290322580646,84.96774193548387,17.91548387,443.0
2020-12-29,4,12,2020,29,42500.0,17,6.799999999999995,2534348.5909999986,19906,2156.7999999999993,1978.5000000000002,5385,23863,5591,5385,2357,6825,1434839110.4899998,206896781.23000002,752930835.9699998,472227523.5500001,844.0361864896073,375.0764811490126,48.485,44.097500000000004,46.567499999999995,38983218,17409800,176.38709677419354,107.3225806451613,217.5,794,732.1,40100.05,90233,96767.2,46.500000000000014,15.700000000000003,6.425,,168.29032258064515,153.61290322580646,84.96774193548387,17.91548387,443.0
2020-12-30,4,12,2020,30,46250.0,14,6.799999999999995,2534348.5909999986,19906,2156.7999999999993,1978.5000000000002,5385,23863,5591,5385,2357,6825,1434839110.4899998,206896781.23000002,752930835.9699998,472227523.5500001,844.0361864896073,375.0764811490126,48.485,44.097500000000004,46.567499999999995,38983218,17409800,176.38709677419354,107.3225806451613,217.5,794,732.1,40100.05,90233,96767.2,46.500000000000014,15.700000000000003,6.425,,168.29032258064515,153.61290322580646,84.96774193548387,17.91548387,443.0
2020-12-31,4,12,2020,31,50000.0,4,6.799999999999995,2534348.5909999986,19906,2156.7999999999993,1978.5000000000002,5385,23863,5591,5385,2357,6825,1434839110.4899998,206896781.23000002,752930835.9699998,472227523.5500001,844.0361864896073,375.0764811490126,48.485,44.097500000000004,46.567499999999995,38983218,17409800,176.38709677419354,107.3225806451613,217.5,794,732.1,40100.05,90233,96767.2,46.500000000000014,15.700000000000003,6.425,,168.29032258064515,153.61290322580646,84.96774193548387,17.91548387,443.0
2021-01-01,1,1,2021,1,50000.0,1,9.1,2466067.387999998,18833,,1029.3,2904,28949,5086,2904,1226,3304,370696496.4,12662933.15,355311257.46,2704067.3,511.4086611924312,167.12667837938562,48.5225,44.3025,46.7225,23874261,7847851,149.1290322580645,96.6774193548387,213.8,819.7,712.9,32906.5,98433.5,108762.55,106.8,23.1,4.24,,125.3225806451613,145.06451612903226,93.70967741935483,18.49387097,594.0
2021-01-02,1,1,2021,2,56000.0,1,9.1,2466067.387999998,18833,,1029.3,2904,28949,5086,2904,1226,3304,370696496.4,12662933.15,355311257.46,2704067.3,511.4086611924312,167.12667837938562,48.5225,44.3025,46.7225,23874261,7847851,149.1290322580645,96.6774193548387,213.8,819.7,712.9,32906.5,98433.5,108762.55,106.8,23.1,4.24,,125.3225806451613,145.06451612903226,93.70967741935483,18.49387097,594.0
2021-01-04,1,1,2021,4,50000.0,7,9.1,2466067.387999998,18833,,1029.3,2904,28949,5086,2904,1226,3304,370696496.4,12662933.15,355311257.46,2704067.3,511.4086611924312,167.12667837938562,48.5225,44.3025,46.7225,23874261,7847851,149.1290322580645,96.6774193548387,213.8,819.7,712.9,32906.5,98433.5,108762.55,106.8,23.1,4.24,,125.3225806451613,145.06451612903226,93.70967741935483,18.49387097,594.0
2021-01-05,1,1,2021,5,40000.0,1,9.1,2466067.387999998,18833,,1029.3,2904,28949,5086,2904,1226,3304,370696496.4,12662933.15,355311257.46,2704067.3,511.4086611924312,167.12667837938562,48.5225,44.3025,46.7225,23874261,7847851,149.1290322580645,96.6774193548387,213.8,819.7,712.9,32906.5,98433.5,108762.55,106.8,23.1,4.24,,125.3225806451613,145.06451612903226,93.70967741935483,18.49387097,594.0
2021-01-06,1,1,2021,6,50000.0,5,9.1,2466067.387999998,18833,,1029.3,2904,28949,5086,2904,1226,3304,370696496.4,12662933.15,355311257.46,2704067.3,511.4086611924312,167.12667837938562,48.5225,44.3025,46.7225,23874261,7847851,149.1290322580645,96.6774193548387,213.8,819.7,712.9,32906.5,98433.5,108762.55,106.8,23.1,4.24,,125.3225806451613,145.06451612903226,93.70967741935483,18.49387097,594.0
2021-01-07,1,1,2021,7,86250.0,8,9.1,2466067.387999998,18833,,1029.3,2904,28949,5086,2904,1226,3304,370696496.4,12662933.15,355311257.46,2704067.3,511.4086611924312,167.12667837938562,48.5225,44.3025,46.7225,23874261,7847851,149.1290322580645,96.6774193548387,213.8,819.7,712.9,32906.5,98433.5,108762.55,106.8,23.1,4.24,,125.3225806451613,145.06451612903226,93.70967741935483,18.49387097,594.0
2021-01-08,1,1,2021,8,50000.0,13,9.1,2466067.387999998,18833,,1029.3,2904,28949,5086,2904,1226,3304,370696496.4,12662933.15,355311257.46,2704067.3,511.4086611924312,167.12667837938562,48.5225,44.3025,46.7225,23874261,7847851,149.1290322580645,96.6774193548387,213.8,819.7,712.9,32906.5,98433.5,108762.55,106.8,23.1,4.24,,125.3225806451613,145.06451612903226,93.70967741935483,18.49387097,594.0
2021-01-09,1,1,2021,9,60000.0,9,9.1,2466067.387999998,18833,,1029.3,2904,28949,5086,2904,1226,3304,370696496.4,12662933.15,355311257.46,2704067.3,511.4086611924312,167.12667837938562,48.5225,44.3025,46.7225,23874261,7847851,149.1290322580645,96.6774193548387,213.8,819.7,712.9,32906.5,98433.5,108762.55,106.8,23.1,4.24,,125.3225806451613,145.06451612903226,93.70967741935483,18.49387097,594.0
2021-01-10,1,1,2021,10,70000.0,5,9.1,2466067.387999998,18833,,1029.3,2904,28949,5086,2904,1226,3304,370696496.4,12662933.15,355311257.46,2704067.3,511.4086611924312,167.12667837938562,48.5225,44.3025,46.7225,23874261,7847851,149.1290322580645,96.6774193548387,213.8,819.7,712.9,32906.5,98433.5,108762.55,106.8,23.1,4.24,,125.3225806451613,145.06451612903226,93.70967741935483,18.49387097,594.0
2021-01-11,1,1,2021,11,52500.0,57,9.1,2466067.387999998,18833,,1029.3,2904,28949,5086,2904,1226,3304,370696496.4,12662933.15,355311257.46,2704067.3,511.4086611924312,167.12667837938562,48.5225,44.3025,46.7225,23874261,7847851,149.1290322580645,96.6774193548387,213.8,819.7,712.9,32906.5,98433.5,108762.55,106.8,23.1,4.24,,125.3225806451613,145.06451612903226,93.70967741935483,18.49387097,594.0
2021-01-12,1,1,2021,12,44000.0,62,9.1,2466067.387999998,18833,,1029.3,2904,28949,5086,2904,1226,3304,370696496.4,12662933.15,355311257.46,2704067.3,511.4086611924312,167.12667837938562,48.5225,44.3025,46.7225,23874261,7847851,149.1290322580645,96.6774193548387,213.8,819.7,712.9,32906.5,98433.5,108762.55,106.8,23.1,4.24,,125.3225806451613,145.06451612903226,93.70967741935483,18.49387097,594.0
2021-01-13,1,1,2021,13,50000.0,49,9.1,2466067.387999998,18833,,1029.3,2904,28949,5086,2904,1226,3304,370696496.4,12662933.15,355311257.46,2704067.3,511.4086611924312,167.12667837938562,48.5225,44.3025,46.7225,23874261,7847851,149.1290322580645,96.6774193548387,213.8,819.7,712.9,32906.5,98433.5,108762.55,106.8,23.1,4.24,,125.3225806451613,145.06451612903226,93.70967741935483,18.49387097,594.0
2021-01-14,1,1,2021,14,47500.0,34,9.1,2466067.387999998,18833,,1029.3,2904,28949,5086,2904,1226,3304,370696496.4,12662933.15,355311257.46,2704067.3,511.4086611924312,167.12667837938562,48.5225,44.3025,46.7225,23874261,7847851,149.1290322580645,96.6774193548387,213.8,819.7,712.9,32906.5,98433.5,108762.55,106.8,23.1,4.24,,125.3225806451613,145.06451612903226,93.70967741935483,18.49387097,594.0
2021-01-15,1,1,2021,15,50000.0,31,9.1,2466067.387999998,18833,,1029.3,2904,28949,5086,2904,1226,3304,370696496.4,12662933.15,355311257.46,2704067.3,511.4086611924312,167.12667837938562,48.5225,44.3025,46.7225,23874261,7847851,149.1290322580645,96.6774193548387,213.8,819.7,712.9,32906.5,98433.5,108762.55,106.8,23.1,4.24,,125.3225806451613,145.06451612903226,93.70967741935483,18.49387097,594.0
2021-01-16,1,1,2021,16,60000.0,8,9.1,2466067.387999998,18833,,1029.3,2904,28949,5086,2904,1226,3304,370696496.4,12662933.15,355311257.46,2704067.3,511.4086611924312,167.12667837938562,48.5225,44.3025,46.7225,23874261,7847851,149.1290322580645,96.6774193548387,213.8,819.7,712.9,32906.5,98433.5,108762.55,106.8,23.1,4.24,,125.3225806451613,145.06451612903226,93.70967741935483,18.49387097,594.0
2021-01-17,1,1,2021,17,42500.0,5,9.1,2466067.387999998,18833,,1029.3,2904,28949,5086,2904,1226,3304,370696496.4,12662933.15,355311257.46,2704067.3,511.4086611924312,167.12667837938562,48.5225,44.3025,46.7225,23874261,7847851,149.1290322580645,96.6774193548387,213.8,819.7,712.9,32906.5,98433.5,108762.55,106.8,23.1,4.24,,125.3225806451613,145.06451612903226,93.70967741935483,18.49387097,594.0
2021-01-18,1,1,2021,18,48750.0,50,9.1,2466067.387999998,18833,,1029.3,2904,28949,5086,2904,1226,3304,370696496.4,12662933.15,355311257.46,2704067.3,511.4086611924312,167.12667837938562,48.5225,44.3025,46.7225,23874261,7847851,149.1290322580645,96.6774193548387,213.8,819.7,712.9,32906.5,98433.5,108762.55,106.8,23.1,4.24,,125.3225806451613,145.06451612903226,93.70967741935483,18.49387097,594.0
2021-01-19,1,1,2021,19,50000.0,32,9.1,2466067.387999998,18833,,1029.3,2904,28949,5086,2904,1226,3304,370696496.4,12662933.15,355311257.46,2704067.3,511.4086611924312,167.12667837938562,48.5225,44.3025,46.7225,23874261,7847851,149.1290322580645,96.6774193548387,213.8,819.7,712.9,32906.5,98433.5,108762.55,106.8,23.1,4.24,,125.3225806451613,145.06451612903226,93.70967741935483,18.49387097,594.0
2021-01-20,1,1,2021,20,45000.0,34,9.1,2466067.387999998,18833,,1029.3,2904,28949,5086,2904,1226,3304,370696496.4,12662933.15,355311257.46,2704067.3,511.4086611924312,167.12667837938562,48.5225,44.3025,46.7225,23874261,7847851,149.1290322580645,96.6774193548387,213.8,819.7,712.9,32906.5,98433.5,108762.55,106.8,23.1,4.24,,125.3225806451613,145.06451612903226,93.70967741935483,18.49387097,594.0
2021-01-21,1,1,2021,21,50000.0,32,9.1,2466067.387999998,18833,,1029.3,2904,28949,5086,2904,1226,3304,370696496.4,12662933.15,355311257.46,2704067.3,511.4086611924312,167.12667837938562,48.5225,44.3025,46.7225,23874261,7847851,149.1290322580645,96.6774193548387,213.8,819.7,712.9,32906.5,98433.5,108762.55,106.8,23.1,4.24,,125.3225806451613,145.06451612903226,93.70967741935483,18.49387097,594.0
2021-01-22,1,1,2021,22,45000.0,31,9.1,2466067.387999998,18833,,1029.3,2904,28949,5086,2904,1226,3304,370696496.4,12662933.15,355311257.46,2704067.3,511.4086611924312,167.12667837938562,48.5225,44.3025,46.7225,23874261,7847851,149.1290322580645,96.6774193548387,213.8,819.7,712.9,32906.5,98433.5,108762.55,106.8,23.1,4.24,,125.3225806451613,145.06451612903226,93.70967741935483,18.49387097,594.0
2021-01-23,1,1,2021,23,58000.0,8,9.1,2466067.387999998,18833,,1029.3,2904,28949,5086,2904,1226,3304,370696496.4,12662933.15,355311257.46,2704067.3,511.4086611924312,167.12667837938562,48.5225,44.3025,46.7225,23874261,7847851,149.1290322580645,96.6774193548387,213.8,819.7,712.9,32906.5,98433.5,108762.55,106.8,23.1,4.24,,125.3225806451613,145.06451612903226,93.70967741935483,18.49387097,594.0
2021-01-24,1,1,2021,24,55000.0,4,9.1,2466067.387999998,18833,,1029.3,2904,28949,5086,2904,1226,3304,370696496.4,12662933.15,355311257.46,2704067.3,511.4086611924312,167.12667837938562,48.5225,44.3025,46.7225,23874261,7847851,149.1290322580645,96.6774193548387,213.8,819.7,712.9,32906.5,98433.5,108762.55,106.8,23.1,4.24,,125.3225806451613,145.06451612903226,93.70967741935483,18.49387097,594.0
2021-01-25,1,1,2021,25,45000.0,48,9.1,2466067.387999998,18833,,1029.3,2904,28949,5086,2904,1226,3304,370696496.4,12662933.15,355311257.46,2704067.3,511.4086611924312,167.12667837938562,48.5225,44.3025,46.7225,23874261,7847851,149.1290322580645,96.6774193548387,213.8,819.7,712.9,32906.5,98433.5,108762.55,106.8,23.1,4.24,,125.3225806451613,145.06451612903226,93.70967741935483,18.49387097,594.0
2021-01-26,1,1,2021,26,54625.0,26,9.1,2466067.387999998,18833,,1029.3,2904,28949,5086,2904,1226,3304,370696496.4,12662933.15,355311257.46,2704067.3,511.4086611924312,167.12667837938562,48.5225,44.3025,46.7225,23874261,7847851,149.1290322580645,96.6774193548387,213.8,819.7,712.9,32906.5,98433.5,108762.55,106.8,23.1,4.24,,125.3225806451613,145.06451612903226,93.70967741935483,18.49387097,594.0
2021-01-27,1,1,2021,27,41750.0,40,9.1,2466067.387999998,18833,,1029.3,2904,28949,5086,2904,1226,3304,370696496.4,12662933.15,355311257.46,2704067.3,511.4086611924312,167.12667837938562,48.5225,44.3025,46.7225,23874261,7847851,149.1290322580645,96.6774193548387,213.8,819.7,712.9,32906.5,98433.5,108762.55,106.8,23.1,4.24,,125.3225806451613,145.06451612903226,93.70967741935483,18.49387097,594.0
2021-01-28,1,1,2021,28,50000.0,26,9.1,2466067.387999998,18833,,1029.3,2904,28949,5086,2904,1226,3304,370696496.4,12662933.15,355311257.46,2704067.3,511.4086611924312,167.12667837938562,48.5225,44.3025,46.7225,23874261,7847851,149.1290322580645,96.6774193548387,213.8,819.7,712.9,32906.5,98433.5,108762.55,106.8,23.1,4.24,,125.3225806451613,145.06451612903226,93.70967741935483,18.49387097,594.0
2021-01-29,1,1,2021,29,46250.0,26,9.1,2466067.387999998,18833,,1029.3,2904,28949,5086,2904,1226,3304,370696496.4,12662933.15,355311257.46,2704067.3,511.4086611924312,167.12667837938562,48.5225,44.3025,46.7225,23874261,7847851,149.1290322580645,96.6774193548387,213.8,819.7,712.9,32906.5,98433.5,108762.55,106.8,23.1,4.24,,125.3225806451613,145.06451612903226,93.70967741935483,18.49387097,594.0
2021-01-30,1,1,2021,30,93750.0,6,9.1,2466067.387999998,18833,,1029.3,2904,28949,5086,2904,1226,3304,370696496.4,12662933.15,355311257.46,2704067.3,511.4086611924312,167.12667837938562,48.5225,44.3025,46.7225,23874261,7847851,149.1290322580645,96.6774193548387,213.8,819.7,712.9,32906.5,98433.5,108762.55,106.8,23.1,4.24,,125.3225806451613,145.06451612903226,93.70967741935483,18.49387097,594.0
2021-01-31,1,1,2021,31,44000.0,7,9.1,2466067.387999998,18833,,1029.3,2904,28949,5086,2904,1226,3304,370696496.4,12662933.15,355311257.46,2704067.3,511.4086611924312,167.12667837938562,48.5225,44.3025,46.7225,23874261,7847851,149.1290322580645,96.6774193548387,213.8,819.7,712.9,32906.5,98433.5,108762.55,106.8,23.1,4.24,,125.3225806451613,145.06451612903226,93.70967741935483,18.49387097,594.0
2021-02-01,1,2,2021,1,50000.0,34,9.1,2336800.4129999983,18053,,1029.3,4256,31514,2565,4256,1747,4889,213898469.73000002,25655339.090000004,176694978.11,11406574.379999999,511.4086611924312,167.12667837938562,48.715,44.5525,46.9325,23874261,7847851,171.39285714285714,102.92857142857143,234.1,918.1,720.9,37125.7,95635.5,84402.7,106.8,23.1,6.3,,145.53571428571428,169.10714285714286,102.10714285714286,20.31464286,594.0
2021-02-02,1,2,2021,2,50000.0,45,9.1,2336800.4129999983,18053,,1029.3,4256,31514,2565,4256,1747,4889,213898469.73000002,25655339.090000004,176694978.11,11406574.379999999,511.4086611924312,167.12667837938562,48.715,44.5525,46.9325,23874261,7847851,171.39285714285714,102.92857142857143,234.1,918.1,720.9,37125.7,95635.5,84402.7,106.8,23.1,6.3,,145.53571428571428,169.10714285714286,102.10714285714286,20.31464286,594.0
2021-02-03,1,2,2021,3,50000.0,26,9.1,2336800.4129999983,18053,,1029.3,4256,31514,2565,4256,1747,4889,213898469.73000002,25655339.090000004,176694978.11,11406574.379999999,511.4086611924312,167.12667837938562,48.715,44.5525,46.9325,23874261,7847851,171.39285714285714,102.92857142857143,234.1,918.1,720.9,37125.7,95635.5,84402.7,106.8,23.1,6.3,,145.53571428571428,169.10714285714286,102.10714285714286,20.31464286,594.0
2021-02-04,1,2,2021,4,50000.0,43,9.1,2336800.4129999983,18053,,1029.3,4256,31514,2565,4256,1747,4889,213898469.73000002,25655339.090000004,176694978.11,11406574.379999999,511.4086611924312,167.12667837938562,48.715,44.5525,46.9325,23874261,7847851,171.39285714285714,102.92857142857143,234.1,918.1,720.9,37125.7,95635.5,84402.7,106.8,23.1,6.3,,145.53571428571428,169.10714285714286,102.10714285714286,20.31464286,594.0
2021-02-05,1,2,2021,5,40000.0,24,9.1,2336800.4129999983,18053,,1029.3,4256,31514,2565,4256,1747,4889,213898469.73000002,25655339.090000004,176694978.11,11406574.379999999,511.4086611924312,167.12667837938562,48.715,44.5525,46.9325,23874261,7847851,171.39285714285714,102.92857142857143,234.1,918.1,720.9,37125.7,95635.5,84402.7,106.8,23.1,6.3,,145.53571428571428,169.10714285714286,102.10714285714286,20.31464286,594.0
2021-02-06,1,2,2021,6,55000.0,7,9.1,2336800.4129999983,18053,,1029.3,4256,31514,2565,4256,1747,4889,213898469.73000002,25655339.090000004,176694978.11,11406574.379999999,511.4086611924312,167.12667837938562,48.715,44.5525,46.9325,23874261,7847851,171.39285714285714,102.92857142857143,234.1,918.1,720.9,37125.7,95635.5,84402.7,106.8,23.1,6.3,,145.53571428571428,169.10714285714286,102.10714285714286,20.31464286,594.0
2021-02-07,1,2,2021,7,55000.0,18,9.1,2336800.4129999983,18053,,1029.3,4256,31514,2565,4256,1747,4889,213898469.73000002,25655339.090000004,176694978.11,11406574.379999999,511.4086611924312,167.12667837938562,48.715,44.5525,46.9325,23874261,7847851,171.39285714285714,102.92857142857143,234.1,918.1,720.9,37125.7,95635.5,84402.7,106.8,23.1,6.3,,145.53571428571428,169.10714285714286,102.10714285714286,20.31464286,594.0
2021-02-08,1,2,2021,8,50000.0,65,9.1,2336800.4129999983,18053,,1029.3,4256,31514,2565,4256,1747,4889,213898469.73000002,25655339.090000004,176694978.11,11406574.379999999,511.4086611924312,167.12667837938562,48.715,44.5525,46.9325,23874261,7847851,171.39285714285714,102.92857142857143,234.1,918.1,720.9,37125.7,95635.5,84402.7,106.8,23.1,6.3,,145.53571428571428,169.10714285714286,102.10714285714286,20.31464286,594.0
2021-02-09,1,2,2021,9,50000.0,43,9.1,2336800.4129999983,18053,,1029.3,4256,31514,2565,4256,1747,4889,213898469.73000002,25655339.090000004,176694978.11,11406574.379999999,511.4086611924312,167.12667837938562,48.715,44.5525,46.9325,23874261,7847851,171.39285714285714,102.92857142857143,234.1,918.1,720.9,37125.7,95635.5,84402.7,106.8,23.1,6.3,,145.53571428571428,169.10714285714286,102.10714285714286,20.31464286,594.0
2021-02-10,1,2,2021,10,50000.0,44,9.1,2336800.4129999983,18053,,1029.3,4256,31514,2565,4256,1747,4889,213898469.73000002,25655339.090000004,176694978.11,11406574.379999999,511.4086611924312,167.12667837938562,48.715,44.5525,46.9325,23874261,7847851,171.39285714285714,102.92857142857143,234.1,918.1,720.9,37125.7,95635.5,84402.7,106.8,23.1,6.3,,145.53571428571428,169.10714285714286,102.10714285714286,20.31464286,594.0
2021-02-11,1,2,2021,11,51250.0,40,9.1,2336800.4129999983,18053,,1029.3,4256,31514,2565,4256,1747,4889,213898469.73000002,25655339.090000004,176694978.11,11406574.379999999,511.4086611924312,167.12667837938562,48.715,44.5525,46.9325,23874261,7847851,171.39285714285714,102.92857142857143,234.1,918.1,720.9,37125.7,95635.5,84402.7,106.8,23.1,6.3,,145.53571428571428,169.10714285714286,102.10714285714286,20.31464286,594.0
2021-02-12,1,2,2021,12,48750.0,28,9.1,2336800.4129999983,18053,,1029.3,4256,31514,2565,4256,1747,4889,213898469.73000002,25655339.090000004,176694978.11,11406574.379999999,511.4086611924312,167.12667837938562,48.715,44.5525,46.9325,23874261,7847851,171.39285714285714,102.92857142857143,234.1,918.1,720.9,37125.7,95635.5,84402.7,106.8,23.1,6.3,,145.53571428571428,169.10714285714286,102.10714285714286,20.31464286,594.0
2021-02-13,1,2,2021,13,110000.0,7,9.1,2336800.4129999983,18053,,1029.3,4256,31514,2565,4256,1747,4889,213898469.73000002,25655339.090000004,176694978.11,11406574.379999999,511.4086611924312,167.12667837938562,48.715,44.5525,46.9325,23874261,7847851,171.39285714285714,102.92857142857143,234.1,918.1,720.9,37125.7,95635.5,84402.7,106.8,23.1,6.3,,145.53571428571428,169.10714285714286,102.10714285714286,20.31464286,594.0
2021-02-14,1,2,2021,14,58750.0,10,9.1,2336800.4129999983,18053,,1029.3,4256,31514,2565,4256,1747,4889,213898469.73000002,25655339.090000004,176694978.11,11406574.379999999,511.4086611924312,167.12667837938562,48.715,44.5525,46.9325,23874261,7847851,171.39285714285714,102.92857142857143,234.1,918.1,720.9,37125.7,95635.5,84402.7,106.8,23.1,6.3,,145.53571428571428,169.10714285714286,102.10714285714286,20.31464286,594.0
2021-02-15,1,2,2021,15,50000.0,47,9.1,2336800.4129999983,18053,,1029.3,4256,31514,2565,4256,1747,4889,213898469.73000002,25655339.090000004,176694978.11,11406574.379999999,511.4086611924312,167.12667837938562,48.715,44.5525,46.9325,23874261,7847851,171.39285714285714,102.92857142857143,234.1,918.1,720.9,37125.7,95635.5,84402.7,106.8,23.1,6.3,,145.53571428571428,169.10714285714286,102.10714285714286,20.31464286,594.0
2021-02-16,1,2,2021,16,50000.0,36,9.1,2336800.4129999983,18053,,1029.3,4256,31514,2565,4256,1747,4889,213898469.73000002,25655339.090000004,176694978.11,11406574.379999999,511.4086611924312,167.12667837938562,48.715,44.5525,46.9325,23874261,7847851,171.39285714285714,102.92857142857143,234.1,918.1,720.9,37125.7,95635.5,84402.7,106.8,23.1,6.3,,145.53571428571428,169.10714285714286,102.10714285714286,20.31464286,594.0
2021-02-17,1,2,2021,17,50000.0,43,9.1,2336800.4129999983,18053,,1029.3,4256,31514,2565,4256,1747,4889,213898469.73000002,25655339.090000004,176694978.11,11406574.379999999,511.4086611924312,167.12667837938562,48.715,44.5525,46.9325,23874261,7847851,171.39285714285714,102.92857142857143,234.1,918.1,720.9,37125.7,95635.5,84402.7,106.8,23.1,6.3,,145.53571428571428,169.10714285714286,102.10714285714286,20.31464286,594.0
2021-02-18,1,2,2021,18,46250.0,34,9.1,2336800.4129999983,18053,,1029.3,4256,31514,2565,4256,1747,4889,213898469.73000002,25655339.090000004,176694978.11,11406574.379999999,511.4086611924312,167.12667837938562,48.715,44.5525,46.9325,23874261,7847851,171.39285714285714,102.92857142857143,234.1,918.1,720.9,37125.7,95635.5,84402.7,106.8,23.1,6.3,,145.53571428571428,169.10714285714286,102.10714285714286,20.31464286,594.0
2021-02-19,1,2,2021,19,60000.0,23,9.1,2336800.4129999983,18053,,1029.3,4256,31514,2565,4256,1747,4889,213898469.73000002,25655339.090000004,176694978.11,11406574.379999999,511.4086611924312,167.12667837938562,48.715,44.5525,46.9325,23874261,7847851,171.39285714285714,102.92857142857143,234.1,918.1,720.9,37125.7,95635.5,84402.7,106.8,23.1,6.3,,145.53571428571428,169.10714285714286,102.10714285714286,20.31464286,594.0
2021-02-20,1,2,2021,20,50000.0,25,9.1,2336800.4129999983,18053,,1029.3,4256,31514,2565,4256,1747,4889,213898469.73000002,25655339.090000004,176694978.11,11406574.379999999,511.4086611924312,167.12667837938562,48.715,44.5525,46.9325,23874261,7847851,171.39285714285714,102.92857142857143,234.1,918.1,720.9,37125.7,95635.5,84402.7,106.8,23.1,6.3,,145.53571428571428,169.10714285714286,102.10714285714286,20.31464286,594.0
2021-02-21,1,2,2021,21,53750.0,12,9.1,2336800.4129999983,18053,,1029.3,4256,31514,2565,4256,1747,4889,213898469.73000002,25655339.090000004,176694978.11,11406574.379999999,511.4086611924312,167.12667837938562,48.715,44.5525,46.9325,23874261,7847851,171.39285714285714,102.92857142857143,234.1,918.1,720.9,37125.7,95635.5,84402.7,106.8,23.1,6.3,,145.53571428571428,169.10714285714286,102.10714285714286,20.31464286,594.0
2021-02-22,1,2,2021,22,65000.0,17,9.1,2336800.4129999983,18053,,1029.3,4256,31514,2565,4256,1747,4889,213898469.73000002,25655339.090000004,176694978.11,11406574.379999999,511.4086611924312,167.12667837938562,48.715,44.5525,46.9325,23874261,7847851,171.39285714285714,102.92857142857143,234.1,918.1,720.9,37125.7,95635.5,84402.7,106.8,23.1,6.3,,145.53571428571428,169.10714285714286,102.10714285714286,20.31464286,594.0
2021-02-23,1,2,2021,23,61250.0,18,9.1,2336800.4129999983,18053,,1029.3,4256,31514,2565,4256,1747,4889,213898469.73000002,25655339.090000004,176694978.11,11406574.379999999,511.4086611924312,167.12667837938562,48.715,44.5525,46.9325,23874261,7847851,171.39285714285714,102.92857142857143,234.1,918.1,720.9,37125.7,95635.5,84402.7,106.8,23.1,6.3,,145.53571428571428,169.10714285714286,102.10714285714286,20.31464286,594.0
2021-02-24,1,2,2021,24,50000.0,54,9.1,2336800.4129999983,18053,,1029.3,4256,31514,2565,4256,1747,4889,213898469.73000002,25655339.090000004,176694978.11,11406574.379999999,511.4086611924312,167.12667837938562,48.715,44.5525,46.9325,23874261,7847851,171.39285714285714,102.92857142857143,234.1,918.1,720.9,37125.7,95635.5,84402.7,106.8,23.1,6.3,,145.53571428571428,169.10714285714286,102.10714285714286,20.31464286,594.0
2021-02-25,1,2,2021,25,50000.0,49,9.1,2336800.4129999983,18053,,1029.3,4256,31514,2565,4256,1747,4889,213898469.73000002,25655339.090000004,176694978.11,11406574.379999999,511.4086611924312,167.12667837938562,48.715,44.5525,46.9325,23874261,7847851,171.39285714285714,102.92857142857143,234.1,918.1,720.9,37125.7,95635.5,84402.7,106.8,23.1,6.3,,145.53571428571428,169.10714285714286,102.10714285714286,20.31464286,594.0
2021-02-26,1,2,2021,26,45000.0,29,9.1,2336800.4129999983,18053,,1029.3,4256,31514,2565,4256,1747,4889,213898469.73000002,25655339.090000004,176694978.11,11406574.379999999,511.4086611924312,167.12667837938562,48.715,44.5525,46.9325,23874261,7847851,171.39285714285714,102.92857142857143,234.1,918.1,720.9,37125.7,95635.5,84402.7,106.8,23.1,6.3,,145.53571428571428,169.10714285714286,102.10714285714286,20.31464286,594.0
2021-02-27,1,2,2021,27,40000.0,4,9.1,2336800.4129999983,18053,,1029.3,4256,31514,2565,4256,1747,4889,213898469.73000002,25655339.090000004,176694978.11,11406574.379999999,511.4086611924312,167.12667837938562,48.715,44.5525,46.9325,23874261,7847851,171.39285714285714,102.92857142857143,234.1,918.1,720.9,37125.7,95635.5,84402.7,106.8,23.1,6.3,,145.53571428571428,169.10714285714286,102.10714285714286,20.31464286,594.0
2021-02-28,1,2,2021,28,55000.0,14,9.1,2336800.4129999983,18053,,1029.3,4256,31514,2565,4256,1747,4889,213898469.73000002,25655339.090000004,176694978.11,11406574.379999999,511.4086611924312,167.12667837938562,48.715,44.5525,46.9325,23874261,7847851,171.39285714285714,102.92857142857143,234.1,918.1,720.9,37125.7,95635.5,84402.7,106.8,23.1,6.3,,145.53571428571428,169.10714285714286,102.10714285714286,20.31464286,594.0
2021-03-01,1,3,2021,1,50000.0,50,9.1,2475314.146999998,15576,,1029.3,5023,36132,4618,5023,1897,5841,619031634.61,61421934.65,428561737.04,128346943.63,511.4086611924312,167.12667837938562,49.0775,44.92999999999999,47.2175,23874261,7847851,193.2258064516129,113.12903225806451,302.45,969.44,731.9,32702.43,98710.57,79066.13,106.8,23.1,7.725,,143.48387096774192,187.5483870967742,109.41935483870968,18.09967742,594.0
2021-03-02,1,3,2021,2,53750.0,40,9.1,2475314.146999998,15576,,1029.3,5023,36132,4618,5023,1897,5841,619031634.61,61421934.65,428561737.04,128346943.63,511.4086611924312,167.12667837938562,49.0775,44.92999999999999,47.2175,23874261,7847851,193.2258064516129,113.12903225806451,302.45,969.44,731.9,32702.43,98710.57,79066.13,106.8,23.1,7.725,,143.48387096774192,187.5483870967742,109.41935483870968,18.09967742,594.0
2021-03-03,1,3,2021,3,50000.0,52,9.1,2475314.146999998,15576,,1029.3,5023,36132,4618,5023,1897,5841,619031634.61,61421934.65,428561737.04,128346943.63,511.4086611924312,167.12667837938562,49.0775,44.92999999999999,47.2175,23874261,7847851,193.2258064516129,113.12903225806451,302.45,969.44,731.9,32702.43,98710.57,79066.13,106.8,23.1,7.725,,143.48387096774192,187.5483870967742,109.41935483870968,18.09967742,594.0
2021-03-04,1,3,2021,4,40000.0,24,9.1,2475314.146999998,15576,,1029.3,5023,36132,4618,5023,1897,5841,619031634.61,61421934.65,428561737.04,128346943.63,511.4086611924312,167.12667837938562,49.0775,44.92999999999999,47.2175,23874261,7847851,193.2258064516129,113.12903225806451,302.45,969.44,731.9,32702.43,98710.57,79066.13,106.8,23.1,7.725,,143.48387096774192,187.5483870967742,109.41935483870968,18.09967742,594.0
2021-03-05,1,3,2021,5,61250.0,26,9.1,2475314.146999998,15576,,1029.3,5023,36132,4618,5023,1897,5841,619031634.61,61421934.65,428561737.04,128346943.63,511.4086611924312,167.12667837938562,49.0775,44.92999999999999,47.2175,23874261,7847851,193.2258064516129,113.12903225806451,302.45,969.44,731.9,32702.43,98710.57,79066.13,106.8,23.1,7.725,,143.48387096774192,187.5483870967742,109.41935483870968,18.09967742,594.0
2021-03-06,1,3,2021,6,57500.0,2,9.1,2475314.146999998,15576,,1029.3,5023,36132,4618,5023,1897,5841,619031634.61,61421934.65,428561737.04,128346943.63,511.4086611924312,167.12667837938562,49.0775,44.92999999999999,47.2175,23874261,7847851,193.2258064516129,113.12903225806451,302.45,969.44,731.9,32702.43,98710.57,79066.13,106.8,23.1,7.725,,143.48387096774192,187.5483870967742,109.41935483870968,18.09967742,594.0
2021-03-07,1,3,2021,7,40000.0,8,9.1,2475314.146999998,15576,,1029.3,5023,36132,4618,5023,1897,5841,619031634.61,61421934.65,428561737.04,128346943.63,511.4086611924312,167.12667837938562,49.0775,44.92999999999999,47.2175,23874261,7847851,193.2258064516129,113.12903225806451,302.45,969.44,731.9,32702.43,98710.57,79066.13,106.8,23.1,7.725,,143.48387096774192,187.5483870967742,109.41935483870968,18.09967742,594.0
2021-03-08,1,3,2021,8,53750.0,10,9.1,2475314.146999998,15576,,1029.3,5023,36132,4618,5023,1897,5841,619031634.61,61421934.65,428561737.04,128346943.63,511.4086611924312,167.12667837938562,49.0775,44.92999999999999,47.2175,23874261,7847851,193.2258064516129,113.12903225806451,302.45,969.44,731.9,32702.43,98710.57,79066.13,106.8,23.1,7.725,,143.48387096774192,187.5483870967742,109.41935483870968,18.09967742,594.0
2021-03-09,1,3,2021,9,50000.0,46,9.1,2475314.146999998,15576,,1029.3,5023,36132,4618,5023,1897,5841,619031634.61,61421934.65,428561737.04,128346943.63,511.4086611924312,167.12667837938562,49.0775,44.92999999999999,47.2175,23874261,7847851,193.2258064516129,113.12903225806451,302.45,969.44,731.9,32702.43,98710.57,79066.13,106.8,23.1,7.725,,143.48387096774192,187.5483870967742,109.41935483870968,18.09967742,594.0
2021-03-10,1,3,2021,10,50000.0,48,9.1,2475314.146999998,15576,,1029.3,5023,36132,4618,5023,1897,5841,619031634.61,61421934.65,428561737.04,128346943.63,511.4086611924312,167.12667837938562,49.0775,44.92999999999999,47.2175,23874261,7847851,193.2258064516129,113.12903225806451,302.45,969.44,731.9,32702.43,98710.57,79066.13,106.8,23.1,7.725,,143.48387096774192,187.5483870967742,109.41935483870968,18.09967742,594.0
2021-03-11,1,3,2021,11,48750.0,38,9.1,2475314.146999998,15576,,1029.3,5023,36132,4618,5023,1897,5841,619031634.61,61421934.65,428561737.04,128346943.63,511.4086611924312,167.12667837938562,49.0775,44.92999999999999,47.2175,23874261,7847851,193.2258064516129,113.12903225806451,302.45,969.44,731.9,32702.43,98710.57,79066.13,106.8,23.1,7.725,,143.48387096774192,187.5483870967742,109.41935483870968,18.09967742,594.0
2021-03-12,1,3,2021,12,45750.0,34,9.1,2475314.146999998,15576,,1029.3,5023,36132,4618,5023,1897,5841,619031634.61,61421934.65,428561737.04,128346943.63,511.4086611924312,167.12667837938562,49.0775,44.92999999999999,47.2175,23874261,7847851,193.2258064516129,113.12903225806451,302.45,969.44,731.9,32702.43,98710.57,79066.13,106.8,23.1,7.725,,143.48387096774192,187.5483870967742,109.41935483870968,18.09967742,594.0
2021-03-13,1,3,2021,13,45000.0,11,9.1,2475314.146999998,15576,,1029.3,5023,36132,4618,5023,1897,5841,619031634.61,61421934.65,428561737.04,128346943.63,511.4086611924312,167.12667837938562,49.0775,44.92999999999999,47.2175,23874261,7847851,193.2258064516129,113.12903225806451,302.45,969.44,731.9,32702.43,98710.57,79066.13,106.8,23.1,7.725,,143.48387096774192,187.5483870967742,109.41935483870968,18.09967742,594.0
2021-03-14,1,3,2021,14,51250.0,14,9.1,2475314.146999998,15576,,1029.3,5023,36132,4618,5023,1897,5841,619031634.61,61421934.65,428561737.04,128346943.63,511.4086611924312,167.12667837938562,49.0775,44.92999999999999,47.2175,23874261,7847851,193.2258064516129,113.12903225806451,302.45,969.44,731.9,32702.43,98710.57,79066.13,106.8,23.1,7.725,,143.48387096774192,187.5483870967742,109.41935483870968,18.09967742,594.0
2021-03-15,1,3,2021,15,55000.0,57,9.1,2475314.146999998,15576,,1029.3,5023,36132,4618,5023,1897,5841,619031634.61,61421934.65,428561737.04,128346943.63,511.4086611924312,167.12667837938562,49.0775,44.92999999999999,47.2175,23874261,7847851,193.2258064516129,113.12903225806451,302.45,969.44,731.9,32702.43,98710.57,79066.13,106.8,23.1,7.725,,143.48387096774192,187.5483870967742,109.41935483870968,18.09967742,594.0
2021-03-16,1,3,2021,16,50000.0,46,9.1,2475314.146999998,15576,,1029.3,5023,36132,4618,5023,1897,5841,619031634.61,61421934.65,428561737.04,128346943.63,511.4086611924312,167.12667837938562,49.0775,44.92999999999999,47.2175,23874261,7847851,193.2258064516129,113.12903225806451,302.45,969.44,731.9,32702.43,98710.57,79066.13,106.8,23.1,7.725,,143.48387096774192,187.5483870967742,109.41935483870968,18.09967742,594.0
2021-03-17,1,3,2021,17,55000.0,43,9.1,2475314.146999998,15576,,1029.3,5023,36132,4618,5023,1897,5841,619031634.61,61421934.65,428561737.04,128346943.63,511.4086611924312,167.12667837938562,49.0775,44.92999999999999,47.2175,23874261,7847851,193.2258064516129,113.12903225806451,302.45,969.44,731.9,32702.43,98710.57,79066.13,106.8,23.1,7.725,,143.48387096774192,187.5483870967742,109.41935483870968,18.09967742,594.0
2021-03-18,1,3,2021,18,58750.0,40,9.1,2475314.146999998,15576,,1029.3,5023,36132,4618,5023,1897,5841,619031634.61,61421934.65,428561737.04,128346943.63,511.4086611924312,167.12667837938562,49.0775,44.92999999999999,47.2175,23874261,7847851,193.2258064516129,113.12903225806451,302.45,969.44,731.9,32702.43,98710.57,79066.13,106.8,23.1,7.725,,143.48387096774192,187.5483870967742,109.41935483870968,18.09967742,594.0
2021-03-19,1,3,2021,19,45000.0,30,9.1,2475314.146999998,15576,,1029.3,5023,36132,4618,5023,1897,5841,619031634.61,61421934.65,428561737.04,128346943.63,511.4086611924312,167.12667837938562,49.0775,44.92999999999999,47.2175,23874261,7847851,193.2258064516129,113.12903225806451,302.45,969.44,731.9,32702.43,98710.57,79066.13,106.8,23.1,7.725,,143.48387096774192,187.5483870967742,109.41935483870968,18.09967742,594.0
2021-03-20,1,3,2021,20,55000.0,4,9.1,2475314.146999998,15576,,1029.3,5023,36132,4618,5023,1897,5841,619031634.61,61421934.65,428561737.04,128346943.63,511.4086611924312,167.12667837938562,49.0775,44.92999999999999,47.2175,23874261,7847851,193.2258064516129,113.12903225806451,302.45,969.44,731.9,32702.43,98710.57,79066.13,106.8,23.1,7.725,,143.48387096774192,187.5483870967742,109.41935483870968,18.09967742,594.0
2021-03-21,1,3,2021,21,150000.0,21,9.1,2475314.146999998,15576,,1029.3,5023,36132,4618,5023,1897,5841,619031634.61,61421934.65,428561737.04,128346943.63,511.4086611924312,167.12667837938562,49.0775,44.92999999999999,47.2175,23874261,7847851,193.2258064516129,113.12903225806451,302.45,969.44,731.9,32702.43,98710.57,79066.13,106.8,23.1,7.725,,143.48387096774192,187.5483870967742,109.41935483870968,18.09967742,594.0
2021-03-22,1,3,2021,22,45000.0,56,9.1,2475314.146999998,15576,,1029.3,5023,36132,4618,5023,1897,5841,619031634.61,61421934.65,428561737.04,128346943.63,511.4086611924312,167.12667837938562,49.0775,44.92999999999999,47.2175,23874261,7847851,193.2258064516129,113.12903225806451,302.45,969.44,731.9,32702.43,98710.57,79066.13,106.8,23.1,7.725,,143.48387096774192,187.5483870967742,109.41935483870968,18.09967742,594.0
2021-03-23,1,3,2021,23,50000.0,52,9.1,2475314.146999998,15576,,1029.3,5023,36132,4618,5023,1897,5841,619031634.61,61421934.65,428561737.04,128346943.63,511.4086611924312,167.12667837938562,49.0775,44.92999999999999,47.2175,23874261,7847851,193.2258064516129,113.12903225806451,302.45,969.44,731.9,32702.43,98710.57,79066.13,106.8,23.1,7.725,,143.48387096774192,187.5483870967742,109.41935483870968,18.09967742,594.0
2021-03-24,1,3,2021,24,52500.0,40,9.1,2475314.146999998,15576,,1029.3,5023,36132,4618,5023,1897,5841,619031634.61,61421934.65,428561737.04,128346943.63,511.4086611924312,167.12667837938562,49.0775,44.92999999999999,47.2175,23874261,7847851,193.2258064516129,113.12903225806451,302.45,969.44,731.9,32702.43,98710.57,79066.13,106.8,23.1,7.725,,143.48387096774192,187.5483870967742,109.41935483870968,18.09967742,594.0
2021-03-25,1,3,2021,25,50000.0,35,9.1,2475314.146999998,15576,,1029.3,5023,36132,4618,5023,1897,5841,619031634.61,61421934.65,428561737.04,128346943.63,511.4086611924312,167.12667837938562,49.0775,44.92999999999999,47.2175,23874261,7847851,193.2258064516129,113.12903225806451,302.45,969.44,731.9,32702.43,98710.57,79066.13,106.8,23.1,7.725,,143.48387096774192,187.5483870967742,109.41935483870968,18.09967742,594.0
2021-03-26,1,3,2021,26,41250.0,36,9.1,2475314.146999998,15576,,1029.3,5023,36132,4618,5023,1897,5841,619031634.61,61421934.65,428561737.04,128346943.63,511.4086611924312,167.12667837938562,49.0775,44.92999999999999,47.2175,23874261,7847851,193.2258064516129,113.12903225806451,302.45,969.44,731.9,32702.43,98710.57,79066.13,106.8,23.1,7.725,,143.48387096774192,187.5483870967742,109.41935483870968,18.09967742,594.0
2021-03-27,1,3,2021,27,50000.0,6,9.1,2475314.146999998,15576,,1029.3,5023,36132,4618,5023,1897,5841,619031634.61,61421934.65,428561737.04,128346943.63,511.4086611924312,167.12667837938562,49.0775,44.92999999999999,47.2175,23874261,7847851,193.2258064516129,113.12903225806451,302.45,969.44,731.9,32702.43,98710.57,79066.13,106.8,23.1,7.725,,143.48387096774192,187.5483870967742,109.41935483870968,18.09967742,594.0
2021-03-28,1,3,2021,28,71250.0,10,9.1,2475314.146999998,15576,,1029.3,5023,36132,4618,5023,1897,5841,619031634.61,61421934.65,428561737.04,128346943.63,511.4086611924312,167.12667837938562,49.0775,44.92999999999999,47.2175,23874261,7847851,193.2258064516129,113.12903225806451,302.45,969.44,731.9,32702.43,98710.57,79066.13,106.8,23.1,7.725,,143.48387096774192,187.5483870967742,109.41935483870968,18.09967742,594.0
2021-03-29,1,3,2021,29,57500.0,60,9.1,2475314.146999998,15576,,1029.3,5023,36132,4618,5023,1897,5841,619031634.61,61421934.65,428561737.04,128346943.63,511.4086611924312,167.12667837938562,49.0775,44.92999999999999,47.2175,23874261,7847851,193.2258064516129,113.12903225806451,302.45,969.44,731.9,32702.43,98710.57,79066.13,106.8,23.1,7.725,,143.48387096774192,187.5483870967742,109.41935483870968,18.09967742,594.0
2021-03-30,1,3,2021,30,50000.0,30,9.1,2475314.146999998,15576,,1029.3,5023,36132,4618,5023,1897,5841,619031634.61,61421934.65,428561737.04,128346943.63,511.4086611924312,167.12667837938562,49.0775,44.92999999999999,47.2175,23874261,7847851,193.2258064516129,113.12903225806451,302.45,969.44,731.9,32702.43,98710.57,79066.13,106.8,23.1,7.725,,143.48387096774192,187.5483870967742,109.41935483870968,18.09967742,594.0
2021-03-31,1,3,2021,31,51250.0,44,9.1,2475314.146999998,15576,,1029.3,5023,36132,4618,5023,1897,5841,619031634.61,61421934.65,428561737.04,128346943.63,511.4086611924312,167.12667837938562,49.0775,44.92999999999999,47.2175,23874261,7847851,193.2258064516129,113.12903225806451,302.45,969.44,731.9,32702.43,98710.57,79066.13,106.8,23.1,7.725,,143.48387096774192,187.5483870967742,109.41935483870968,18.09967742,594.0
2021-04-01,2,4,2021,1,54500.0,38,14.799999999999999,2109001.2269999986,13645,,1247.2,6037,41879,5747,6037,2229,6627,531777982.1500001,128415905.89,382440725.89,20427030.97,474.8648155562907,135.43921602817835,49.5775,45.605000000000004,47.69250000000001,22731383,6472753,199.43333333333334,117.9,493.22,963.7,764.72,53716.3,101119.07,88383.34,112.8,37.199999999999996,10.2,,164.43333333333334,195.3,113.46666666666667,18.395,594.0
2021-04-02,2,4,2021,2,60000.0,46,14.799999999999999,2109001.2269999986,13645,,1247.2,6037,41879,5747,6037,2229,6627,531777982.1500001,128415905.89,382440725.89,20427030.97,474.8648155562907,135.43921602817835,49.5775,45.605000000000004,47.69250000000001,22731383,6472753,199.43333333333334,117.9,493.22,963.7,764.72,53716.3,101119.07,88383.34,112.8,37.199999999999996,10.2,,164.43333333333334,195.3,113.46666666666667,18.395,594.0
2021-04-03,2,4,2021,3,47500.0,8,14.799999999999999,2109001.2269999986,13645,,1247.2,6037,41879,5747,6037,2229,6627,531777982.1500001,128415905.89,382440725.89,20427030.97,474.8648155562907,135.43921602817835,49.5775,45.605000000000004,47.69250000000001,22731383,6472753,199.43333333333334,117.9,493.22,963.7,764.72,53716.3,101119.07,88383.34,112.8,37.199999999999996,10.2,,164.43333333333334,195.3,113.46666666666667,18.395,594.0
2021-04-04,2,4,2021,4,63750.0,4,14.799999999999999,2109001.2269999986,13645,,1247.2,6037,41879,5747,6037,2229,6627,531777982.1500001,128415905.89,382440725.89,20427030.97,474.8648155562907,135.43921602817835,49.5775,45.605000000000004,47.69250000000001,22731383,6472753,199.43333333333334,117.9,493.22,963.7,764.72,53716.3,101119.07,88383.34,112.8,37.199999999999996,10.2,,164.43333333333334,195.3,113.46666666666667,18.395,594.0
2021-04-05,2,4,2021,5,53750.0,76,14.799999999999999,2109001.2269999986,13645,,1247.2,6037,41879,5747,6037,2229,6627,531777982.1500001,128415905.89,382440725.89,20427030.97,474.8648155562907,135.43921602817835,49.5775,45.605000000000004,47.69250000000001,22731383,6472753,199.43333333333334,117.9,493.22,963.7,764.72,53716.3,101119.07,88383.34,112.8,37.199999999999996,10.2,,164.43333333333334,195.3,113.46666666666667,18.395,594.0
2021-04-06,2,4,2021,6,60000.0,45,14.799999999999999,2109001.2269999986,13645,,1247.2,6037,41879,5747,6037,2229,6627,531777982.1500001,128415905.89,382440725.89,20427030.97,474.8648155562907,135.43921602817835,49.5775,45.605000000000004,47.69250000000001,22731383,6472753,199.43333333333334,117.9,493.22,963.7,764.72,53716.3,101119.07,88383.34,112.8,37.199999999999996,10.2,,164.43333333333334,195.3,113.46666666666667,18.395,594.0
2021-04-07,2,4,2021,7,50000.0,35,14.799999999999999,2109001.2269999986,13645,,1247.2,6037,41879,5747,6037,2229,6627,531777982.1500001,128415905.89,382440725.89,20427030.97,474.8648155562907,135.43921602817835,49.5775,45.605000000000004,47.69250000000001,22731383,6472753,199.43333333333334,117.9,493.22,963.7,764.72,53716.3,101119.07,88383.34,112.8,37.199999999999996,10.2,,164.43333333333334,195.3,113.46666666666667,18.395,594.0
2021-04-08,2,4,2021,8,50000.0,51,14.799999999999999,2109001.2269999986,13645,,1247.2,6037,41879,5747,6037,2229,6627,531777982.1500001,128415905.89,382440725.89,20427030.97,474.8648155562907,135.43921602817835,49.5775,45.605000000000004,47.69250000000001,22731383,6472753,199.43333333333334,117.9,493.22,963.7,764.72,53716.3,101119.07,88383.34,112.8,37.199999999999996,10.2,,164.43333333333334,195.3,113.46666666666667,18.395,594.0
2021-04-09,2,4,2021,9,50000.0,34,14.799999999999999,2109001.2269999986,13645,,1247.2,6037,41879,5747,6037,2229,6627,531777982.1500001,128415905.89,382440725.89,20427030.97,474.8648155562907,135.43921602817835,49.5775,45.605000000000004,47.69250000000001,22731383,6472753,199.43333333333334,117.9,493.22,963.7,764.72,53716.3,101119.07,88383.34,112.8,37.199999999999996,10.2,,164.43333333333334,195.3,113.46666666666667,18.395,594.0
2021-04-10,2,4,2021,10,37500.0,5,14.799999999999999,2109001.2269999986,13645,,1247.2,6037,41879,5747,6037,2229,6627,531777982.1500001,128415905.89,382440725.89,20427030.97,474.8648155562907,135.43921602817835,49.5775,45.605000000000004,47.69250000000001,22731383,6472753,199.43333333333334,117.9,493.22,963.7,764.72,53716.3,101119.07,88383.34,112.8,37.199999999999996,10.2,,164.43333333333334,195.3,113.46666666666667,18.395,594.0
2021-04-11,2,4,2021,11,57500.0,14,14.799999999999999,2109001.2269999986,13645,,1247.2,6037,41879,5747,6037,2229,6627,531777982.1500001,128415905.89,382440725.89,20427030.97,474.8648155562907,135.43921602817835,49.5775,45.605000000000004,47.69250000000001,22731383,6472753,199.43333333333334,117.9,493.22,963.7,764.72,53716.3,101119.07,88383.34,112.8,37.199999999999996,10.2,,164.43333333333334,195.3,113.46666666666667,18.395,594.0
2021-04-12,2,4,2021,12,60000.0,63,14.799999999999999,2109001.2269999986,13645,,1247.2,6037,41879,5747,6037,2229,6627,531777982.1500001,128415905.89,382440725.89,20427030.97,474.8648155562907,135.43921602817835,49.5775,45.605000000000004,47.69250000000001,22731383,6472753,199.43333333333334,117.9,493.22,963.7,764.72,53716.3,101119.07,88383.34,112.8,37.199999999999996,10.2,,164.43333333333334,195.3,113.46666666666667,18.395,594.0
2021-04-13,2,4,2021,13,55000.0,58,14.799999999999999,2109001.2269999986,13645,,1247.2,6037,41879,5747,6037,2229,6627,531777982.1500001,128415905.89,382440725.89,20427030.97,474.8648155562907,135.43921602817835,49.5775,45.605000000000004,47.69250000000001,22731383,6472753,199.43333333333334,117.9,493.22,963.7,764.72,53716.3,101119.07,88383.34,112.8,37.199999999999996,10.2,,164.43333333333334,195.3,113.46666666666667,18.395,594.0
2021-04-14,2,4,2021,14,45000.0,62,14.799999999999999,2109001.2269999986,13645,,1247.2,6037,41879,5747,6037,2229,6627,531777982.1500001,128415905.89,382440725.89,20427030.97,474.8648155562907,135.43921602817835,49.5775,45.605000000000004,47.69250000000001,22731383,6472753,199.43333333333334,117.9,493.22,963.7,764.72,53716.3,101119.07,88383.34,112.8,37.199999999999996,10.2,,164.43333333333334,195.3,113.46666666666667,18.395,594.0
2021-04-15,2,4,2021,15,50000.0,45,14.799999999999999,2109001.2269999986,13645,,1247.2,6037,41879,5747,6037,2229,6627,531777982.1500001,128415905.89,382440725.89,20427030.97,474.8648155562907,135.43921602817835,49.5775,45.605000000000004,47.69250000000001,22731383,6472753,199.43333333333334,117.9,493.22,963.7,764.72,53716.3,101119.07,88383.34,112.8,37.199999999999996,10.2,,164.43333333333334,195.3,113.46666666666667,18.395,594.0
2021-04-16,2,4,2021,16,55000.0,45,14.799999999999999,2109001.2269999986,13645,,1247.2,6037,41879,5747,6037,2229,6627,531777982.1500001,128415905.89,382440725.89,20427030.97,474.8648155562907,135.43921602817835,49.5775,45.605000000000004,47.69250000000001,22731383,6472753,199.43333333333334,117.9,493.22,963.7,764.72,53716.3,101119.07,88383.34,112.8,37.199999999999996,10.2,,164.43333333333334,195.3,113.46666666666667,18.395,594.0
2021-04-17,2,4,2021,17,55000.0,8,14.799999999999999,2109001.2269999986,13645,,1247.2,6037,41879,5747,6037,2229,6627,531777982.1500001,128415905.89,382440725.89,20427030.97,474.8648155562907,135.43921602817835,49.5775,45.605000000000004,47.69250000000001,22731383,6472753,199.43333333333334,117.9,493.22,963.7,764.72,53716.3,101119.07,88383.34,112.8,37.199999999999996,10.2,,164.43333333333334,195.3,113.46666666666667,18.395,594.0
2021-04-18,2,4,2021,18,53750.0,14,14.799999999999999,2109001.2269999986,13645,,1247.2,6037,41879,5747,6037,2229,6627,531777982.1500001,128415905.89,382440725.89,20427030.97,474.8648155562907,135.43921602817835,49.5775,45.605000000000004,47.69250000000001,22731383,6472753,199.43333333333334,117.9,493.22,963.7,764.72,53716.3,101119.07,88383.34,112.8,37.199999999999996,10.2,,164.43333333333334,195.3,113.46666666666667,18.395,594.0
2021-04-19,2,4,2021,19,50000.0,65,14.799999999999999,2109001.2269999986,13645,,1247.2,6037,41879,5747,6037,2229,6627,531777982.1500001,128415905.89,382440725.89,20427030.97,474.8648155562907,135.43921602817835,49.5775,45.605000000000004,47.69250000000001,22731383,6472753,199.43333333333334,117.9,493.22,963.7,764.72,53716.3,101119.07,88383.34,112.8,37.199999999999996,10.2,,164.43333333333334,195.3,113.46666666666667,18.395,594.0
2021-04-20,2,4,2021,20,57000.0,59,14.799999999999999,2109001.2269999986,13645,,1247.2,6037,41879,5747,6037,2229,6627,531777982.1500001,128415905.89,382440725.89,20427030.97,474.8648155562907,135.43921602817835,49.5775,45.605000000000004,47.69250000000001,22731383,6472753,199.43333333333334,117.9,493.22,963.7,764.72,53716.3,101119.07,88383.34,112.8,37.199999999999996,10.2,,164.43333333333334,195.3,113.46666666666667,18.395,594.0
2021-04-21,2,4,2021,21,62500.0,78,14.799999999999999,2109001.2269999986,13645,,1247.2,6037,41879,5747,6037,2229,6627,531777982.1500001,128415905.89,382440725.89,20427030.97,474.8648155562907,135.43921602817835,49.5775,45.605000000000004,47.69250000000001,22731383,6472753,199.43333333333334,117.9,493.22,963.7,764.72,53716.3,101119.07,88383.34,112.8,37.199999999999996,10.2,,164.43333333333334,195.3,113.46666666666667,18.395,594.0
2021-04-22,2,4,2021,22,50000.0,58,14.799999999999999,2109001.2269999986,13645,,1247.2,6037,41879,5747,6037,2229,6627,531777982.1500001,128415905.89,382440725.89,20427030.97,474.8648155562907,135.43921602817835,49.5775,45.605000000000004,47.69250000000001,22731383,6472753,199.43333333333334,117.9,493.22,963.7,764.72,53716.3,101119.07,88383.34,112.8,37.199999999999996,10.2,,164.43333333333334,195.3,113.46666666666667,18.395,594.0
2021-04-23,2,4,2021,23,50000.0,56,14.799999999999999,2109001.2269999986,13645,,1247.2,6037,41879,5747,6037,2229,6627,531777982.1500001,128415905.89,382440725.89,20427030.97,474.8648155562907,135.43921602817835,49.5775,45.605000000000004,47.69250000000001,22731383,6472753,199.43333333333334,117.9,493.22,963.7,764.72,53716.3,101119.07,88383.34,112.8,37.199999999999996,10.2,,164.43333333333334,195.3,113.46666666666667,18.395,594.0
2021-04-24,2,4,2021,24,32800.0,17,14.799999999999999,2109001.2269999986,13645,,1247.2,6037,41879,5747,6037,2229,6627,531777982.1500001,128415905.89,382440725.89,20427030.97,474.8648155562907,135.43921602817835,49.5775,45.605000000000004,47.69250000000001,22731383,6472753,199.43333333333334,117.9,493.22,963.7,764.72,53716.3,101119.07,88383.34,112.8,37.199999999999996,10.2,,164.43333333333334,195.3,113.46666666666667,18.395,594.0
2021-04-25,2,4,2021,25,50000.0,15,14.799999999999999,2109001.2269999986,13645,,1247.2,6037,41879,5747,6037,2229,6627,531777982.1500001,128415905.89,382440725.89,20427030.97,474.8648155562907,135.43921602817835,49.5775,45.605000000000004,47.69250000000001,22731383,6472753,199.43333333333334,117.9,493.22,963.7,764.72,53716.3,101119.07,88383.34,112.8,37.199999999999996,10.2,,164.43333333333334,195.3,113.46666666666667,18.395,594.0
2021-04-26,2,4,2021,26,57500.0,61,14.799999999999999,2109001.2269999986,13645,,1247.2,6037,41879,5747,6037,2229,6627,531777982.1500001,128415905.89,382440725.89,20427030.97,474.8648155562907,135.43921602817835,49.5775,45.605000000000004,47.69250000000001,22731383,6472753,199.43333333333334,117.9,493.22,963.7,764.72,53716.3,101119.07,88383.34,112.8,37.199999999999996,10.2,,164.43333333333334,195.3,113.46666666666667,18.395,594.0
2021-04-27,2,4,2021,27,55000.0,40,14.799999999999999,2109001.2269999986,13645,,1247.2,6037,41879,5747,6037,2229,6627,531777982.1500001,128415905.89,382440725.89,20427030.97,474.8648155562907,135.43921602817835,49.5775,45.605000000000004,47.69250000000001,22731383,6472753,199.43333333333334,117.9,493.22,963.7,764.72,53716.3,101119.07,88383.34,112.8,37.199999999999996,10.2,,164.43333333333334,195.3,113.46666666666667,18.395,594.0
2021-04-28,2,4,2021,28,50000.0,43,14.799999999999999,2109001.2269999986,13645,,1247.2,6037,41879,5747,6037,2229,6627,531777982.1500001,128415905.89,382440725.89,20427030.97,474.8648155562907,135.43921602817835,49.5775,45.605000000000004,47.69250000000001,22731383,6472753,199.43333333333334,117.9,493.22,963.7,764.72,53716.3,101119.07,88383.34,112.8,37.199999999999996,10.2,,164.43333333333334,195.3,113.46666666666667,18.395,594.0
2021-04-29,2,4,2021,29,52500.0,46,14.799999999999999,2109001.2269999986,13645,,1247.2,6037,41879,5747,6037,2229,6627,531777982.1500001,128415905.89,382440725.89,20427030.97,474.8648155562907,135.43921602817835,49.5775,45.605000000000004,47.69250000000001,22731383,6472753,199.43333333333334,117.9,493.22,963.7,764.72,53716.3,101119.07,88383.34,112.8,37.199999999999996,10.2,,164.43333333333334,195.3,113.46666666666667,18.395,594.0
2021-04-30,2,4,2021,30,50000.0,44,14.799999999999999,2109001.2269999986,13645,,1247.2,6037,41879,5747,6037,2229,6627,531777982.1500001,128415905.89,382440725.89,20427030.97,474.8648155562907,135.43921602817835,49.5775,45.605000000000004,47.69250000000001,22731383,6472753,199.43333333333334,117.9,493.22,963.7,764.72,53716.3,101119.07,88383.34,112.8,37.199999999999996,10.2,,164.43333333333334,195.3,113.46666666666667,18.395,594.0
2021-05-01,2,5,2021,1,22000.0,7,14.799999999999999,1897877.2750000015,13631,,1247.2,5091,47605,5726,5091,1778,5275,330141567.99,130640159.57000002,176244146.51999998,23180994.72,474.8648155562907,135.43921602817835,49.754999999999995,45.8475,47.712500000000006,22731383,6472753,203.4516129032258,121.7741935483871,564.15,938.9,789.07,54633.77,95361.4,90631.9,112.8,37.199999999999996,11.02,,167.80645161290323,181.67741935483872,127.09677419354838,16.8516129,594.0
2021-05-02,2,5,2021,2,52500.0,5,14.799999999999999,1897877.2750000015,13631,,1247.2,5091,47605,5726,5091,1778,5275,330141567.99,130640159.57000002,176244146.51999998,23180994.72,474.8648155562907,135.43921602817835,49.754999999999995,45.8475,47.712500000000006,22731383,6472753,203.4516129032258,121.7741935483871,564.15,938.9,789.07,54633.77,95361.4,90631.9,112.8,37.199999999999996,11.02,,167.80645161290323,181.67741935483872,127.09677419354838,16.8516129,594.0
2021-05-03,2,5,2021,3,47000.0,13,14.799999999999999,1897877.2750000015,13631,,1247.2,5091,47605,5726,5091,1778,5275,330141567.99,130640159.57000002,176244146.51999998,23180994.72,474.8648155562907,135.43921602817835,49.754999999999995,45.8475,47.712500000000006,22731383,6472753,203.4516129032258,121.7741935483871,564.15,938.9,789.07,54633.77,95361.4,90631.9,112.8,37.199999999999996,11.02,,167.80645161290323,181.67741935483872,127.09677419354838,16.8516129,594.0
2021-05-04,2,5,2021,4,50000.0,26,14.799999999999999,1897877.2750000015,13631,,1247.2,5091,47605,5726,5091,1778,5275,330141567.99,130640159.57000002,176244146.51999998,23180994.72,474.8648155562907,135.43921602817835,49.754999999999995,45.8475,47.712500000000006,22731383,6472753,203.4516129032258,121.7741935483871,564.15,938.9,789.07,54633.77,95361.4,90631.9,112.8,37.199999999999996,11.02,,167.80645161290323,181.67741935483872,127.09677419354838,16.8516129,594.0
2021-05-05,2,5,2021,5,55000.0,37,14.799999999999999,1897877.2750000015,13631,,1247.2,5091,47605,5726,5091,1778,5275,330141567.99,130640159.57000002,176244146.51999998,23180994.72,474.8648155562907,135.43921602817835,49.754999999999995,45.8475,47.712500000000006,22731383,6472753,203.4516129032258,121.7741935483871,564.15,938.9,789.07,54633.77,95361.4,90631.9,112.8,37.199999999999996,11.02,,167.80645161290323,181.67741935483872,127.09677419354838,16.8516129,594.0
2021-05-06,2,5,2021,6,47500.0,24,14.799999999999999,1897877.2750000015,13631,,1247.2,5091,47605,5726,5091,1778,5275,330141567.99,130640159.57000002,176244146.51999998,23180994.72,474.8648155562907,135.43921602817835,49.754999999999995,45.8475,47.712500000000006,22731383,6472753,203.4516129032258,121.7741935483871,564.15,938.9,789.07,54633.77,95361.4,90631.9,112.8,37.199999999999996,11.02,,167.80645161290323,181.67741935483872,127.09677419354838,16.8516129,594.0
2021-05-07,2,5,2021,7,45000.0,19,14.799999999999999,1897877.2750000015,13631,,1247.2,5091,47605,5726,5091,1778,5275,330141567.99,130640159.57000002,176244146.51999998,23180994.72,474.8648155562907,135.43921602817835,49.754999999999995,45.8475,47.712500000000006,22731383,6472753,203.4516129032258,121.7741935483871,564.15,938.9,789.07,54633.77,95361.4,90631.9,112.8,37.199999999999996,11.02,,167.80645161290323,181.67741935483872,127.09677419354838,16.8516129,594.0
2021-05-08,2,5,2021,8,70000.0,11,14.799999999999999,1897877.2750000015,13631,,1247.2,5091,47605,5726,5091,1778,5275,330141567.99,130640159.57000002,176244146.51999998,23180994.72,474.8648155562907,135.43921602817835,49.754999999999995,45.8475,47.712500000000006,22731383,6472753,203.4516129032258,121.7741935483871,564.15,938.9,789.07,54633.77,95361.4,90631.9,112.8,37.199999999999996,11.02,,167.80645161290323,181.67741935483872,127.09677419354838,16.8516129,594.0
2021-05-09,2,5,2021,9,52400.0,3,14.799999999999999,1897877.2750000015,13631,,1247.2,5091,47605,5726,5091,1778,5275,330141567.99,130640159.57000002,176244146.51999998,23180994.72,474.8648155562907,135.43921602817835,49.754999999999995,45.8475,47.712500000000006,22731383,6472753,203.4516129032258,121.7741935483871,564.15,938.9,789.07,54633.77,95361.4,90631.9,112.8,37.199999999999996,11.02,,167.80645161290323,181.67741935483872,127.09677419354838,16.8516129,594.0
2021-05-10,2,5,2021,10,50000.0,15,14.799999999999999,1897877.2750000015,13631,,1247.2,5091,47605,5726,5091,1778,5275,330141567.99,130640159.57000002,176244146.51999998,23180994.72,474.8648155562907,135.43921602817835,49.754999999999995,45.8475,47.712500000000006,22731383,6472753,203.4516129032258,121.7741935483871,564.15,938.9,789.07,54633.77,95361.4,90631.9,112.8,37.199999999999996,11.02,,167.80645161290323,181.67741935483872,127.09677419354838,16.8516129,594.0
2021-05-11,2,5,2021,11,60000.0,42,14.799999999999999,1897877.2750000015,13631,,1247.2,5091,47605,5726,5091,1778,5275,330141567.99,130640159.57000002,176244146.51999998,23180994.72,474.8648155562907,135.43921602817835,49.754999999999995,45.8475,47.712500000000006,22731383,6472753,203.4516129032258,121.7741935483871,564.15,938.9,789.07,54633.77,95361.4,90631.9,112.8,37.199999999999996,11.02,,167.80645161290323,181.67741935483872,127.09677419354838,16.8516129,594.0
2021-05-12,2,5,2021,12,50000.0,41,14.799999999999999,1897877.2750000015,13631,,1247.2,5091,47605,5726,5091,1778,5275,330141567.99,130640159.57000002,176244146.51999998,23180994.72,474.8648155562907,135.43921602817835,49.754999999999995,45.8475,47.712500000000006,22731383,6472753,203.4516129032258,121.7741935483871,564.15,938.9,789.07,54633.77,95361.4,90631.9,112.8,37.199999999999996,11.02,,167.80645161290323,181.67741935483872,127.09677419354838,16.8516129,594.0
2021-05-13,2,5,2021,13,57400.0,33,14.799999999999999,1897877.2750000015,13631,,1247.2,5091,47605,5726,5091,1778,5275,330141567.99,130640159.57000002,176244146.51999998,23180994.72,474.8648155562907,135.43921602817835,49.754999999999995,45.8475,47.712500000000006,22731383,6472753,203.4516129032258,121.7741935483871,564.15,938.9,789.07,54633.77,95361.4,90631.9,112.8,37.199999999999996,11.02,,167.80645161290323,181.67741935483872,127.09677419354838,16.8516129,594.0
2021-05-14,2,5,2021,14,52500.0,24,14.799999999999999,1897877.2750000015,13631,,1247.2,5091,47605,5726,5091,1778,5275,330141567.99,130640159.57000002,176244146.51999998,23180994.72,474.8648155562907,135.43921602817835,49.754999999999995,45.8475,47.712500000000006,22731383,6472753,203.4516129032258,121.7741935483871,564.15,938.9,789.07,54633.77,95361.4,90631.9,112.8,37.199999999999996,11.02,,167.80645161290323,181.67741935483872,127.09677419354838,16.8516129,594.0
2021-05-15,2,5,2021,15,70000.0,3,14.799999999999999,1897877.2750000015,13631,,1247.2,5091,47605,5726,5091,1778,5275,330141567.99,130640159.57000002,176244146.51999998,23180994.72,474.8648155562907,135.43921602817835,49.754999999999995,45.8475,47.712500000000006,22731383,6472753,203.4516129032258,121.7741935483871,564.15,938.9,789.07,54633.77,95361.4,90631.9,112.8,37.199999999999996,11.02,,167.80645161290323,181.67741935483872,127.09677419354838,16.8516129,594.0
2021-05-16,2,5,2021,16,77500.0,4,14.799999999999999,1897877.2750000015,13631,,1247.2,5091,47605,5726,5091,1778,5275,330141567.99,130640159.57000002,176244146.51999998,23180994.72,474.8648155562907,135.43921602817835,49.754999999999995,45.8475,47.712500000000006,22731383,6472753,203.4516129032258,121.7741935483871,564.15,938.9,789.07,54633.77,95361.4,90631.9,112.8,37.199999999999996,11.02,,167.80645161290323,181.67741935483872,127.09677419354838,16.8516129,594.0
2021-05-17,2,5,2021,17,60000.0,31,14.799999999999999,1897877.2750000015,13631,,1247.2,5091,47605,5726,5091,1778,5275,330141567.99,130640159.57000002,176244146.51999998,23180994.72,474.8648155562907,135.43921602817835,49.754999999999995,45.8475,47.712500000000006,22731383,6472753,203.4516129032258,121.7741935483871,564.15,938.9,789.07,54633.77,95361.4,90631.9,112.8,37.199999999999996,11.02,,167.80645161290323,181.67741935483872,127.09677419354838,16.8516129,594.0
2021-05-18,2,5,2021,18,60000.0,26,14.799999999999999,1897877.2750000015,13631,,1247.2,5091,47605,5726,5091,1778,5275,330141567.99,130640159.57000002,176244146.51999998,23180994.72,474.8648155562907,135.43921602817835,49.754999999999995,45.8475,47.712500000000006,22731383,6472753,203.4516129032258,121.7741935483871,564.15,938.9,789.07,54633.77,95361.4,90631.9,112.8,37.199999999999996,11.02,,167.80645161290323,181.67741935483872,127.09677419354838,16.8516129,594.0
2021-05-19,2,5,2021,19,47900.0,32,14.799999999999999,1897877.2750000015,13631,,1247.2,5091,47605,5726,5091,1778,5275,330141567.99,130640159.57000002,176244146.51999998,23180994.72,474.8648155562907,135.43921602817835,49.754999999999995,45.8475,47.712500000000006,22731383,6472753,203.4516129032258,121.7741935483871,564.15,938.9,789.07,54633.77,95361.4,90631.9,112.8,37.199999999999996,11.02,,167.80645161290323,181.67741935483872,127.09677419354838,16.8516129,594.0
2021-05-20,2,5,2021,20,50000.0,38,14.799999999999999,1897877.2750000015,13631,,1247.2,5091,47605,5726,5091,1778,5275,330141567.99,130640159.57000002,176244146.51999998,23180994.72,474.8648155562907,135.43921602817835,49.754999999999995,45.8475,47.712500000000006,22731383,6472753,203.4516129032258,121.7741935483871,564.15,938.9,789.07,54633.77,95361.4,90631.9,112.8,37.199999999999996,11.02,,167.80645161290323,181.67741935483872,127.09677419354838,16.8516129,594.0
2021-05-21,2,5,2021,21,50000.0,26,14.799999999999999,1897877.2750000015,13631,,1247.2,5091,47605,5726,5091,1778,5275,330141567.99,130640159.57000002,176244146.51999998,23180994.72,474.8648155562907,135.43921602817835,49.754999999999995,45.8475,47.712500000000006,22731383,6472753,203.4516129032258,121.7741935483871,564.15,938.9,789.07,54633.77,95361.4,90631.9,112.8,37.199999999999996,11.02,,167.80645161290323,181.67741935483872,127.09677419354838,16.8516129,594.0
2021-05-22,2,5,2021,22,57500.0,6,14.799999999999999,1897877.2750000015,13631,,1247.2,5091,47605,5726,5091,1778,5275,330141567.99,130640159.57000002,176244146.51999998,23180994.72,474.8648155562907,135.43921602817835,49.754999999999995,45.8475,47.712500000000006,22731383,6472753,203.4516129032258,121.7741935483871,564.15,938.9,789.07,54633.77,95361.4,90631.9,112.8,37.199999999999996,11.02,,167.80645161290323,181.67741935483872,127.09677419354838,16.8516129,594.0
2021-05-23,2,5,2021,23,80000.0,5,14.799999999999999,1897877.2750000015,13631,,1247.2,5091,47605,5726,5091,1778,5275,330141567.99,130640159.57000002,176244146.51999998,23180994.72,474.8648155562907,135.43921602817835,49.754999999999995,45.8475,47.712500000000006,22731383,6472753,203.4516129032258,121.7741935483871,564.15,938.9,789.07,54633.77,95361.4,90631.9,112.8,37.199999999999996,11.02,,167.80645161290323,181.67741935483872,127.09677419354838,16.8516129,594.0
2021-05-24,2,5,2021,24,55000.0,43,14.799999999999999,1897877.2750000015,13631,,1247.2,5091,47605,5726,5091,1778,5275,330141567.99,130640159.57000002,176244146.51999998,23180994.72,474.8648155562907,135.43921602817835,49.754999999999995,45.8475,47.712500000000006,22731383,6472753,203.4516129032258,121.7741935483871,564.15,938.9,789.07,54633.77,95361.4,90631.9,112.8,37.199999999999996,11.02,,167.80645161290323,181.67741935483872,127.09677419354838,16.8516129,594.0
2021-05-25,2,5,2021,25,50000.0,33,14.799999999999999,1897877.2750000015,13631,,1247.2,5091,47605,5726,5091,1778,5275,330141567.99,130640159.57000002,176244146.51999998,23180994.72,474.8648155562907,135.43921602817835,49.754999999999995,45.8475,47.712500000000006,22731383,6472753,203.4516129032258,121.7741935483871,564.15,938.9,789.07,54633.77,95361.4,90631.9,112.8,37.199999999999996,11.02,,167.80645161290323,181.67741935483872,127.09677419354838,16.8516129,594.0
2021-05-26,2,5,2021,26,47500.0,24,14.799999999999999,1897877.2750000015,13631,,1247.2,5091,47605,5726,5091,1778,5275,330141567.99,130640159.57000002,176244146.51999998,23180994.72,474.8648155562907,135.43921602817835,49.754999999999995,45.8475,47.712500000000006,22731383,6472753,203.4516129032258,121.7741935483871,564.15,938.9,789.07,54633.77,95361.4,90631.9,112.8,37.199999999999996,11.02,,167.80645161290323,181.67741935483872,127.09677419354838,16.8516129,594.0
2021-05-27,2,5,2021,27,50000.0,30,14.799999999999999,1897877.2750000015,13631,,1247.2,5091,47605,5726,5091,1778,5275,330141567.99,130640159.57000002,176244146.51999998,23180994.72,474.8648155562907,135.43921602817835,49.754999999999995,45.8475,47.712500000000006,22731383,6472753,203.4516129032258,121.7741935483871,564.15,938.9,789.07,54633.77,95361.4,90631.9,112.8,37.199999999999996,11.02,,167.80645161290323,181.67741935483872,127.09677419354838,16.8516129,594.0
2021-05-28,2,5,2021,28,50000.0,31,14.799999999999999,1897877.2750000015,13631,,1247.2,5091,47605,5726,5091,1778,5275,330141567.99,130640159.57000002,176244146.51999998,23180994.72,474.8648155562907,135.43921602817835,49.754999999999995,45.8475,47.712500000000006,22731383,6472753,203.4516129032258,121.7741935483871,564.15,938.9,789.07,54633.77,95361.4,90631.9,112.8,37.199999999999996,11.02,,167.80645161290323,181.67741935483872,127.09677419354838,16.8516129,594.0
2021-05-29,2,5,2021,29,55000.0,6,14.799999999999999,1897877.2750000015,13631,,1247.2,5091,47605,5726,5091,1778,5275,330141567.99,130640159.57000002,176244146.51999998,23180994.72,474.8648155562907,135.43921602817835,49.754999999999995,45.8475,47.712500000000006,22731383,6472753,203.4516129032258,121.7741935483871,564.15,938.9,789.07,54633.77,95361.4,90631.9,112.8,37.199999999999996,11.02,,167.80645161290323,181.67741935483872,127.09677419354838,16.8516129,594.0
2021-05-30,2,5,2021,30,67500.0,8,14.799999999999999,1897877.2750000015,13631,,1247.2,5091,47605,5726,5091,1778,5275,330141567.99,130640159.57000002,176244146.51999998,23180994.72,474.8648155562907,135.43921602817835,49.754999999999995,45.8475,47.712500000000006,22731383,6472753,203.4516129032258,121.7741935483871,564.15,938.9,789.07,54633.77,95361.4,90631.9,112.8,37.199999999999996,11.02,,167.80645161290323,181.67741935483872,127.09677419354838,16.8516129,594.0
2021-05-31,2,5,2021,31,55000.0,39,14.799999999999999,1897877.2750000015,13631,,1247.2,5091,47605,5726,5091,1778,5275,330141567.99,130640159.57000002,176244146.51999998,23180994.72,474.8648155562907,135.43921602817835,49.754999999999995,45.8475,47.712500000000006,22731383,6472753,203.4516129032258,121.7741935483871,564.15,938.9,789.07,54633.77,95361.4,90631.9,112.8,37.199999999999996,11.02,,167.80645161290323,181.67741935483872,127.09677419354838,16.8516129,594.0
2021-06-01,2,6,2021,1,58750.0,40,14.799999999999999,2082455.872000001,11398,,1247.2,6626,52140,4535,6626,2073,6238,767430970.6700001,154704540.47999996,550647646.8800001,61566035.110000014,474.8648155562907,135.43921602817835,50.2125,46.217499999999994,47.967499999999994,22731383,6472753,201.4,127.96666666666667,690,914.53,788.6,30210.2,92062.92,107093.5,112.8,37.199999999999996,17.675,,175.8,187.66666666666666,131.36666666666667,17.02433333,594.0
2021-06-02,2,6,2021,2,50000.0,45,14.799999999999999,2082455.872000001,11398,,1247.2,6626,52140,4535,6626,2073,6238,767430970.6700001,154704540.47999996,550647646.8800001,61566035.110000014,474.8648155562907,135.43921602817835,50.2125,46.217499999999994,47.967499999999994,22731383,6472753,201.4,127.96666666666667,690,914.53,788.6,30210.2,92062.92,107093.5,112.8,37.199999999999996,17.675,,175.8,187.66666666666666,131.36666666666667,17.02433333,594.0
2021-06-03,2,6,2021,3,60000.0,24,14.799999999999999,2082455.872000001,11398,,1247.2,6626,52140,4535,6626,2073,6238,767430970.6700001,154704540.47999996,550647646.8800001,61566035.110000014,474.8648155562907,135.43921602817835,50.2125,46.217499999999994,47.967499999999994,22731383,6472753,201.4,127.96666666666667,690,914.53,788.6,30210.2,92062.92,107093.5,112.8,37.199999999999996,17.675,,175.8,187.66666666666666,131.36666666666667,17.02433333,594.0
2021-06-04,2,6,2021,4,50000.0,31,14.799999999999999,2082455.872000001,11398,,1247.2,6626,52140,4535,6626,2073,6238,767430970.6700001,154704540.47999996,550647646.8800001,61566035.110000014,474.8648155562907,135.43921602817835,50.2125,46.217499999999994,47.967499999999994,22731383,6472753,201.4,127.96666666666667,690,914.53,788.6,30210.2,92062.92,107093.5,112.8,37.199999999999996,17.675,,175.8,187.66666666666666,131.36666666666667,17.02433333,594.0
2021-06-05,2,6,2021,5,81250.0,28,14.799999999999999,2082455.872000001,11398,,1247.2,6626,52140,4535,6626,2073,6238,767430970.6700001,154704540.47999996,550647646.8800001,61566035.110000014,474.8648155562907,135.43921602817835,50.2125,46.217499999999994,47.967499999999994,22731383,6472753,201.4,127.96666666666667,690,914.53,788.6,30210.2,92062.92,107093.5,112.8,37.199999999999996,17.675,,175.8,187.66666666666666,131.36666666666667,17.02433333,594.0
2021-06-06,2,6,2021,6,65000.0,3,14.799999999999999,2082455.872000001,11398,,1247.2,6626,52140,4535,6626,2073,6238,767430970.6700001,154704540.47999996,550647646.8800001,61566035.110000014,474.8648155562907,135.43921602817835,50.2125,46.217499999999994,47.967499999999994,22731383,6472753,201.4,127.96666666666667,690,914.53,788.6,30210.2,92062.92,107093.5,112.8,37.199999999999996,17.675,,175.8,187.66666666666666,131.36666666666667,17.02433333,594.0
2021-06-07,2,6,2021,7,52500.0,34,14.799999999999999,2082455.872000001,11398,,1247.2,6626,52140,4535,6626,2073,6238,767430970.6700001,154704540.47999996,550647646.8800001,61566035.110000014,474.8648155562907,135.43921602817835,50.2125,46.217499999999994,47.967499999999994,22731383,6472753,201.4,127.96666666666667,690,914.53,788.6,30210.2,92062.92,107093.5,112.8,37.199999999999996,17.675,,175.8,187.66666666666666,131.36666666666667,17.02433333,594.0
2021-06-08,2,6,2021,8,50000.0,23,14.799999999999999,2082455.872000001,11398,,1247.2,6626,52140,4535,6626,2073,6238,767430970.6700001,154704540.47999996,550647646.8800001,61566035.110000014,474.8648155562907,135.43921602817835,50.2125,46.217499999999994,47.967499999999994,22731383,6472753,201.4,127.96666666666667,690,914.53,788.6,30210.2,92062.92,107093.5,112.8,37.199999999999996,17.675,,175.8,187.66666666666666,131.36666666666667,17.02433333,594.0
2021-06-09,2,6,2021,9,60000.0,32,14.799999999999999,2082455.872000001,11398,,1247.2,6626,52140,4535,6626,2073,6238,767430970.6700001,154704540.47999996,550647646.8800001,61566035.110000014,474.8648155562907,135.43921602817835,50.2125,46.217499999999994,47.967499999999994,22731383,6472753,201.4,127.96666666666667,690,914.53,788.6,30210.2,92062.92,107093.5,112.8,37.199999999999996,17.675,,175.8,187.66666666666666,131.36666666666667,17.02433333,594.0
2021-06-10,2,6,2021,10,60000.0,29,14.799999999999999,2082455.872000001,11398,,1247.2,6626,52140,4535,6626,2073,6238,767430970.6700001,154704540.47999996,550647646.8800001,61566035.110000014,474.8648155562907,135.43921602817835,50.2125,46.217499999999994,47.967499999999994,22731383,6472753,201.4,127.96666666666667,690,914.53,788.6,30210.2,92062.92,107093.5,112.8,37.199999999999996,17.675,,175.8,187.66666666666666,131.36666666666667,17.02433333,594.0
2021-06-11,2,6,2021,11,50000.0,35,14.799999999999999,2082455.872000001,11398,,1247.2,6626,52140,4535,6626,2073,6238,767430970.6700001,154704540.47999996,550647646.8800001,61566035.110000014,474.8648155562907,135.43921602817835,50.2125,46.217499999999994,47.967499999999994,22731383,6472753,201.4,127.96666666666667,690,914.53,788.6,30210.2,92062.92,107093.5,112.8,37.199999999999996,17.675,,175.8,187.66666666666666,131.36666666666667,17.02433333,594.0
2021-06-12,2,6,2021,12,48750.0,10,14.799999999999999,2082455.872000001,11398,,1247.2,6626,52140,4535,6626,2073,6238,767430970.6700001,154704540.47999996,550647646.8800001,61566035.110000014,474.8648155562907,135.43921602817835,50.2125,46.217499999999994,47.967499999999994,22731383,6472753,201.4,127.96666666666667,690,914.53,788.6,30210.2,92062.92,107093.5,112.8,37.199999999999996,17.675,,175.8,187.66666666666666,131.36666666666667,17.02433333,594.0
2021-06-13,2,6,2021,13,55000.0,15,14.799999999999999,2082455.872000001,11398,,1247.2,6626,52140,4535,6626,2073,6238,767430970.6700001,154704540.47999996,550647646.8800001,61566035.110000014,474.8648155562907,135.43921602817835,50.2125,46.217499999999994,47.967499999999994,22731383,6472753,201.4,127.96666666666667,690,914.53,788.6,30210.2,92062.92,107093.5,112.8,37.199999999999996,17.675,,175.8,187.66666666666666,131.36666666666667,17.02433333,594.0
2021-06-14,2,6,2021,14,55000.0,17,14.799999999999999,2082455.872000001,11398,,1247.2,6626,52140,4535,6626,2073,6238,767430970.6700001,154704540.47999996,550647646.8800001,61566035.110000014,474.8648155562907,135.43921602817835,50.2125,46.217499999999994,47.967499999999994,22731383,6472753,201.4,127.96666666666667,690,914.53,788.6,30210.2,92062.92,107093.5,112.8,37.199999999999996,17.675,,175.8,187.66666666666666,131.36666666666667,17.02433333,594.0
2021-06-15,2,6,2021,15,50000.0,39,14.799999999999999,2082455.872000001,11398,,1247.2,6626,52140,4535,6626,2073,6238,767430970.6700001,154704540.47999996,550647646.8800001,61566035.110000014,474.8648155562907,135.43921602817835,50.2125,46.217499999999994,47.967499999999994,22731383,6472753,201.4,127.96666666666667,690,914.53,788.6,30210.2,92062.92,107093.5,112.8,37.199999999999996,17.675,,175.8,187.66666666666666,131.36666666666667,17.02433333,594.0
2021-06-16,2,6,2021,16,65000.0,48,14.799999999999999,2082455.872000001,11398,,1247.2,6626,52140,4535,6626,2073,6238,767430970.6700001,154704540.47999996,550647646.8800001,61566035.110000014,474.8648155562907,135.43921602817835,50.2125,46.217499999999994,47.967499999999994,22731383,6472753,201.4,127.96666666666667,690,914.53,788.6,30210.2,92062.92,107093.5,112.8,37.199999999999996,17.675,,175.8,187.66666666666666,131.36666666666667,17.02433333,594.0
2021-06-17,2,6,2021,17,50000.0,33,14.799999999999999,2082455.872000001,11398,,1247.2,6626,52140,4535,6626,2073,6238,767430970.6700001,154704540.47999996,550647646.8800001,61566035.110000014,474.8648155562907,135.43921602817835,50.2125,46.217499999999994,47.967499999999994,22731383,6472753,201.4,127.96666666666667,690,914.53,788.6,30210.2,92062.92,107093.5,112.8,37.199999999999996,17.675,,175.8,187.66666666666666,131.36666666666667,17.02433333,594.0
2021-06-18,2,6,2021,18,50000.0,31,14.799999999999999,2082455.872000001,11398,,1247.2,6626,52140,4535,6626,2073,6238,767430970.6700001,154704540.47999996,550647646.8800001,61566035.110000014,474.8648155562907,135.43921602817835,50.2125,46.217499999999994,47.967499999999994,22731383,6472753,201.4,127.96666666666667,690,914.53,788.6,30210.2,92062.92,107093.5,112.8,37.199999999999996,17.675,,175.8,187.66666666666666,131.36666666666667,17.02433333,594.0
2021-06-19,2,6,2021,19,50000.0,4,14.799999999999999,2082455.872000001,11398,,1247.2,6626,52140,4535,6626,2073,6238,767430970.6700001,154704540.47999996,550647646.8800001,61566035.110000014,474.8648155562907,135.43921602817835,50.2125,46.217499999999994,47.967499999999994,22731383,6472753,201.4,127.96666666666667,690,914.53,788.6,30210.2,92062.92,107093.5,112.8,37.199999999999996,17.675,,175.8,187.66666666666666,131.36666666666667,17.02433333,594.0
2021-06-20,2,6,2021,20,50000.0,10,14.799999999999999,2082455.872000001,11398,,1247.2,6626,52140,4535,6626,2073,6238,767430970.6700001,154704540.47999996,550647646.8800001,61566035.110000014,474.8648155562907,135.43921602817835,50.2125,46.217499999999994,47.967499999999994,22731383,6472753,201.4,127.96666666666667,690,914.53,788.6,30210.2,92062.92,107093.5,112.8,37.199999999999996,17.675,,175.8,187.66666666666666,131.36666666666667,17.02433333,594.0
2021-06-21,2,6,2021,21,55000.0,44,14.799999999999999,2082455.872000001,11398,,1247.2,6626,52140,4535,6626,2073,6238,767430970.6700001,154704540.47999996,550647646.8800001,61566035.110000014,474.8648155562907,135.43921602817835,50.2125,46.217499999999994,47.967499999999994,22731383,6472753,201.4,127.96666666666667,690,914.53,788.6,30210.2,92062.92,107093.5,112.8,37.199999999999996,17.675,,175.8,187.66666666666666,131.36666666666667,17.02433333,594.0
2021-06-22,2,6,2021,22,55000.0,45,14.799999999999999,2082455.872000001,11398,,1247.2,6626,52140,4535,6626,2073,6238,767430970.6700001,154704540.47999996,550647646.8800001,61566035.110000014,474.8648155562907,135.43921602817835,50.2125,46.217499999999994,47.967499999999994,22731383,6472753,201.4,127.96666666666667,690,914.53,788.6,30210.2,92062.92,107093.5,112.8,37.199999999999996,17.675,,175.8,187.66666666666666,131.36666666666667,17.02433333,594.0
2021-06-23,2,6,2021,23,57500.0,30,14.799999999999999,2082455.872000001,11398,,1247.2,6626,52140,4535,6626,2073,6238,767430970.6700001,154704540.47999996,550647646.8800001,61566035.110000014,474.8648155562907,135.43921602817835,50.2125,46.217499999999994,47.967499999999994,22731383,6472753,201.4,127.96666666666667,690,914.53,788.6,30210.2,92062.92,107093.5,112.8,37.199999999999996,17.675,,175.8,187.66666666666666,131.36666666666667,17.02433333,594.0
2021-06-24,2,6,2021,24,50000.0,40,14.799999999999999,2082455.872000001,11398,,1247.2,6626,52140,4535,6626,2073,6238,767430970.6700001,154704540.47999996,550647646.8800001,61566035.110000014,474.8648155562907,135.43921602817835,50.2125,46.217499999999994,47.967499999999994,22731383,6472753,201.4,127.96666666666667,690,914.53,788.6,30210.2,92062.92,107093.5,112.8,37.199999999999996,17.675,,175.8,187.66666666666666,131.36666666666667,17.02433333,594.0
2021-06-25,2,6,2021,25,55000.0,25,14.799999999999999,2082455.872000001,11398,,1247.2,6626,52140,4535,6626,2073,6238,767430970.6700001,154704540.47999996,550647646.8800001,61566035.110000014,474.8648155562907,135.43921602817835,50.2125,46.217499999999994,47.967499999999994,22731383,6472753,201.4,127.96666666666667,690,914.53,788.6,30210.2,92062.92,107093.5,112.8,37.199999999999996,17.675,,175.8,187.66666666666666,131.36666666666667,17.02433333,594.0
2021-06-26,2,6,2021,26,36250.0,6,14.799999999999999,2082455.872000001,11398,,1247.2,6626,52140,4535,6626,2073,6238,767430970.6700001,154704540.47999996,550647646.8800001,61566035.110000014,474.8648155562907,135.43921602817835,50.2125,46.217499999999994,47.967499999999994,22731383,6472753,201.4,127.96666666666667,690,914.53,788.6,30210.2,92062.92,107093.5,112.8,37.199999999999996,17.675,,175.8,187.66666666666666,131.36666666666667,17.02433333,594.0
2021-06-27,2,6,2021,27,52500.0,12,14.799999999999999,2082455.872000001,11398,,1247.2,6626,52140,4535,6626,2073,6238,767430970.6700001,154704540.47999996,550647646.8800001,61566035.110000014,474.8648155562907,135.43921602817835,50.2125,46.217499999999994,47.967499999999994,22731383,6472753,201.4,127.96666666666667,690,914.53,788.6,30210.2,92062.92,107093.5,112.8,37.199999999999996,17.675,,175.8,187.66666666666666,131.36666666666667,17.02433333,594.0
2021-06-28,2,6,2021,28,55000.0,46,14.799999999999999,2082455.872000001,11398,,1247.2,6626,52140,4535,6626,2073,6238,767430970.6700001,154704540.47999996,550647646.8800001,61566035.110000014,474.8648155562907,135.43921602817835,50.2125,46.217499999999994,47.967499999999994,22731383,6472753,201.4,127.96666666666667,690,914.53,788.6,30210.2,92062.92,107093.5,112.8,37.199999999999996,17.675,,175.8,187.66666666666666,131.36666666666667,17.02433333,594.0
2021-06-29,2,6,2021,29,50000.0,21,14.799999999999999,2082455.872000001,11398,,1247.2,6626,52140,4535,6626,2073,6238,767430970.6700001,154704540.47999996,550647646.8800001,61566035.110000014,474.8648155562907,135.43921602817835,50.2125,46.217499999999994,47.967499999999994,22731383,6472753,201.4,127.96666666666667,690,914.53,788.6,30210.2,92062.92,107093.5,112.8,37.199999999999996,17.675,,175.8,187.66666666666666,131.36666666666667,17.02433333,594.0
2021-06-30,2,6,2021,30,60000.0,35,14.799999999999999,2082455.872000001,11398,,1247.2,6626,52140,4535,6626,2073,6238,767430970.6700001,154704540.47999996,550647646.8800001,61566035.110000014,474.8648155562907,135.43921602817835,50.2125,46.217499999999994,47.967499999999994,22731383,6472753,201.4,127.96666666666667,690,914.53,788.6,30210.2,92062.92,107093.5,112.8,37.199999999999996,17.675,,175.8,187.66666666666666,131.36666666666667,17.02433333,594.0
2021-07-01,3,7,2021,1,60000.0,33,88.2,2690039.319000004,19673,,2317.8,3645,56132,3992,3645,1070,5079,564774035.7799997,156966883.28000003,292353508.3199997,114806075.08999997,805.3411517250223,412.83477871534353,50.3925,46.3325,48.13,39245281,19977763,245.56666666666666,127.73333333333333,725.64,939.32,774.81,32712.8,98253.44,98253.27,153.09999999999997,33.5,19.05,,173.03333333333333,204.6,129.56666666666666,17.262,594.0
2021-07-02,3,7,2021,2,60000.0,33,88.2,2690039.319000004,19673,,2317.8,3645,56132,3992,3645,1070,5079,564774035.7799997,156966883.28000003,292353508.3199997,114806075.08999997,805.3411517250223,412.83477871534353,50.3925,46.3325,48.13,39245281,19977763,245.56666666666666,127.73333333333333,725.64,939.32,774.81,32712.8,98253.44,98253.27,153.09999999999997,33.5,19.05,,173.03333333333333,204.6,129.56666666666666,17.262,594.0
2021-07-03,3,7,2021,3,60000.0,7,88.2,2690039.319000004,19673,,2317.8,3645,56132,3992,3645,1070,5079,564774035.7799997,156966883.28000003,292353508.3199997,114806075.08999997,805.3411517250223,412.83477871534353,50.3925,46.3325,48.13,39245281,19977763,245.56666666666666,127.73333333333333,725.64,939.32,774.81,32712.8,98253.44,98253.27,153.09999999999997,33.5,19.05,,173.03333333333333,204.6,129.56666666666666,17.262,594.0
2021-07-04,3,7,2021,4,40000.0,11,88.2,2690039.319000004,19673,,2317.8,3645,56132,3992,3645,1070,5079,564774035.7799997,156966883.28000003,292353508.3199997,114806075.08999997,805.3411517250223,412.83477871534353,50.3925,46.3325,48.13,39245281,19977763,245.56666666666666,127.73333333333333,725.64,939.32,774.81,32712.8,98253.44,98253.27,153.09999999999997,33.5,19.05,,173.03333333333333,204.6,129.56666666666666,17.262,594.0
2021-07-05,3,7,2021,5,60000.0,59,88.2,2690039.319000004,19673,,2317.8,3645,56132,3992,3645,1070,5079,564774035.7799997,156966883.28000003,292353508.3199997,114806075.08999997,805.3411517250223,412.83477871534353,50.3925,46.3325,48.13,39245281,19977763,245.56666666666666,127.73333333333333,725.64,939.32,774.81,32712.8,98253.44,98253.27,153.09999999999997,33.5,19.05,,173.03333333333333,204.6,129.56666666666666,17.262,594.0
2021-07-06,3,7,2021,6,55000.0,44,88.2,2690039.319000004,19673,,2317.8,3645,56132,3992,3645,1070,5079,564774035.7799997,156966883.28000003,292353508.3199997,114806075.08999997,805.3411517250223,412.83477871534353,50.3925,46.3325,48.13,39245281,19977763,245.56666666666666,127.73333333333333,725.64,939.32,774.81,32712.8,98253.44,98253.27,153.09999999999997,33.5,19.05,,173.03333333333333,204.6,129.56666666666666,17.262,594.0
2021-07-07,3,7,2021,7,60000.0,53,88.2,2690039.319000004,19673,,2317.8,3645,56132,3992,3645,1070,5079,564774035.7799997,156966883.28000003,292353508.3199997,114806075.08999997,805.3411517250223,412.83477871534353,50.3925,46.3325,48.13,39245281,19977763,245.56666666666666,127.73333333333333,725.64,939.32,774.81,32712.8,98253.44,98253.27,153.09999999999997,33.5,19.05,,173.03333333333333,204.6,129.56666666666666,17.262,594.0
2021-07-08,3,7,2021,8,65000.0,37,88.2,2690039.319000004,19673,,2317.8,3645,56132,3992,3645,1070,5079,564774035.7799997,156966883.28000003,292353508.3199997,114806075.08999997,805.3411517250223,412.83477871534353,50.3925,46.3325,48.13,39245281,19977763,245.56666666666666,127.73333333333333,725.64,939.32,774.81,32712.8,98253.44,98253.27,153.09999999999997,33.5,19.05,,173.03333333333333,204.6,129.56666666666666,17.262,594.0
2021-07-09,3,7,2021,9,55000.0,44,88.2,2690039.319000004,19673,,2317.8,3645,56132,3992,3645,1070,5079,564774035.7799997,156966883.28000003,292353508.3199997,114806075.08999997,805.3411517250223,412.83477871534353,50.3925,46.3325,48.13,39245281,19977763,245.56666666666666,127.73333333333333,725.64,939.32,774.81,32712.8,98253.44,98253.27,153.09999999999997,33.5,19.05,,173.03333333333333,204.6,129.56666666666666,17.262,594.0
2021-07-10,3,7,2021,10,55000.0,11,88.2,2690039.319000004,19673,,2317.8,3645,56132,3992,3645,1070,5079,564774035.7799997,156966883.28000003,292353508.3199997,114806075.08999997,805.3411517250223,412.83477871534353,50.3925,46.3325,48.13,39245281,19977763,245.56666666666666,127.73333333333333,725.64,939.32,774.81,32712.8,98253.44,98253.27,153.09999999999997,33.5,19.05,,173.03333333333333,204.6,129.56666666666666,17.262,594.0
2021-07-11,3,7,2021,11,75000.0,4,88.2,2690039.319000004,19673,,2317.8,3645,56132,3992,3645,1070,5079,564774035.7799997,156966883.28000003,292353508.3199997,114806075.08999997,805.3411517250223,412.83477871534353,50.3925,46.3325,48.13,39245281,19977763,245.56666666666666,127.73333333333333,725.64,939.32,774.81,32712.8,98253.44,98253.27,153.09999999999997,33.5,19.05,,173.03333333333333,204.6,129.56666666666666,17.262,594.0
2021-07-12,3,7,2021,12,60000.0,57,88.2,2690039.319000004,19673,,2317.8,3645,56132,3992,3645,1070,5079,564774035.7799997,156966883.28000003,292353508.3199997,114806075.08999997,805.3411517250223,412.83477871534353,50.3925,46.3325,48.13,39245281,19977763,245.56666666666666,127.73333333333333,725.64,939.32,774.81,32712.8,98253.44,98253.27,153.09999999999997,33.5,19.05,,173.03333333333333,204.6,129.56666666666666,17.262,594.0
2021-07-13,3,7,2021,13,55000.0,55,88.2,2690039.319000004,19673,,2317.8,3645,56132,3992,3645,1070,5079,564774035.7799997,156966883.28000003,292353508.3199997,114806075.08999997,805.3411517250223,412.83477871534353,50.3925,46.3325,48.13,39245281,19977763,245.56666666666666,127.73333333333333,725.64,939.32,774.81,32712.8,98253.44,98253.27,153.09999999999997,33.5,19.05,,173.03333333333333,204.6,129.56666666666666,17.262,594.0
2021-07-14,3,7,2021,14,50000.0,37,88.2,2690039.319000004,19673,,2317.8,3645,56132,3992,3645,1070,5079,564774035.7799997,156966883.28000003,292353508.3199997,114806075.08999997,805.3411517250223,412.83477871534353,50.3925,46.3325,48.13,39245281,19977763,245.56666666666666,127.73333333333333,725.64,939.32,774.81,32712.8,98253.44,98253.27,153.09999999999997,33.5,19.05,,173.03333333333333,204.6,129.56666666666666,17.262,594.0
2021-07-15,3,7,2021,15,50000.0,45,88.2,2690039.319000004,19673,,2317.8,3645,56132,3992,3645,1070,5079,564774035.7799997,156966883.28000003,292353508.3199997,114806075.08999997,805.3411517250223,412.83477871534353,50.3925,46.3325,48.13,39245281,19977763,245.56666666666666,127.73333333333333,725.64,939.32,774.81,32712.8,98253.44,98253.27,153.09999999999997,33.5,19.05,,173.03333333333333,204.6,129.56666666666666,17.262,594.0
2021-07-16,3,7,2021,16,55000.0,40,88.2,2690039.319000004,19673,,2317.8,3645,56132,3992,3645,1070,5079,564774035.7799997,156966883.28000003,292353508.3199997,114806075.08999997,805.3411517250223,412.83477871534353,50.3925,46.3325,48.13,39245281,19977763,245.56666666666666,127.73333333333333,725.64,939.32,774.81,32712.8,98253.44,98253.27,153.09999999999997,33.5,19.05,,173.03333333333333,204.6,129.56666666666666,17.262,594.0
2021-07-17,3,7,2021,17,67500.0,14,88.2,2690039.319000004,19673,,2317.8,3645,56132,3992,3645,1070,5079,564774035.7799997,156966883.28000003,292353508.3199997,114806075.08999997,805.3411517250223,412.83477871534353,50.3925,46.3325,48.13,39245281,19977763,245.56666666666666,127.73333333333333,725.64,939.32,774.81,32712.8,98253.44,98253.27,153.09999999999997,33.5,19.05,,173.03333333333333,204.6,129.56666666666666,17.262,594.0
2021-07-18,3,7,2021,18,67500.0,10,88.2,2690039.319000004,19673,,2317.8,3645,56132,3992,3645,1070,5079,564774035.7799997,156966883.28000003,292353508.3199997,114806075.08999997,805.3411517250223,412.83477871534353,50.3925,46.3325,48.13,39245281,19977763,245.56666666666666,127.73333333333333,725.64,939.32,774.81,32712.8,98253.44,98253.27,153.09999999999997,33.5,19.05,,173.03333333333333,204.6,129.56666666666666,17.262,594.0
2021-07-19,3,7,2021,19,50000.0,50,88.2,2690039.319000004,19673,,2317.8,3645,56132,3992,3645,1070,5079,564774035.7799997,156966883.28000003,292353508.3199997,114806075.08999997,805.3411517250223,412.83477871534353,50.3925,46.3325,48.13,39245281,19977763,245.56666666666666,127.73333333333333,725.64,939.32,774.81,32712.8,98253.44,98253.27,153.09999999999997,33.5,19.05,,173.03333333333333,204.6,129.56666666666666,17.262,594.0
2021-07-20,3,7,2021,20,60000.0,43,88.2,2690039.319000004,19673,,2317.8,3645,56132,3992,3645,1070,5079,564774035.7799997,156966883.28000003,292353508.3199997,114806075.08999997,805.3411517250223,412.83477871534353,50.3925,46.3325,48.13,39245281,19977763,245.56666666666666,127.73333333333333,725.64,939.32,774.81,32712.8,98253.44,98253.27,153.09999999999997,33.5,19.05,,173.03333333333333,204.6,129.56666666666666,17.262,594.0
2021-07-21,3,7,2021,21,70000.0,35,88.2,2690039.319000004,19673,,2317.8,3645,56132,3992,3645,1070,5079,564774035.7799997,156966883.28000003,292353508.3199997,114806075.08999997,805.3411517250223,412.83477871534353,50.3925,46.3325,48.13,39245281,19977763,245.56666666666666,127.73333333333333,725.64,939.32,774.81,32712.8,98253.44,98253.27,153.09999999999997,33.5,19.05,,173.03333333333333,204.6,129.56666666666666,17.262,594.0
2021-07-22,3,7,2021,22,50000.0,48,88.2,2690039.319000004,19673,,2317.8,3645,56132,3992,3645,1070,5079,564774035.7799997,156966883.28000003,292353508.3199997,114806075.08999997,805.3411517250223,412.83477871534353,50.3925,46.3325,48.13,39245281,19977763,245.56666666666666,127.73333333333333,725.64,939.32,774.81,32712.8,98253.44,98253.27,153.09999999999997,33.5,19.05,,173.03333333333333,204.6,129.56666666666666,17.262,594.0
2021-07-23,3,7,2021,23,60000.0,20,88.2,2690039.319000004,19673,,2317.8,3645,56132,3992,3645,1070,5079,564774035.7799997,156966883.28000003,292353508.3199997,114806075.08999997,805.3411517250223,412.83477871534353,50.3925,46.3325,48.13,39245281,19977763,245.56666666666666,127.73333333333333,725.64,939.32,774.81,32712.8,98253.44,98253.27,153.09999999999997,33.5,19.05,,173.03333333333333,204.6,129.56666666666666,17.262,594.0
2021-07-24,3,7,2021,24,61875.0,5,88.2,2690039.319000004,19673,,2317.8,3645,56132,3992,3645,1070,5079,564774035.7799997,156966883.28000003,292353508.3199997,114806075.08999997,805.3411517250223,412.83477871534353,50.3925,46.3325,48.13,39245281,19977763,245.56666666666666,127.73333333333333,725.64,939.32,774.81,32712.8,98253.44,98253.27,153.09999999999997,33.5,19.05,,173.03333333333333,204.6,129.56666666666666,17.262,594.0
2021-07-25,3,7,2021,25,75000.0,18,88.2,2690039.319000004,19673,,2317.8,3645,56132,3992,3645,1070,5079,564774035.7799997,156966883.28000003,292353508.3199997,114806075.08999997,805.3411517250223,412.83477871534353,50.3925,46.3325,48.13,39245281,19977763,245.56666666666666,127.73333333333333,725.64,939.32,774.81,32712.8,98253.44,98253.27,153.09999999999997,33.5,19.05,,173.03333333333333,204.6,129.56666666666666,17.262,594.0
2021-07-26,3,7,2021,26,50000.0,45,88.2,2690039.319000004,19673,,2317.8,3645,56132,3992,3645,1070,5079,564774035.7799997,156966883.28000003,292353508.3199997,114806075.08999997,805.3411517250223,412.83477871534353,50.3925,46.3325,48.13,39245281,19977763,245.56666666666666,127.73333333333333,725.64,939.32,774.81,32712.8,98253.44,98253.27,153.09999999999997,33.5,19.05,,173.03333333333333,204.6,129.56666666666666,17.262,594.0
2021-07-27,3,7,2021,27,55000.0,39,88.2,2690039.319000004,19673,,2317.8,3645,56132,3992,3645,1070,5079,564774035.7799997,156966883.28000003,292353508.3199997,114806075.08999997,805.3411517250223,412.83477871534353,50.3925,46.3325,48.13,39245281,19977763,245.56666666666666,127.73333333333333,725.64,939.32,774.81,32712.8,98253.44,98253.27,153.09999999999997,33.5,19.05,,173.03333333333333,204.6,129.56666666666666,17.262,594.0
2021-07-28,3,7,2021,28,50000.0,48,88.2,2690039.319000004,19673,,2317.8,3645,56132,3992,3645,1070,5079,564774035.7799997,156966883.28000003,292353508.3199997,114806075.08999997,805.3411517250223,412.83477871534353,50.3925,46.3325,48.13,39245281,19977763,245.56666666666666,127.73333333333333,725.64,939.32,774.81,32712.8,98253.44,98253.27,153.09999999999997,33.5,19.05,,173.03333333333333,204.6,129.56666666666666,17.262,594.0
2021-07-29,3,7,2021,29,60000.0,48,88.2,2690039.319000004,19673,,2317.8,3645,56132,3992,3645,1070,5079,564774035.7799997,156966883.28000003,292353508.3199997,114806075.08999997,805.3411517250223,412.83477871534353,50.3925,46.3325,48.13,39245281,19977763,245.56666666666666,127.73333333333333,725.64,939.32,774.81,32712.8,98253.44,98253.27,153.09999999999997,33.5,19.05,,173.03333333333333,204.6,129.56666666666666,17.262,594.0
2021-07-30,3,7,2021,30,50000.0,30,88.2,2690039.319000004,19673,,2317.8,3645,56132,3992,3645,1070,5079,564774035.7799997,156966883.28000003,292353508.3199997,114806075.08999997,805.3411517250223,412.83477871534353,50.3925,46.3325,48.13,39245281,19977763,245.56666666666666,127.73333333333333,725.64,939.32,774.81,32712.8,98253.44,98253.27,153.09999999999997,33.5,19.05,,173.03333333333333,204.6,129.56666666666666,17.262,594.0
2021-07-31,3,7,2021,31,60000.0,9,88.2,2690039.319000004,19673,,2317.8,3645,56132,3992,3645,1070,5079,564774035.7799997,156966883.28000003,292353508.3199997,114806075.08999997,805.3411517250223,412.83477871534353,50.3925,46.3325,48.13,39245281,19977763,245.56666666666666,127.73333333333333,725.64,939.32,774.81,32712.8,98253.44,98253.27,153.09999999999997,33.5,19.05,,173.03333333333333,204.6,129.56666666666666,17.262,594.0
2021-08-01,3,8,2021,1,60000.0,3,88.2,2645563.2519999994,25535,,2317.8,3728,55324,-808,3728,1066,4781,471202672.84000015,126868356.90999997,275810900.79000044,68370419.57,805.3411517250223,412.83477871534353,50.9825,46.769999999999996,48.5325,39245281,19977763,212.38709677419354,136.29032258064515,456.03,914.21,752.51,48490.7,104729.16,87996.21,153.09999999999997,33.5,19.92,,172.03225806451613,179.19354838709677,132.8709677419355,18.01,594.0
2021-08-02,3,8,2021,2,50000.0,44,88.2,2645563.2519999994,25535,,2317.8,3728,55324,-808,3728,1066,4781,471202672.84000015,126868356.90999997,275810900.79000044,68370419.57,805.3411517250223,412.83477871534353,50.9825,46.769999999999996,48.5325,39245281,19977763,212.38709677419354,136.29032258064515,456.03,914.21,752.51,48490.7,104729.16,87996.21,153.09999999999997,33.5,19.92,,172.03225806451613,179.19354838709677,132.8709677419355,18.01,594.0
2021-08-03,3,8,2021,3,50000.0,34,88.2,2645563.2519999994,25535,,2317.8,3728,55324,-808,3728,1066,4781,471202672.84000015,126868356.90999997,275810900.79000044,68370419.57,805.3411517250223,412.83477871534353,50.9825,46.769999999999996,48.5325,39245281,19977763,212.38709677419354,136.29032258064515,456.03,914.21,752.51,48490.7,104729.16,87996.21,153.09999999999997,33.5,19.92,,172.03225806451613,179.19354838709677,132.8709677419355,18.01,594.0
2021-08-04,3,8,2021,4,55000.0,27,88.2,2645563.2519999994,25535,,2317.8,3728,55324,-808,3728,1066,4781,471202672.84000015,126868356.90999997,275810900.79000044,68370419.57,805.3411517250223,412.83477871534353,50.9825,46.769999999999996,48.5325,39245281,19977763,212.38709677419354,136.29032258064515,456.03,914.21,752.51,48490.7,104729.16,87996.21,153.09999999999997,33.5,19.92,,172.03225806451613,179.19354838709677,132.8709677419355,18.01,594.0
2021-08-05,3,8,2021,5,50000.0,35,88.2,2645563.2519999994,25535,,2317.8,3728,55324,-808,3728,1066,4781,471202672.84000015,126868356.90999997,275810900.79000044,68370419.57,805.3411517250223,412.83477871534353,50.9825,46.769999999999996,48.5325,39245281,19977763,212.38709677419354,136.29032258064515,456.03,914.21,752.51,48490.7,104729.16,87996.21,153.09999999999997,33.5,19.92,,172.03225806451613,179.19354838709677,132.8709677419355,18.01,594.0
2021-08-06,3,8,2021,6,52500.0,19,88.2,2645563.2519999994,25535,,2317.8,3728,55324,-808,3728,1066,4781,471202672.84000015,126868356.90999997,275810900.79000044,68370419.57,805.3411517250223,412.83477871534353,50.9825,46.769999999999996,48.5325,39245281,19977763,212.38709677419354,136.29032258064515,456.03,914.21,752.51,48490.7,104729.16,87996.21,153.09999999999997,33.5,19.92,,172.03225806451613,179.19354838709677,132.8709677419355,18.01,594.0
2021-08-07,3,8,2021,7,250000.0,11,88.2,2645563.2519999994,25535,,2317.8,3728,55324,-808,3728,1066,4781,471202672.84000015,126868356.90999997,275810900.79000044,68370419.57,805.3411517250223,412.83477871534353,50.9825,46.769999999999996,48.5325,39245281,19977763,212.38709677419354,136.29032258064515,456.03,914.21,752.51,48490.7,104729.16,87996.21,153.09999999999997,33.5,19.92,,172.03225806451613,179.19354838709677,132.8709677419355,18.01,594.0
2021-08-08,3,8,2021,8,65000.0,9,88.2,2645563.2519999994,25535,,2317.8,3728,55324,-808,3728,1066,4781,471202672.84000015,126868356.90999997,275810900.79000044,68370419.57,805.3411517250223,412.83477871534353,50.9825,46.769999999999996,48.5325,39245281,19977763,212.38709677419354,136.29032258064515,456.03,914.21,752.51,48490.7,104729.16,87996.21,153.09999999999997,33.5,19.92,,172.03225806451613,179.19354838709677,132.8709677419355,18.01,594.0
2021-08-09,3,8,2021,9,55500.0,50,88.2,2645563.2519999994,25535,,2317.8,3728,55324,-808,3728,1066,4781,471202672.84000015,126868356.90999997,275810900.79000044,68370419.57,805.3411517250223,412.83477871534353,50.9825,46.769999999999996,48.5325,39245281,19977763,212.38709677419354,136.29032258064515,456.03,914.21,752.51,48490.7,104729.16,87996.21,153.09999999999997,33.5,19.92,,172.03225806451613,179.19354838709677,132.8709677419355,18.01,594.0
2021-08-10,3,8,2021,10,52500.0,32,88.2,2645563.2519999994,25535,,2317.8,3728,55324,-808,3728,1066,4781,471202672.84000015,126868356.90999997,275810900.79000044,68370419.57,805.3411517250223,412.83477871534353,50.9825,46.769999999999996,48.5325,39245281,19977763,212.38709677419354,136.29032258064515,456.03,914.21,752.51,48490.7,104729.16,87996.21,153.09999999999997,33.5,19.92,,172.03225806451613,179.19354838709677,132.8709677419355,18.01,594.0
2021-08-11,3,8,2021,11,50000.0,27,88.2,2645563.2519999994,25535,,2317.8,3728,55324,-808,3728,1066,4781,471202672.84000015,126868356.90999997,275810900.79000044,68370419.57,805.3411517250223,412.83477871534353,50.9825,46.769999999999996,48.5325,39245281,19977763,212.38709677419354,136.29032258064515,456.03,914.21,752.51,48490.7,104729.16,87996.21,153.09999999999997,33.5,19.92,,172.03225806451613,179.19354838709677,132.8709677419355,18.01,594.0
2021-08-12,3,8,2021,12,57250.0,23,88.2,2645563.2519999994,25535,,2317.8,3728,55324,-808,3728,1066,4781,471202672.84000015,126868356.90999997,275810900.79000044,68370419.57,805.3411517250223,412.83477871534353,50.9825,46.769999999999996,48.5325,39245281,19977763,212.38709677419354,136.29032258064515,456.03,914.21,752.51,48490.7,104729.16,87996.21,153.09999999999997,33.5,19.92,,172.03225806451613,179.19354838709677,132.8709677419355,18.01,594.0
2021-08-13,3,8,2021,13,62500.0,24,88.2,2645563.2519999994,25535,,2317.8,3728,55324,-808,3728,1066,4781,471202672.84000015,126868356.90999997,275810900.79000044,68370419.57,805.3411517250223,412.83477871534353,50.9825,46.769999999999996,48.5325,39245281,19977763,212.38709677419354,136.29032258064515,456.03,914.21,752.51,48490.7,104729.16,87996.21,153.09999999999997,33.5,19.92,,172.03225806451613,179.19354838709677,132.8709677419355,18.01,594.0
2021-08-14,3,8,2021,14,77500.0,6,88.2,2645563.2519999994,25535,,2317.8,3728,55324,-808,3728,1066,4781,471202672.84000015,126868356.90999997,275810900.79000044,68370419.57,805.3411517250223,412.83477871534353,50.9825,46.769999999999996,48.5325,39245281,19977763,212.38709677419354,136.29032258064515,456.03,914.21,752.51,48490.7,104729.16,87996.21,153.09999999999997,33.5,19.92,,172.03225806451613,179.19354838709677,132.8709677419355,18.01,594.0
2021-08-15,3,8,2021,15,50000.0,9,88.2,2645563.2519999994,25535,,2317.8,3728,55324,-808,3728,1066,4781,471202672.84000015,126868356.90999997,275810900.79000044,68370419.57,805.3411517250223,412.83477871534353,50.9825,46.769999999999996,48.5325,39245281,19977763,212.38709677419354,136.29032258064515,456.03,914.21,752.51,48490.7,104729.16,87996.21,153.09999999999997,33.5,19.92,,172.03225806451613,179.19354838709677,132.8709677419355,18.01,594.0
2021-08-16,3,8,2021,16,50000.0,49,88.2,2645563.2519999994,25535,,2317.8,3728,55324,-808,3728,1066,4781,471202672.84000015,126868356.90999997,275810900.79000044,68370419.57,805.3411517250223,412.83477871534353,50.9825,46.769999999999996,48.5325,39245281,19977763,212.38709677419354,136.29032258064515,456.03,914.21,752.51,48490.7,104729.16,87996.21,153.09999999999997,33.5,19.92,,172.03225806451613,179.19354838709677,132.8709677419355,18.01,594.0
2021-08-17,3,8,2021,17,60000.0,33,88.2,2645563.2519999994,25535,,2317.8,3728,55324,-808,3728,1066,4781,471202672.84000015,126868356.90999997,275810900.79000044,68370419.57,805.3411517250223,412.83477871534353,50.9825,46.769999999999996,48.5325,39245281,19977763,212.38709677419354,136.29032258064515,456.03,914.21,752.51,48490.7,104729.16,87996.21,153.09999999999997,33.5,19.92,,172.03225806451613,179.19354838709677,132.8709677419355,18.01,594.0
2021-08-18,3,8,2021,18,70000.0,37,88.2,2645563.2519999994,25535,,2317.8,3728,55324,-808,3728,1066,4781,471202672.84000015,126868356.90999997,275810900.79000044,68370419.57,805.3411517250223,412.83477871534353,50.9825,46.769999999999996,48.5325,39245281,19977763,212.38709677419354,136.29032258064515,456.03,914.21,752.51,48490.7,104729.16,87996.21,153.09999999999997,33.5,19.92,,172.03225806451613,179.19354838709677,132.8709677419355,18.01,594.0
2021-08-19,3,8,2021,19,55250.0,46,88.2,2645563.2519999994,25535,,2317.8,3728,55324,-808,3728,1066,4781,471202672.84000015,126868356.90999997,275810900.79000044,68370419.57,805.3411517250223,412.83477871534353,50.9825,46.769999999999996,48.5325,39245281,19977763,212.38709677419354,136.29032258064515,456.03,914.21,752.51,48490.7,104729.16,87996.21,153.09999999999997,33.5,19.92,,172.03225806451613,179.19354838709677,132.8709677419355,18.01,594.0
2021-08-20,3,8,2021,20,50000.0,33,88.2,2645563.2519999994,25535,,2317.8,3728,55324,-808,3728,1066,4781,471202672.84000015,126868356.90999997,275810900.79000044,68370419.57,805.3411517250223,412.83477871534353,50.9825,46.769999999999996,48.5325,39245281,19977763,212.38709677419354,136.29032258064515,456.03,914.21,752.51,48490.7,104729.16,87996.21,153.09999999999997,33.5,19.92,,172.03225806451613,179.19354838709677,132.8709677419355,18.01,594.0
2021-08-21,3,8,2021,21,47500.0,4,88.2,2645563.2519999994,25535,,2317.8,3728,55324,-808,3728,1066,4781,471202672.84000015,126868356.90999997,275810900.79000044,68370419.57,805.3411517250223,412.83477871534353,50.9825,46.769999999999996,48.5325,39245281,19977763,212.38709677419354,136.29032258064515,456.03,914.21,752.51,48490.7,104729.16,87996.21,153.09999999999997,33.5,19.92,,172.03225806451613,179.19354838709677,132.8709677419355,18.01,594.0
2021-08-22,3,8,2021,22,70000.0,13,88.2,2645563.2519999994,25535,,2317.8,3728,55324,-808,3728,1066,4781,471202672.84000015,126868356.90999997,275810900.79000044,68370419.57,805.3411517250223,412.83477871534353,50.9825,46.769999999999996,48.5325,39245281,19977763,212.38709677419354,136.29032258064515,456.03,914.21,752.51,48490.7,104729.16,87996.21,153.09999999999997,33.5,19.92,,172.03225806451613,179.19354838709677,132.8709677419355,18.01,594.0
2021-08-23,3,8,2021,23,52500.0,42,88.2,2645563.2519999994,25535,,2317.8,3728,55324,-808,3728,1066,4781,471202672.84000015,126868356.90999997,275810900.79000044,68370419.57,805.3411517250223,412.83477871534353,50.9825,46.769999999999996,48.5325,39245281,19977763,212.38709677419354,136.29032258064515,456.03,914.21,752.51,48490.7,104729.16,87996.21,153.09999999999997,33.5,19.92,,172.03225806451613,179.19354838709677,132.8709677419355,18.01,594.0
2021-08-24,3,8,2021,24,60000.0,45,88.2,2645563.2519999994,25535,,2317.8,3728,55324,-808,3728,1066,4781,471202672.84000015,126868356.90999997,275810900.79000044,68370419.57,805.3411517250223,412.83477871534353,50.9825,46.769999999999996,48.5325,39245281,19977763,212.38709677419354,136.29032258064515,456.03,914.21,752.51,48490.7,104729.16,87996.21,153.09999999999997,33.5,19.92,,172.03225806451613,179.19354838709677,132.8709677419355,18.01,594.0
2021-08-25,3,8,2021,25,55000.0,32,88.2,2645563.2519999994,25535,,2317.8,3728,55324,-808,3728,1066,4781,471202672.84000015,126868356.90999997,275810900.79000044,68370419.57,805.3411517250223,412.83477871534353,50.9825,46.769999999999996,48.5325,39245281,19977763,212.38709677419354,136.29032258064515,456.03,914.21,752.51,48490.7,104729.16,87996.21,153.09999999999997,33.5,19.92,,172.03225806451613,179.19354838709677,132.8709677419355,18.01,594.0
2021-08-26,3,8,2021,26,60000.0,45,88.2,2645563.2519999994,25535,,2317.8,3728,55324,-808,3728,1066,4781,471202672.84000015,126868356.90999997,275810900.79000044,68370419.57,805.3411517250223,412.83477871534353,50.9825,46.769999999999996,48.5325,39245281,19977763,212.38709677419354,136.29032258064515,456.03,914.21,752.51,48490.7,104729.16,87996.21,153.09999999999997,33.5,19.92,,172.03225806451613,179.19354838709677,132.8709677419355,18.01,594.0
2021-08-27,3,8,2021,27,50000.0,39,88.2,2645563.2519999994,25535,,2317.8,3728,55324,-808,3728,1066,4781,471202672.84000015,126868356.90999997,275810900.79000044,68370419.57,805.3411517250223,412.83477871534353,50.9825,46.769999999999996,48.5325,39245281,19977763,212.38709677419354,136.29032258064515,456.03,914.21,752.51,48490.7,104729.16,87996.21,153.09999999999997,33.5,19.92,,172.03225806451613,179.19354838709677,132.8709677419355,18.01,594.0
2021-08-28,3,8,2021,28,60000.0,10,88.2,2645563.2519999994,25535,,2317.8,3728,55324,-808,3728,1066,4781,471202672.84000015,126868356.90999997,275810900.79000044,68370419.57,805.3411517250223,412.83477871534353,50.9825,46.769999999999996,48.5325,39245281,19977763,212.38709677419354,136.29032258064515,456.03,914.21,752.51,48490.7,104729.16,87996.21,153.09999999999997,33.5,19.92,,172.03225806451613,179.19354838709677,132.8709677419355,18.01,594.0
2021-08-29,3,8,2021,29,60000.0,17,88.2,2645563.2519999994,25535,,2317.8,3728,55324,-808,3728,1066,4781,471202672.84000015,126868356.90999997,275810900.79000044,68370419.57,805.3411517250223,412.83477871534353,50.9825,46.769999999999996,48.5325,39245281,19977763,212.38709677419354,136.29032258064515,456.03,914.21,752.51,48490.7,104729.16,87996.21,153.09999999999997,33.5,19.92,,172.03225806451613,179.19354838709677,132.8709677419355,18.01,594.0
2021-08-30,3,8,2021,30,51000.0,41,88.2,2645563.2519999994,25535,,2317.8,3728,55324,-808,3728,1066,4781,471202672.84000015,126868356.90999997,275810900.79000044,68370419.57,805.3411517250223,412.83477871534353,50.9825,46.769999999999996,48.5325,39245281,19977763,212.38709677419354,136.29032258064515,456.03,914.21,752.51,48490.7,104729.16,87996.21,153.09999999999997,33.5,19.92,,172.03225806451613,179.19354838709677,132.8709677419355,18.01,594.0
2021-08-31,3,8,2021,31,55000.0,39,88.2,2645563.2519999994,25535,,2317.8,3728,55324,-808,3728,1066,4781,471202672.84000015,126868356.90999997,275810900.79000044,68370419.57,805.3411517250223,412.83477871534353,50.9825,46.769999999999996,48.5325,39245281,19977763,212.38709677419354,136.29032258064515,456.03,914.21,752.51,48490.7,104729.16,87996.21,153.09999999999997,33.5,19.92,,172.03225806451613,179.19354838709677,132.8709677419355,18.01,594.0
2021-09-01,3,9,2021,1,65000.0,61,88.2,2057354.766999998,28165,,2317.8,3964,59551,4227,3964,1067,4587,321842363.8499999,86562184.25,184911165.17999983,49216695.45000005,805.3411517250223,412.83477871534353,51.1475,46.7625,48.5125,39245281,19977763,217.36666666666667,129.9,453.82,848.74,737.27,49169.08,99976.44,87935.12,153.09999999999997,33.5,20.15,87.06667,167.9,193.7,132.7,18.19866667,594.0
2021-09-02,3,9,2021,2,62500.0,46,88.2,2057354.766999998,28165,,2317.8,3964,59551,4227,3964,1067,4587,321842363.8499999,86562184.25,184911165.17999983,49216695.45000005,805.3411517250223,412.83477871534353,51.1475,46.7625,48.5125,39245281,19977763,217.36666666666667,129.9,453.82,848.74,737.27,49169.08,99976.44,87935.12,153.09999999999997,33.5,20.15,87.06667,167.9,193.7,132.7,18.19866667,594.0
2021-09-03,3,9,2021,3,55000.0,32,88.2,2057354.766999998,28165,,2317.8,3964,59551,4227,3964,1067,4587,321842363.8499999,86562184.25,184911165.17999983,49216695.45000005,805.3411517250223,412.83477871534353,51.1475,46.7625,48.5125,39245281,19977763,217.36666666666667,129.9,453.82,848.74,737.27,49169.08,99976.44,87935.12,153.09999999999997,33.5,20.15,87.06667,167.9,193.7,132.7,18.19866667,594.0
2021-09-04,3,9,2021,4,90000.0,4,88.2,2057354.766999998,28165,,2317.8,3964,59551,4227,3964,1067,4587,321842363.8499999,86562184.25,184911165.17999983,49216695.45000005,805.3411517250223,412.83477871534353,51.1475,46.7625,48.5125,39245281,19977763,217.36666666666667,129.9,453.82,848.74,737.27,49169.08,99976.44,87935.12,153.09999999999997,33.5,20.15,87.06667,167.9,193.7,132.7,18.19866667,594.0
2021-09-05,3,9,2021,5,60000.0,9,88.2,2057354.766999998,28165,,2317.8,3964,59551,4227,3964,1067,4587,321842363.8499999,86562184.25,184911165.17999983,49216695.45000005,805.3411517250223,412.83477871534353,51.1475,46.7625,48.5125,39245281,19977763,217.36666666666667,129.9,453.82,848.74,737.27,49169.08,99976.44,87935.12,153.09999999999997,33.5,20.15,87.06667,167.9,193.7,132.7,18.19866667,594.0
2021-09-06,3,9,2021,6,62500.0,52,88.2,2057354.766999998,28165,,2317.8,3964,59551,4227,3964,1067,4587,321842363.8499999,86562184.25,184911165.17999983,49216695.45000005,805.3411517250223,412.83477871534353,51.1475,46.7625,48.5125,39245281,19977763,217.36666666666667,129.9,453.82,848.74,737.27,49169.08,99976.44,87935.12,153.09999999999997,33.5,20.15,87.06667,167.9,193.7,132.7,18.19866667,594.0
2021-09-07,3,9,2021,7,51250.0,54,88.2,2057354.766999998,28165,,2317.8,3964,59551,4227,3964,1067,4587,321842363.8499999,86562184.25,184911165.17999983,49216695.45000005,805.3411517250223,412.83477871534353,51.1475,46.7625,48.5125,39245281,19977763,217.36666666666667,129.9,453.82,848.74,737.27,49169.08,99976.44,87935.12,153.09999999999997,33.5,20.15,87.06667,167.9,193.7,132.7,18.19866667,594.0
2021-09-08,3,9,2021,8,55000.0,47,88.2,2057354.766999998,28165,,2317.8,3964,59551,4227,3964,1067,4587,321842363.8499999,86562184.25,184911165.17999983,49216695.45000005,805.3411517250223,412.83477871534353,51.1475,46.7625,48.5125,39245281,19977763,217.36666666666667,129.9,453.82,848.74,737.27,49169.08,99976.44,87935.12,153.09999999999997,33.5,20.15,87.06667,167.9,193.7,132.7,18.19866667,594.0
2021-09-09,3,9,2021,9,61250.0,40,88.2,2057354.766999998,28165,,2317.8,3964,59551,4227,3964,1067,4587,321842363.8499999,86562184.25,184911165.17999983,49216695.45000005,805.3411517250223,412.83477871534353,51.1475,46.7625,48.5125,39245281,19977763,217.36666666666667,129.9,453.82,848.74,737.27,49169.08,99976.44,87935.12,153.09999999999997,33.5,20.15,87.06667,167.9,193.7,132.7,18.19866667,594.0
2021-09-10,3,9,2021,10,50375.0,36,88.2,2057354.766999998,28165,,2317.8,3964,59551,4227,3964,1067,4587,321842363.8499999,86562184.25,184911165.17999983,49216695.45000005,805.3411517250223,412.83477871534353,51.1475,46.7625,48.5125,39245281,19977763,217.36666666666667,129.9,453.82,848.74,737.27,49169.08,99976.44,87935.12,153.09999999999997,33.5,20.15,87.06667,167.9,193.7,132.7,18.19866667,594.0
2021-09-11,3,9,2021,11,70000.0,11,88.2,2057354.766999998,28165,,2317.8,3964,59551,4227,3964,1067,4587,321842363.8499999,86562184.25,184911165.17999983,49216695.45000005,805.3411517250223,412.83477871534353,51.1475,46.7625,48.5125,39245281,19977763,217.36666666666667,129.9,453.82,848.74,737.27,49169.08,99976.44,87935.12,153.09999999999997,33.5,20.15,87.06667,167.9,193.7,132.7,18.19866667,594.0
2021-09-12,3,9,2021,12,75000.0,7,88.2,2057354.766999998,28165,,2317.8,3964,59551,4227,3964,1067,4587,321842363.8499999,86562184.25,184911165.17999983,49216695.45000005,805.3411517250223,412.83477871534353,51.1475,46.7625,48.5125,39245281,19977763,217.36666666666667,129.9,453.82,848.74,737.27,49169.08,99976.44,87935.12,153.09999999999997,33.5,20.15,87.06667,167.9,193.7,132.7,18.19866667,594.0
2021-09-13,3,9,2021,13,60000.0,41,88.2,2057354.766999998,28165,,2317.8,3964,59551,4227,3964,1067,4587,321842363.8499999,86562184.25,184911165.17999983,49216695.45000005,805.3411517250223,412.83477871534353,51.1475,46.7625,48.5125,39245281,19977763,217.36666666666667,129.9,453.82,848.74,737.27,49169.08,99976.44,87935.12,153.09999999999997,33.5,20.15,87.06667,167.9,193.7,132.7,18.19866667,594.0
2021-09-14,3,9,2021,14,50000.0,42,88.2,2057354.766999998,28165,,2317.8,3964,59551,4227,3964,1067,4587,321842363.8499999,86562184.25,184911165.17999983,49216695.45000005,805.3411517250223,412.83477871534353,51.1475,46.7625,48.5125,39245281,19977763,217.36666666666667,129.9,453.82,848.74,737.27,49169.08,99976.44,87935.12,153.09999999999997,33.5,20.15,87.06667,167.9,193.7,132.7,18.19866667,594.0
2021-09-15,3,9,2021,15,55000.0,37,88.2,2057354.766999998,28165,,2317.8,3964,59551,4227,3964,1067,4587,321842363.8499999,86562184.25,184911165.17999983,49216695.45000005,805.3411517250223,412.83477871534353,51.1475,46.7625,48.5125,39245281,19977763,217.36666666666667,129.9,453.82,848.74,737.27,49169.08,99976.44,87935.12,153.09999999999997,33.5,20.15,87.06667,167.9,193.7,132.7,18.19866667,594.0
2021-09-16,3,9,2021,16,57500.0,33,88.2,2057354.766999998,28165,,2317.8,3964,59551,4227,3964,1067,4587,321842363.8499999,86562184.25,184911165.17999983,49216695.45000005,805.3411517250223,412.83477871534353,51.1475,46.7625,48.5125,39245281,19977763,217.36666666666667,129.9,453.82,848.74,737.27,49169.08,99976.44,87935.12,153.09999999999997,33.5,20.15,87.06667,167.9,193.7,132.7,18.19866667,594.0
2021-09-17,3,9,2021,17,55000.0,33,88.2,2057354.766999998,28165,,2317.8,3964,59551,4227,3964,1067,4587,321842363.8499999,86562184.25,184911165.17999983,49216695.45000005,805.3411517250223,412.83477871534353,51.1475,46.7625,48.5125,39245281,19977763,217.36666666666667,129.9,453.82,848.74,737.27,49169.08,99976.44,87935.12,153.09999999999997,33.5,20.15,87.06667,167.9,193.7,132.7,18.19866667,594.0
2021-09-18,3,9,2021,18,65000.0,5,88.2,2057354.766999998,28165,,2317.8,3964,59551,4227,3964,1067,4587,321842363.8499999,86562184.25,184911165.17999983,49216695.45000005,805.3411517250223,412.83477871534353,51.1475,46.7625,48.5125,39245281,19977763,217.36666666666667,129.9,453.82,848.74,737.27,49169.08,99976.44,87935.12,153.09999999999997,33.5,20.15,87.06667,167.9,193.7,132.7,18.19866667,594.0
2021-09-19,3,9,2021,19,60000.0,13,88.2,2057354.766999998,28165,,2317.8,3964,59551,4227,3964,1067,4587,321842363.8499999,86562184.25,184911165.17999983,49216695.45000005,805.3411517250223,412.83477871534353,51.1475,46.7625,48.5125,39245281,19977763,217.36666666666667,129.9,453.82,848.74,737.27,49169.08,99976.44,87935.12,153.09999999999997,33.5,20.15,87.06667,167.9,193.7,132.7,18.19866667,594.0
2021-09-20,3,9,2021,20,55000.0,69,88.2,2057354.766999998,28165,,2317.8,3964,59551,4227,3964,1067,4587,321842363.8499999,86562184.25,184911165.17999983,49216695.45000005,805.3411517250223,412.83477871534353,51.1475,46.7625,48.5125,39245281,19977763,217.36666666666667,129.9,453.82,848.74,737.27,49169.08,99976.44,87935.12,153.09999999999997,33.5,20.15,87.06667,167.9,193.7,132.7,18.19866667,594.0
2021-09-21,3,9,2021,21,60000.0,52,88.2,2057354.766999998,28165,,2317.8,3964,59551,4227,3964,1067,4587,321842363.8499999,86562184.25,184911165.17999983,49216695.45000005,805.3411517250223,412.83477871534353,51.1475,46.7625,48.5125,39245281,19977763,217.36666666666667,129.9,453.82,848.74,737.27,49169.08,99976.44,87935.12,153.09999999999997,33.5,20.15,87.06667,167.9,193.7,132.7,18.19866667,594.0
2021-09-22,3,9,2021,22,64500.0,38,88.2,2057354.766999998,28165,,2317.8,3964,59551,4227,3964,1067,4587,321842363.8499999,86562184.25,184911165.17999983,49216695.45000005,805.3411517250223,412.83477871534353,51.1475,46.7625,48.5125,39245281,19977763,217.36666666666667,129.9,453.82,848.74,737.27,49169.08,99976.44,87935.12,153.09999999999997,33.5,20.15,87.06667,167.9,193.7,132.7,18.19866667,594.0
2021-09-23,3,9,2021,23,52500.0,54,88.2,2057354.766999998,28165,,2317.8,3964,59551,4227,3964,1067,4587,321842363.8499999,86562184.25,184911165.17999983,49216695.45000005,805.3411517250223,412.83477871534353,51.1475,46.7625,48.5125,39245281,19977763,217.36666666666667,129.9,453.82,848.74,737.27,49169.08,99976.44,87935.12,153.09999999999997,33.5,20.15,87.06667,167.9,193.7,132.7,18.19866667,594.0
2021-09-24,3,9,2021,24,62000.0,54,88.2,2057354.766999998,28165,,2317.8,3964,59551,4227,3964,1067,4587,321842363.8499999,86562184.25,184911165.17999983,49216695.45000005,805.3411517250223,412.83477871534353,51.1475,46.7625,48.5125,39245281,19977763,217.36666666666667,129.9,453.82,848.74,737.27,49169.08,99976.44,87935.12,153.09999999999997,33.5,20.15,87.06667,167.9,193.7,132.7,18.19866667,594.0
2021-09-25,3,9,2021,25,65000.0,9,88.2,2057354.766999998,28165,,2317.8,3964,59551,4227,3964,1067,4587,321842363.8499999,86562184.25,184911165.17999983,49216695.45000005,805.3411517250223,412.83477871534353,51.1475,46.7625,48.5125,39245281,19977763,217.36666666666667,129.9,453.82,848.74,737.27,49169.08,99976.44,87935.12,153.09999999999997,33.5,20.15,87.06667,167.9,193.7,132.7,18.19866667,594.0
2021-09-26,3,9,2021,26,58000.0,11,88.2,2057354.766999998,28165,,2317.8,3964,59551,4227,3964,1067,4587,321842363.8499999,86562184.25,184911165.17999983,49216695.45000005,805.3411517250223,412.83477871534353,51.1475,46.7625,48.5125,39245281,19977763,217.36666666666667,129.9,453.82,848.74,737.27,49169.08,99976.44,87935.12,153.09999999999997,33.5,20.15,87.06667,167.9,193.7,132.7,18.19866667,594.0
2021-09-27,3,9,2021,27,53750.0,44,88.2,2057354.766999998,28165,,2317.8,3964,59551,4227,3964,1067,4587,321842363.8499999,86562184.25,184911165.17999983,49216695.45000005,805.3411517250223,412.83477871534353,51.1475,46.7625,48.5125,39245281,19977763,217.36666666666667,129.9,453.82,848.74,737.27,49169.08,99976.44,87935.12,153.09999999999997,33.5,20.15,87.06667,167.9,193.7,132.7,18.19866667,594.0
2021-09-28,3,9,2021,28,50000.0,31,88.2,2057354.766999998,28165,,2317.8,3964,59551,4227,3964,1067,4587,321842363.8499999,86562184.25,184911165.17999983,49216695.45000005,805.3411517250223,412.83477871534353,51.1475,46.7625,48.5125,39245281,19977763,217.36666666666667,129.9,453.82,848.74,737.27,49169.08,99976.44,87935.12,153.09999999999997,33.5,20.15,87.06667,167.9,193.7,132.7,18.19866667,594.0
2021-09-29,3,9,2021,29,57500.0,50,88.2,2057354.766999998,28165,,2317.8,3964,59551,4227,3964,1067,4587,321842363.8499999,86562184.25,184911165.17999983,49216695.45000005,805.3411517250223,412.83477871534353,51.1475,46.7625,48.5125,39245281,19977763,217.36666666666667,129.9,453.82,848.74,737.27,49169.08,99976.44,87935.12,153.09999999999997,33.5,20.15,87.06667,167.9,193.7,132.7,18.19866667,594.0
2021-09-30,3,9,2021,30,58750.0,42,88.2,2057354.766999998,28165,,2317.8,3964,59551,4227,3964,1067,4587,321842363.8499999,86562184.25,184911165.17999983,49216695.45000005,805.3411517250223,412.83477871534353,51.1475,46.7625,48.5125,39245281,19977763,217.36666666666667,129.9,453.82,848.74,737.27,49169.08,99976.44,87935.12,153.09999999999997,33.5,20.15,87.06667,167.9,193.7,132.7,18.19866667,594.0
2021-10-01,4,10,2021,1,50000.0,19,7.100000000000003,2306131.6889999975,31715,,2865.2,4253,59831,280,4253,1088,4652,841775332.4699998,152473132.92000008,585271101.9200001,103629055.76999998,735.7638812746994,332.56993265481793,51.095,46.824999999999996,48.5625,36460166,16419809,248.06451612903226,127.90322580645162,262.7,867.4,816.13,31678.84,104016.7,156523.36,186.7,94.3,17,81.51613,172.3548387096774,201.32258064516128,129.51612903225808,17.30870968,594.0
2021-10-02,4,10,2021,2,60000.0,5,7.100000000000003,2306131.6889999975,31715,,2865.2,4253,59831,280,4253,1088,4652,841775332.4699998,152473132.92000008,585271101.9200001,103629055.76999998,735.7638812746994,332.56993265481793,51.095,46.824999999999996,48.5625,36460166,16419809,248.06451612903226,127.90322580645162,262.7,867.4,816.13,31678.84,104016.7,156523.36,186.7,94.3,17,81.51613,172.3548387096774,201.32258064516128,129.51612903225808,17.30870968,594.0
2021-10-03,4,10,2021,3,75000.0,10,7.100000000000003,2306131.6889999975,31715,,2865.2,4253,59831,280,4253,1088,4652,841775332.4699998,152473132.92000008,585271101.9200001,103629055.76999998,735.7638812746994,332.56993265481793,51.095,46.824999999999996,48.5625,36460166,16419809,248.06451612903226,127.90322580645162,262.7,867.4,816.13,31678.84,104016.7,156523.36,186.7,94.3,17,81.51613,172.3548387096774,201.32258064516128,129.51612903225808,17.30870968,594.0
2021-10-04,4,10,2021,4,60000.0,42,7.100000000000003,2306131.6889999975,31715,,2865.2,4253,59831,280,4253,1088,4652,841775332.4699998,152473132.92000008,585271101.9200001,103629055.76999998,735.7638812746994,332.56993265481793,51.095,46.824999999999996,48.5625,36460166,16419809,248.06451612903226,127.90322580645162,262.7,867.4,816.13,31678.84,104016.7,156523.36,186.7,94.3,17,81.51613,172.3548387096774,201.32258064516128,129.51612903225808,17.30870968,594.0
2021-10-05,4,10,2021,5,55000.0,41,7.100000000000003,2306131.6889999975,31715,,2865.2,4253,59831,280,4253,1088,4652,841775332.4699998,152473132.92000008,585271101.9200001,103629055.76999998,735.7638812746994,332.56993265481793,51.095,46.824999999999996,48.5625,36460166,16419809,248.06451612903226,127.90322580645162,262.7,867.4,816.13,31678.84,104016.7,156523.36,186.7,94.3,17,81.51613,172.3548387096774,201.32258064516128,129.51612903225808,17.30870968,594.0
2021-10-06,4,10,2021,6,60000.0,41,7.100000000000003,2306131.6889999975,31715,,2865.2,4253,59831,280,4253,1088,4652,841775332.4699998,152473132.92000008,585271101.9200001,103629055.76999998,735.7638812746994,332.56993265481793,51.095,46.824999999999996,48.5625,36460166,16419809,248.06451612903226,127.90322580645162,262.7,867.4,816.13,31678.84,104016.7,156523.36,186.7,94.3,17,81.51613,172.3548387096774,201.32258064516128,129.51612903225808,17.30870968,594.0
2021-10-07,4,10,2021,7,60000.0,47,7.100000000000003,2306131.6889999975,31715,,2865.2,4253,59831,280,4253,1088,4652,841775332.4699998,152473132.92000008,585271101.9200001,103629055.76999998,735.7638812746994,332.56993265481793,51.095,46.824999999999996,48.5625,36460166,16419809,248.06451612903226,127.90322580645162,262.7,867.4,816.13,31678.84,104016.7,156523.36,186.7,94.3,17,81.51613,172.3548387096774,201.32258064516128,129.51612903225808,17.30870968,594.0
2021-10-08,4,10,2021,8,60000.0,33,7.100000000000003,2306131.6889999975,31715,,2865.2,4253,59831,280,4253,1088,4652,841775332.4699998,152473132.92000008,585271101.9200001,103629055.76999998,735.7638812746994,332.56993265481793,51.095,46.824999999999996,48.5625,36460166,16419809,248.06451612903226,127.90322580645162,262.7,867.4,816.13,31678.84,104016.7,156523.36,186.7,94.3,17,81.51613,172.3548387096774,201.32258064516128,129.51612903225808,17.30870968,594.0
2021-10-09,4,10,2021,9,62500.0,6,7.100000000000003,2306131.6889999975,31715,,2865.2,4253,59831,280,4253,1088,4652,841775332.4699998,152473132.92000008,585271101.9200001,103629055.76999998,735.7638812746994,332.56993265481793,51.095,46.824999999999996,48.5625,36460166,16419809,248.06451612903226,127.90322580645162,262.7,867.4,816.13,31678.84,104016.7,156523.36,186.7,94.3,17,81.51613,172.3548387096774,201.32258064516128,129.51612903225808,17.30870968,594.0
2021-10-10,4,10,2021,10,50000.0,13,7.100000000000003,2306131.6889999975,31715,,2865.2,4253,59831,280,4253,1088,4652,841775332.4699998,152473132.92000008,585271101.9200001,103629055.76999998,735.7638812746994,332.56993265481793,51.095,46.824999999999996,48.5625,36460166,16419809,248.06451612903226,127.90322580645162,262.7,867.4,816.13,31678.84,104016.7,156523.36,186.7,94.3,17,81.51613,172.3548387096774,201.32258064516128,129.51612903225808,17.30870968,594.0
2021-10-11,4,10,2021,11,55500.0,32,7.100000000000003,2306131.6889999975,31715,,2865.2,4253,59831,280,4253,1088,4652,841775332.4699998,152473132.92000008,585271101.9200001,103629055.76999998,735.7638812746994,332.56993265481793,51.095,46.824999999999996,48.5625,36460166,16419809,248.06451612903226,127.90322580645162,262.7,867.4,816.13,31678.84,104016.7,156523.36,186.7,94.3,17,81.51613,172.3548387096774,201.32258064516128,129.51612903225808,17.30870968,594.0
2021-10-12,4,10,2021,12,60000.0,43,7.100000000000003,2306131.6889999975,31715,,2865.2,4253,59831,280,4253,1088,4652,841775332.4699998,152473132.92000008,585271101.9200001,103629055.76999998,735.7638812746994,332.56993265481793,51.095,46.824999999999996,48.5625,36460166,16419809,248.06451612903226,127.90322580645162,262.7,867.4,816.13,31678.84,104016.7,156523.36,186.7,94.3,17,81.51613,172.3548387096774,201.32258064516128,129.51612903225808,17.30870968,594.0
2021-10-13,4,10,2021,13,60000.0,28,7.100000000000003,2306131.6889999975,31715,,2865.2,4253,59831,280,4253,1088,4652,841775332.4699998,152473132.92000008,585271101.9200001,103629055.76999998,735.7638812746994,332.56993265481793,51.095,46.824999999999996,48.5625,36460166,16419809,248.06451612903226,127.90322580645162,262.7,867.4,816.13,31678.84,104016.7,156523.36,186.7,94.3,17,81.51613,172.3548387096774,201.32258064516128,129.51612903225808,17.30870968,594.0
2021-10-14,4,10,2021,14,70000.0,26,7.100000000000003,2306131.6889999975,31715,,2865.2,4253,59831,280,4253,1088,4652,841775332.4699998,152473132.92000008,585271101.9200001,103629055.76999998,735.7638812746994,332.56993265481793,51.095,46.824999999999996,48.5625,36460166,16419809,248.06451612903226,127.90322580645162,262.7,867.4,816.13,31678.84,104016.7,156523.36,186.7,94.3,17,81.51613,172.3548387096774,201.32258064516128,129.51612903225808,17.30870968,594.0
2021-10-15,4,10,2021,15,55000.0,16,7.100000000000003,2306131.6889999975,31715,,2865.2,4253,59831,280,4253,1088,4652,841775332.4699998,152473132.92000008,585271101.9200001,103629055.76999998,735.7638812746994,332.56993265481793,51.095,46.824999999999996,48.5625,36460166,16419809,248.06451612903226,127.90322580645162,262.7,867.4,816.13,31678.84,104016.7,156523.36,186.7,94.3,17,81.51613,172.3548387096774,201.32258064516128,129.51612903225808,17.30870968,594.0
2021-10-16,4,10,2021,16,50000.0,5,7.100000000000003,2306131.6889999975,31715,,2865.2,4253,59831,280,4253,1088,4652,841775332.4699998,152473132.92000008,585271101.9200001,103629055.76999998,735.7638812746994,332.56993265481793,51.095,46.824999999999996,48.5625,36460166,16419809,248.06451612903226,127.90322580645162,262.7,867.4,816.13,31678.84,104016.7,156523.36,186.7,94.3,17,81.51613,172.3548387096774,201.32258064516128,129.51612903225808,17.30870968,594.0
2021-10-17,4,10,2021,17,93750.0,18,7.100000000000003,2306131.6889999975,31715,,2865.2,4253,59831,280,4253,1088,4652,841775332.4699998,152473132.92000008,585271101.9200001,103629055.76999998,735.7638812746994,332.56993265481793,51.095,46.824999999999996,48.5625,36460166,16419809,248.06451612903226,127.90322580645162,262.7,867.4,816.13,31678.84,104016.7,156523.36,186.7,94.3,17,81.51613,172.3548387096774,201.32258064516128,129.51612903225808,17.30870968,594.0
2021-10-18,4,10,2021,18,55000.0,29,7.100000000000003,2306131.6889999975,31715,,2865.2,4253,59831,280,4253,1088,4652,841775332.4699998,152473132.92000008,585271101.9200001,103629055.76999998,735.7638812746994,332.56993265481793,51.095,46.824999999999996,48.5625,36460166,16419809,248.06451612903226,127.90322580645162,262.7,867.4,816.13,31678.84,104016.7,156523.36,186.7,94.3,17,81.51613,172.3548387096774,201.32258064516128,129.51612903225808,17.30870968,594.0
2021-10-19,4,10,2021,19,63750.0,38,7.100000000000003,2306131.6889999975,31715,,2865.2,4253,59831,280,4253,1088,4652,841775332.4699998,152473132.92000008,585271101.9200001,103629055.76999998,735.7638812746994,332.56993265481793,51.095,46.824999999999996,48.5625,36460166,16419809,248.06451612903226,127.90322580645162,262.7,867.4,816.13,31678.84,104016.7,156523.36,186.7,94.3,17,81.51613,172.3548387096774,201.32258064516128,129.51612903225808,17.30870968,594.0
2021-10-20,4,10,2021,20,60000.0,31,7.100000000000003,2306131.6889999975,31715,,2865.2,4253,59831,280,4253,1088,4652,841775332.4699998,152473132.92000008,585271101.9200001,103629055.76999998,735.7638812746994,332.56993265481793,51.095,46.824999999999996,48.5625,36460166,16419809,248.06451612903226,127.90322580645162,262.7,867.4,816.13,31678.84,104016.7,156523.36,186.7,94.3,17,81.51613,172.3548387096774,201.32258064516128,129.51612903225808,17.30870968,594.0
2021-10-21,4,10,2021,21,60000.0,44,7.100000000000003,2306131.6889999975,31715,,2865.2,4253,59831,280,4253,1088,4652,841775332.4699998,152473132.92000008,585271101.9200001,103629055.76999998,735.7638812746994,332.56993265481793,51.095,46.824999999999996,48.5625,36460166,16419809,248.06451612903226,127.90322580645162,262.7,867.4,816.13,31678.84,104016.7,156523.36,186.7,94.3,17,81.51613,172.3548387096774,201.32258064516128,129.51612903225808,17.30870968,594.0
2021-10-22,4,10,2021,22,50000.0,17,7.100000000000003,2306131.6889999975,31715,,2865.2,4253,59831,280,4253,1088,4652,841775332.4699998,152473132.92000008,585271101.9200001,103629055.76999998,735.7638812746994,332.56993265481793,51.095,46.824999999999996,48.5625,36460166,16419809,248.06451612903226,127.90322580645162,262.7,867.4,816.13,31678.84,104016.7,156523.36,186.7,94.3,17,81.51613,172.3548387096774,201.32258064516128,129.51612903225808,17.30870968,594.0
2021-10-23,4,10,2021,23,50000.0,5,7.100000000000003,2306131.6889999975,31715,,2865.2,4253,59831,280,4253,1088,4652,841775332.4699998,152473132.92000008,585271101.9200001,103629055.76999998,735.7638812746994,332.56993265481793,51.095,46.824999999999996,48.5625,36460166,16419809,248.06451612903226,127.90322580645162,262.7,867.4,816.13,31678.84,104016.7,156523.36,186.7,94.3,17,81.51613,172.3548387096774,201.32258064516128,129.51612903225808,17.30870968,594.0
2021-10-24,4,10,2021,24,67500.0,9,7.100000000000003,2306131.6889999975,31715,,2865.2,4253,59831,280,4253,1088,4652,841775332.4699998,152473132.92000008,585271101.9200001,103629055.76999998,735.7638812746994,332.56993265481793,51.095,46.824999999999996,48.5625,36460166,16419809,248.06451612903226,127.90322580645162,262.7,867.4,816.13,31678.84,104016.7,156523.36,186.7,94.3,17,81.51613,172.3548387096774,201.32258064516128,129.51612903225808,17.30870968,594.0
2021-10-25,4,10,2021,25,50000.0,47,7.100000000000003,2306131.6889999975,31715,,2865.2,4253,59831,280,4253,1088,4652,841775332.4699998,152473132.92000008,585271101.9200001,103629055.76999998,735.7638812746994,332.56993265481793,51.095,46.824999999999996,48.5625,36460166,16419809,248.06451612903226,127.90322580645162,262.7,867.4,816.13,31678.84,104016.7,156523.36,186.7,94.3,17,81.51613,172.3548387096774,201.32258064516128,129.51612903225808,17.30870968,594.0
2021-10-26,4,10,2021,26,60000.0,31,7.100000000000003,2306131.6889999975,31715,,2865.2,4253,59831,280,4253,1088,4652,841775332.4699998,152473132.92000008,585271101.9200001,103629055.76999998,735.7638812746994,332.56993265481793,51.095,46.824999999999996,48.5625,36460166,16419809,248.06451612903226,127.90322580645162,262.7,867.4,816.13,31678.84,104016.7,156523.36,186.7,94.3,17,81.51613,172.3548387096774,201.32258064516128,129.51612903225808,17.30870968,594.0
2021-10-27,4,10,2021,27,58750.0,33,7.100000000000003,2306131.6889999975,31715,,2865.2,4253,59831,280,4253,1088,4652,841775332.4699998,152473132.92000008,585271101.9200001,103629055.76999998,735.7638812746994,332.56993265481793,51.095,46.824999999999996,48.5625,36460166,16419809,248.06451612903226,127.90322580645162,262.7,867.4,816.13,31678.84,104016.7,156523.36,186.7,94.3,17,81.51613,172.3548387096774,201.32258064516128,129.51612903225808,17.30870968,594.0
2021-10-28,4,10,2021,28,58750.0,24,7.100000000000003,2306131.6889999975,31715,,2865.2,4253,59831,280,4253,1088,4652,841775332.4699998,152473132.92000008,585271101.9200001,103629055.76999998,735.7638812746994,332.56993265481793,51.095,46.824999999999996,48.5625,36460166,16419809,248.06451612903226,127.90322580645162,262.7,867.4,816.13,31678.84,104016.7,156523.36,186.7,94.3,17,81.51613,172.3548387096774,201.32258064516128,129.51612903225808,17.30870968,594.0
2021-10-29,4,10,2021,29,58000.0,18,7.100000000000003,2306131.6889999975,31715,,2865.2,4253,59831,280,4253,1088,4652,841775332.4699998,152473132.92000008,585271101.9200001,103629055.76999998,735.7638812746994,332.56993265481793,51.095,46.824999999999996,48.5625,36460166,16419809,248.06451612903226,127.90322580645162,262.7,867.4,816.13,31678.84,104016.7,156523.36,186.7,94.3,17,81.51613,172.3548387096774,201.32258064516128,129.51612903225808,17.30870968,594.0
2021-10-30,4,10,2021,30,98000.0,5,7.100000000000003,2306131.6889999975,31715,,2865.2,4253,59831,280,4253,1088,4652,841775332.4699998,152473132.92000008,585271101.9200001,103629055.76999998,735.7638812746994,332.56993265481793,51.095,46.824999999999996,48.5625,36460166,16419809,248.06451612903226,127.90322580645162,262.7,867.4,816.13,31678.84,104016.7,156523.36,186.7,94.3,17,81.51613,172.3548387096774,201.32258064516128,129.51612903225808,17.30870968,594.0
2021-10-31,4,10,2021,31,47500.0,2,7.100000000000003,2306131.6889999975,31715,,2865.2,4253,59831,280,4253,1088,4652,841775332.4699998,152473132.92000008,585271101.9200001,103629055.76999998,735.7638812746994,332.56993265481793,51.095,46.824999999999996,48.5625,36460166,16419809,248.06451612903226,127.90322580645162,262.7,867.4,816.13,31678.84,104016.7,156523.36,186.7,94.3,17,81.51613,172.3548387096774,201.32258064516128,129.51612903225808,17.30870968,594.0
2021-11-01,4,11,2021,1,70000.0,28,7.100000000000003,2386051.433,31656,,2865.2,4221,60487,656,4221,1139,4322,615550306.1800003,137160292.06999993,418111960.3499999,59112812.370000005,735.7638812746994,332.56993265481793,51.685,47.39000000000001,49.282500000000006,36460166,16419809,245.23333333333332,126.03333333333333,262.3,894.63,731.73,30582.1,117609.7,162983.6,186.7,94.3,15.55,75.26667,179.76666666666668,208.96666666666667,97.2,18.07433333,594.0
2021-11-02,4,11,2021,2,50000.0,31,7.100000000000003,2386051.433,31656,,2865.2,4221,60487,656,4221,1139,4322,615550306.1800003,137160292.06999993,418111960.3499999,59112812.370000005,735.7638812746994,332.56993265481793,51.685,47.39000000000001,49.282500000000006,36460166,16419809,245.23333333333332,126.03333333333333,262.3,894.63,731.73,30582.1,117609.7,162983.6,186.7,94.3,15.55,75.26667,179.76666666666668,208.96666666666667,97.2,18.07433333,594.0
2021-11-03,4,11,2021,3,80000.0,29,7.100000000000003,2386051.433,31656,,2865.2,4221,60487,656,4221,1139,4322,615550306.1800003,137160292.06999993,418111960.3499999,59112812.370000005,735.7638812746994,332.56993265481793,51.685,47.39000000000001,49.282500000000006,36460166,16419809,245.23333333333332,126.03333333333333,262.3,894.63,731.73,30582.1,117609.7,162983.6,186.7,94.3,15.55,75.26667,179.76666666666668,208.96666666666667,97.2,18.07433333,594.0
2021-11-04,4,11,2021,4,60000.0,11,7.100000000000003,2386051.433,31656,,2865.2,4221,60487,656,4221,1139,4322,615550306.1800003,137160292.06999993,418111960.3499999,59112812.370000005,735.7638812746994,332.56993265481793,51.685,47.39000000000001,49.282500000000006,36460166,16419809,245.23333333333332,126.03333333333333,262.3,894.63,731.73,30582.1,117609.7,162983.6,186.7,94.3,15.55,75.26667,179.76666666666668,208.96666666666667,97.2,18.07433333,594.0
2021-11-05,4,11,2021,5,100000.0,15,7.100000000000003,2386051.433,31656,,2865.2,4221,60487,656,4221,1139,4322,615550306.1800003,137160292.06999993,418111960.3499999,59112812.370000005,735.7638812746994,332.56993265481793,51.685,47.39000000000001,49.282500000000006,36460166,16419809,245.23333333333332,126.03333333333333,262.3,894.63,731.73,30582.1,117609.7,162983.6,186.7,94.3,15.55,75.26667,179.76666666666668,208.96666666666667,97.2,18.07433333,594.0
2021-11-06,4,11,2021,6,52500.0,10,7.100000000000003,2386051.433,31656,,2865.2,4221,60487,656,4221,1139,4322,615550306.1800003,137160292.06999993,418111960.3499999,59112812.370000005,735.7638812746994,332.56993265481793,51.685,47.39000000000001,49.282500000000006,36460166,16419809,245.23333333333332,126.03333333333333,262.3,894.63,731.73,30582.1,117609.7,162983.6,186.7,94.3,15.55,75.26667,179.76666666666668,208.96666666666667,97.2,18.07433333,594.0
2021-11-07,4,11,2021,7,85000.0,6,7.100000000000003,2386051.433,31656,,2865.2,4221,60487,656,4221,1139,4322,615550306.1800003,137160292.06999993,418111960.3499999,59112812.370000005,735.7638812746994,332.56993265481793,51.685,47.39000000000001,49.282500000000006,36460166,16419809,245.23333333333332,126.03333333333333,262.3,894.63,731.73,30582.1,117609.7,162983.6,186.7,94.3,15.55,75.26667,179.76666666666668,208.96666666666667,97.2,18.07433333,594.0
2021-11-08,4,11,2021,8,52500.0,38,7.100000000000003,2386051.433,31656,,2865.2,4221,60487,656,4221,1139,4322,615550306.1800003,137160292.06999993,418111960.3499999,59112812.370000005,735.7638812746994,332.56993265481793,51.685,47.39000000000001,49.282500000000006,36460166,16419809,245.23333333333332,126.03333333333333,262.3,894.63,731.73,30582.1,117609.7,162983.6,186.7,94.3,15.55,75.26667,179.76666666666668,208.96666666666667,97.2,18.07433333,594.0
2021-11-09,4,11,2021,9,53750.0,44,7.100000000000003,2386051.433,31656,,2865.2,4221,60487,656,4221,1139,4322,615550306.1800003,137160292.06999993,418111960.3499999,59112812.370000005,735.7638812746994,332.56993265481793,51.685,47.39000000000001,49.282500000000006,36460166,16419809,245.23333333333332,126.03333333333333,262.3,894.63,731.73,30582.1,117609.7,162983.6,186.7,94.3,15.55,75.26667,179.76666666666668,208.96666666666667,97.2,18.07433333,594.0
2021-11-10,4,11,2021,10,66250.0,60,7.100000000000003,2386051.433,31656,,2865.2,4221,60487,656,4221,1139,4322,615550306.1800003,137160292.06999993,418111960.3499999,59112812.370000005,735.7638812746994,332.56993265481793,51.685,47.39000000000001,49.282500000000006,36460166,16419809,245.23333333333332,126.03333333333333,262.3,894.63,731.73,30582.1,117609.7,162983.6,186.7,94.3,15.55,75.26667,179.76666666666668,208.96666666666667,97.2,18.07433333,594.0
2021-11-11,4,11,2021,11,65000.0,45,7.100000000000003,2386051.433,31656,,2865.2,4221,60487,656,4221,1139,4322,615550306.1800003,137160292.06999993,418111960.3499999,59112812.370000005,735.7638812746994,332.56993265481793,51.685,47.39000000000001,49.282500000000006,36460166,16419809,245.23333333333332,126.03333333333333,262.3,894.63,731.73,30582.1,117609.7,162983.6,186.7,94.3,15.55,75.26667,179.76666666666668,208.96666666666667,97.2,18.07433333,594.0
2021-11-12,4,11,2021,12,62500.0,35,7.100000000000003,2386051.433,31656,,2865.2,4221,60487,656,4221,1139,4322,615550306.1800003,137160292.06999993,418111960.3499999,59112812.370000005,735.7638812746994,332.56993265481793,51.685,47.39000000000001,49.282500000000006,36460166,16419809,245.23333333333332,126.03333333333333,262.3,894.63,731.73,30582.1,117609.7,162983.6,186.7,94.3,15.55,75.26667,179.76666666666668,208.96666666666667,97.2,18.07433333,594.0
2021-11-13,4,11,2021,13,75000.0,8,7.100000000000003,2386051.433,31656,,2865.2,4221,60487,656,4221,1139,4322,615550306.1800003,137160292.06999993,418111960.3499999,59112812.370000005,735.7638812746994,332.56993265481793,51.685,47.39000000000001,49.282500000000006,36460166,16419809,245.23333333333332,126.03333333333333,262.3,894.63,731.73,30582.1,117609.7,162983.6,186.7,94.3,15.55,75.26667,179.76666666666668,208.96666666666667,97.2,18.07433333,594.0
2021-11-14,4,11,2021,14,100000.0,5,7.100000000000003,2386051.433,31656,,2865.2,4221,60487,656,4221,1139,4322,615550306.1800003,137160292.06999993,418111960.3499999,59112812.370000005,735.7638812746994,332.56993265481793,51.685,47.39000000000001,49.282500000000006,36460166,16419809,245.23333333333332,126.03333333333333,262.3,894.63,731.73,30582.1,117609.7,162983.6,186.7,94.3,15.55,75.26667,179.76666666666668,208.96666666666667,97.2,18.07433333,594.0
2021-11-15,4,11,2021,15,60000.0,46,7.100000000000003,2386051.433,31656,,2865.2,4221,60487,656,4221,1139,4322,615550306.1800003,137160292.06999993,418111960.3499999,59112812.370000005,735.7638812746994,332.56993265481793,51.685,47.39000000000001,49.282500000000006,36460166,16419809,245.23333333333332,126.03333333333333,262.3,894.63,731.73,30582.1,117609.7,162983.6,186.7,94.3,15.55,75.26667,179.76666666666668,208.96666666666667,97.2,18.07433333,594.0
2021-11-16,4,11,2021,16,65000.0,42,7.100000000000003,2386051.433,31656,,2865.2,4221,60487,656,4221,1139,4322,615550306.1800003,137160292.06999993,418111960.3499999,59112812.370000005,735.7638812746994,332.56993265481793,51.685,47.39000000000001,49.282500000000006,36460166,16419809,245.23333333333332,126.03333333333333,262.3,894.63,731.73,30582.1,117609.7,162983.6,186.7,94.3,15.55,75.26667,179.76666666666668,208.96666666666667,97.2,18.07433333,594.0
2021-11-17,4,11,2021,17,58750.0,38,7.100000000000003,2386051.433,31656,,2865.2,4221,60487,656,4221,1139,4322,615550306.1800003,137160292.06999993,418111960.3499999,59112812.370000005,735.7638812746994,332.56993265481793,51.685,47.39000000000001,49.282500000000006,36460166,16419809,245.23333333333332,126.03333333333333,262.3,894.63,731.73,30582.1,117609.7,162983.6,186.7,94.3,15.55,75.26667,179.76666666666668,208.96666666666667,97.2,18.07433333,594.0
2021-11-18,4,11,2021,18,65000.0,35,7.100000000000003,2386051.433,31656,,2865.2,4221,60487,656,4221,1139,4322,615550306.1800003,137160292.06999993,418111960.3499999,59112812.370000005,735.7638812746994,332.56993265481793,51.685,47.39000000000001,49.282500000000006,36460166,16419809,245.23333333333332,126.03333333333333,262.3,894.63,731.73,30582.1,117609.7,162983.6,186.7,94.3,15.55,75.26667,179.76666666666668,208.96666666666667,97.2,18.07433333,594.0
2021-11-19,4,11,2021,19,67500.0,28,7.100000000000003,2386051.433,31656,,2865.2,4221,60487,656,4221,1139,4322,615550306.1800003,137160292.06999993,418111960.3499999,59112812.370000005,735.7638812746994,332.56993265481793,51.685,47.39000000000001,49.282500000000006,36460166,16419809,245.23333333333332,126.03333333333333,262.3,894.63,731.73,30582.1,117609.7,162983.6,186.7,94.3,15.55,75.26667,179.76666666666668,208.96666666666667,97.2,18.07433333,594.0
2021-11-20,4,11,2021,20,59000.0,14,7.100000000000003,2386051.433,31656,,2865.2,4221,60487,656,4221,1139,4322,615550306.1800003,137160292.06999993,418111960.3499999,59112812.370000005,735.7638812746994,332.56993265481793,51.685,47.39000000000001,49.282500000000006,36460166,16419809,245.23333333333332,126.03333333333333,262.3,894.63,731.73,30582.1,117609.7,162983.6,186.7,94.3,15.55,75.26667,179.76666666666668,208.96666666666667,97.2,18.07433333,594.0
2021-11-21,4,11,2021,21,82500.0,7,7.100000000000003,2386051.433,31656,,2865.2,4221,60487,656,4221,1139,4322,615550306.1800003,137160292.06999993,418111960.3499999,59112812.370000005,735.7638812746994,332.56993265481793,51.685,47.39000000000001,49.282500000000006,36460166,16419809,245.23333333333332,126.03333333333333,262.3,894.63,731.73,30582.1,117609.7,162983.6,186.7,94.3,15.55,75.26667,179.76666666666668,208.96666666666667,97.2,18.07433333,594.0
2021-11-22,4,11,2021,22,52000.0,29,7.100000000000003,2386051.433,31656,,2865.2,4221,60487,656,4221,1139,4322,615550306.1800003,137160292.06999993,418111960.3499999,59112812.370000005,735.7638812746994,332.56993265481793,51.685,47.39000000000001,49.282500000000006,36460166,16419809,245.23333333333332,126.03333333333333,262.3,894.63,731.73,30582.1,117609.7,162983.6,186.7,94.3,15.55,75.26667,179.76666666666668,208.96666666666667,97.2,18.07433333,594.0
2021-11-23,4,11,2021,23,50000.0,33,7.100000000000003,2386051.433,31656,,2865.2,4221,60487,656,4221,1139,4322,615550306.1800003,137160292.06999993,418111960.3499999,59112812.370000005,735.7638812746994,332.56993265481793,51.685,47.39000000000001,49.282500000000006,36460166,16419809,245.23333333333332,126.03333333333333,262.3,894.63,731.73,30582.1,117609.7,162983.6,186.7,94.3,15.55,75.26667,179.76666666666668,208.96666666666667,97.2,18.07433333,594.0
2021-11-24,4,11,2021,24,55700.0,35,7.100000000000003,2386051.433,31656,,2865.2,4221,60487,656,4221,1139,4322,615550306.1800003,137160292.06999993,418111960.3499999,59112812.370000005,735.7638812746994,332.56993265481793,51.685,47.39000000000001,49.282500000000006,36460166,16419809,245.23333333333332,126.03333333333333,262.3,894.63,731.73,30582.1,117609.7,162983.6,186.7,94.3,15.55,75.26667,179.76666666666668,208.96666666666667,97.2,18.07433333,594.0
2021-11-25,4,11,2021,25,55000.0,36,7.100000000000003,2386051.433,31656,,2865.2,4221,60487,656,4221,1139,4322,615550306.1800003,137160292.06999993,418111960.3499999,59112812.370000005,735.7638812746994,332.56993265481793,51.685,47.39000000000001,49.282500000000006,36460166,16419809,245.23333333333332,126.03333333333333,262.3,894.63,731.73,30582.1,117609.7,162983.6,186.7,94.3,15.55,75.26667,179.76666666666668,208.96666666666667,97.2,18.07433333,594.0
2021-11-26,4,11,2021,26,60000.0,28,7.100000000000003,2386051.433,31656,,2865.2,4221,60487,656,4221,1139,4322,615550306.1800003,137160292.06999993,418111960.3499999,59112812.370000005,735.7638812746994,332.56993265481793,51.685,47.39000000000001,49.282500000000006,36460166,16419809,245.23333333333332,126.03333333333333,262.3,894.63,731.73,30582.1,117609.7,162983.6,186.7,94.3,15.55,75.26667,179.76666666666668,208.96666666666667,97.2,18.07433333,594.0
2021-11-27,4,11,2021,27,75000.0,17,7.100000000000003,2386051.433,31656,,2865.2,4221,60487,656,4221,1139,4322,615550306.1800003,137160292.06999993,418111960.3499999,59112812.370000005,735.7638812746994,332.56993265481793,51.685,47.39000000000001,49.282500000000006,36460166,16419809,245.23333333333332,126.03333333333333,262.3,894.63,731.73,30582.1,117609.7,162983.6,186.7,94.3,15.55,75.26667,179.76666666666668,208.96666666666667,97.2,18.07433333,594.0
2021-11-28,4,11,2021,28,80000.0,3,7.100000000000003,2386051.433,31656,,2865.2,4221,60487,656,4221,1139,4322,615550306.1800003,137160292.06999993,418111960.3499999,59112812.370000005,735.7638812746994,332.56993265481793,51.685,47.39000000000001,49.282500000000006,36460166,16419809,245.23333333333332,126.03333333333333,262.3,894.63,731.73,30582.1,117609.7,162983.6,186.7,94.3,15.55,75.26667,179.76666666666668,208.96666666666667,97.2,18.07433333,594.0
2021-11-29,4,11,2021,29,60000.0,48,7.100000000000003,2386051.433,31656,,2865.2,4221,60487,656,4221,1139,4322,615550306.1800003,137160292.06999993,418111960.3499999,59112812.370000005,735.7638812746994,332.56993265481793,51.685,47.39000000000001,49.282500000000006,36460166,16419809,245.23333333333332,126.03333333333333,262.3,894.63,731.73,30582.1,117609.7,162983.6,186.7,94.3,15.55,75.26667,179.76666666666668,208.96666666666667,97.2,18.07433333,594.0
2021-11-30,4,11,2021,30,70000.0,45,7.100000000000003,2386051.433,31656,,2865.2,4221,60487,656,4221,1139,4322,615550306.1800003,137160292.06999993,418111960.3499999,59112812.370000005,735.7638812746994,332.56993265481793,51.685,47.39000000000001,49.282500000000006,36460166,16419809,245.23333333333332,126.03333333333333,262.3,894.63,731.73,30582.1,117609.7,162983.6,186.7,94.3,15.55,75.26667,179.76666666666668,208.96666666666667,97.2,18.07433333,594.0
2021-12-01,4,12,2021,1,64000.0,45,7.100000000000003,2579566.8209999977,37821,,2865.2,6652,63231,2744,6652,1743,5637,1396043960.87,356798690.0999999,734986221.4200001,303897181.87,735.7638812746994,332.56993265481793,52.30499999999999,48.025,50.272499999999994,36460166,16419809,248.67741935483872,129.09677419354838,273.21,859.49,732.52,31613.67,118047.72,160869.37,186.7,94.3,16.375,78.62069,195.7741935483871,196.25806451612902,109.54838709677419,16.90903226,594.0
2021-12-02,4,12,2021,2,60000.0,45,7.100000000000003,2579566.8209999977,37821,,2865.2,6652,63231,2744,6652,1743,5637,1396043960.87,356798690.0999999,734986221.4200001,303897181.87,735.7638812746994,332.56993265481793,52.30499999999999,48.025,50.272499999999994,36460166,16419809,248.67741935483872,129.09677419354838,273.21,859.49,732.52,31613.67,118047.72,160869.37,186.7,94.3,16.375,78.62069,195.7741935483871,196.25806451612902,109.54838709677419,16.90903226,594.0
2021-12-03,4,12,2021,3,65000.0,41,7.100000000000003,2579566.8209999977,37821,,2865.2,6652,63231,2744,6652,1743,5637,1396043960.87,356798690.0999999,734986221.4200001,303897181.87,735.7638812746994,332.56993265481793,52.30499999999999,48.025,50.272499999999994,36460166,16419809,248.67741935483872,129.09677419354838,273.21,859.49,732.52,31613.67,118047.72,160869.37,186.7,94.3,16.375,78.62069,195.7741935483871,196.25806451612902,109.54838709677419,16.90903226,594.0
2021-12-04,4,12,2021,4,72500.0,8,7.100000000000003,2579566.8209999977,37821,,2865.2,6652,63231,2744,6652,1743,5637,1396043960.87,356798690.0999999,734986221.4200001,303897181.87,735.7638812746994,332.56993265481793,52.30499999999999,48.025,50.272499999999994,36460166,16419809,248.67741935483872,129.09677419354838,273.21,859.49,732.52,31613.67,118047.72,160869.37,186.7,94.3,16.375,78.62069,195.7741935483871,196.25806451612902,109.54838709677419,16.90903226,594.0
2021-12-05,4,12,2021,5,52500.0,12,7.100000000000003,2579566.8209999977,37821,,2865.2,6652,63231,2744,6652,1743,5637,1396043960.87,356798690.0999999,734986221.4200001,303897181.87,735.7638812746994,332.56993265481793,52.30499999999999,48.025,50.272499999999994,36460166,16419809,248.67741935483872,129.09677419354838,273.21,859.49,732.52,31613.67,118047.72,160869.37,186.7,94.3,16.375,78.62069,195.7741935483871,196.25806451612902,109.54838709677419,16.90903226,594.0
2021-12-06,4,12,2021,6,65000.0,28,7.100000000000003,2579566.8209999977,37821,,2865.2,6652,63231,2744,6652,1743,5637,1396043960.87,356798690.0999999,734986221.4200001,303897181.87,735.7638812746994,332.56993265481793,52.30499999999999,48.025,50.272499999999994,36460166,16419809,248.67741935483872,129.09677419354838,273.21,859.49,732.52,31613.67,118047.72,160869.37,186.7,94.3,16.375,78.62069,195.7741935483871,196.25806451612902,109.54838709677419,16.90903226,594.0
2021-12-07,4,12,2021,7,55000.0,41,7.100000000000003,2579566.8209999977,37821,,2865.2,6652,63231,2744,6652,1743,5637,1396043960.87,356798690.0999999,734986221.4200001,303897181.87,735.7638812746994,332.56993265481793,52.30499999999999,48.025,50.272499999999994,36460166,16419809,248.67741935483872,129.09677419354838,273.21,859.49,732.52,31613.67,118047.72,160869.37,186.7,94.3,16.375,78.62069,195.7741935483871,196.25806451612902,109.54838709677419,16.90903226,594.0
2021-12-08,4,12,2021,8,68505.0,35,7.100000000000003,2579566.8209999977,37821,,2865.2,6652,63231,2744,6652,1743,5637,1396043960.87,356798690.0999999,734986221.4200001,303897181.87,735.7638812746994,332.56993265481793,52.30499999999999,48.025,50.272499999999994,36460166,16419809,248.67741935483872,129.09677419354838,273.21,859.49,732.52,31613.67,118047.72,160869.37,186.7,94.3,16.375,78.62069,195.7741935483871,196.25806451612902,109.54838709677419,16.90903226,594.0
2021-12-09,4,12,2021,9,70000.0,44,7.100000000000003,2579566.8209999977,37821,,2865.2,6652,63231,2744,6652,1743,5637,1396043960.87,356798690.0999999,734986221.4200001,303897181.87,735.7638812746994,332.56993265481793,52.30499999999999,48.025,50.272499999999994,36460166,16419809,248.67741935483872,129.09677419354838,273.21,859.49,732.52,31613.67,118047.72,160869.37,186.7,94.3,16.375,78.62069,195.7741935483871,196.25806451612902,109.54838709677419,16.90903226,594.0
2021-12-10,4,12,2021,10,50000.0,70,7.100000000000003,2579566.8209999977,37821,,2865.2,6652,63231,2744,6652,1743,5637,1396043960.87,356798690.0999999,734986221.4200001,303897181.87,735.7638812746994,332.56993265481793,52.30499999999999,48.025,50.272499999999994,36460166,16419809,248.67741935483872,129.09677419354838,273.21,859.49,732.52,31613.67,118047.72,160869.37,186.7,94.3,16.375,78.62069,195.7741935483871,196.25806451612902,109.54838709677419,16.90903226,594.0
2021-12-11,4,12,2021,11,75000.0,16,7.100000000000003,2579566.8209999977,37821,,2865.2,6652,63231,2744,6652,1743,5637,1396043960.87,356798690.0999999,734986221.4200001,303897181.87,735.7638812746994,332.56993265481793,52.30499999999999,48.025,50.272499999999994,36460166,16419809,248.67741935483872,129.09677419354838,273.21,859.49,732.52,31613.67,118047.72,160869.37,186.7,94.3,16.375,78.62069,195.7741935483871,196.25806451612902,109.54838709677419,16.90903226,594.0
2021-12-12,4,12,2021,12,68750.0,20,7.100000000000003,2579566.8209999977,37821,,2865.2,6652,63231,2744,6652,1743,5637,1396043960.87,356798690.0999999,734986221.4200001,303897181.87,735.7638812746994,332.56993265481793,52.30499999999999,48.025,50.272499999999994,36460166,16419809,248.67741935483872,129.09677419354838,273.21,859.49,732.52,31613.67,118047.72,160869.37,186.7,94.3,16.375,78.62069,195.7741935483871,196.25806451612902,109.54838709677419,16.90903226,594.0
2021-12-13,4,12,2021,13,60575.0,46,7.100000000000003,2579566.8209999977,37821,,2865.2,6652,63231,2744,6652,1743,5637,1396043960.87,356798690.0999999,734986221.4200001,303897181.87,735.7638812746994,332.56993265481793,52.30499999999999,48.025,50.272499999999994,36460166,16419809,248.67741935483872,129.09677419354838,273.21,859.49,732.52,31613.67,118047.72,160869.37,186.7,94.3,16.375,78.62069,195.7741935483871,196.25806451612902,109.54838709677419,16.90903226,594.0
2021-12-14,4,12,2021,14,60000.0,33,7.100000000000003,2579566.8209999977,37821,,2865.2,6652,63231,2744,6652,1743,5637,1396043960.87,356798690.0999999,734986221.4200001,303897181.87,735.7638812746994,332.56993265481793,52.30499999999999,48.025,50.272499999999994,36460166,16419809,248.67741935483872,129.09677419354838,273.21,859.49,732.52,31613.67,118047.72,160869.37,186.7,94.3,16.375,78.62069,195.7741935483871,196.25806451612902,109.54838709677419,16.90903226,594.0
2021-12-15,4,12,2021,15,65000.0,31,7.100000000000003,2579566.8209999977,37821,,2865.2,6652,63231,2744,6652,1743,5637,1396043960.87,356798690.0999999,734986221.4200001,303897181.87,735.7638812746994,332.56993265481793,52.30499999999999,48.025,50.272499999999994,36460166,16419809,248.67741935483872,129.09677419354838,273.21,859.49,732.52,31613.67,118047.72,160869.37,186.7,94.3,16.375,78.62069,195.7741935483871,196.25806451612902,109.54838709677419,16.90903226,594.0
2021-12-16,4,12,2021,16,65500.0,23,7.100000000000003,2579566.8209999977,37821,,2865.2,6652,63231,2744,6652,1743,5637,1396043960.87,356798690.0999999,734986221.4200001,303897181.87,735.7638812746994,332.56993265481793,52.30499999999999,48.025,50.272499999999994,36460166,16419809,248.67741935483872,129.09677419354838,273.21,859.49,732.52,31613.67,118047.72,160869.37,186.7,94.3,16.375,78.62069,195.7741935483871,196.25806451612902,109.54838709677419,16.90903226,594.0
2021-12-17,4,12,2021,17,60000.0,15,7.100000000000003,2579566.8209999977,37821,,2865.2,6652,63231,2744,6652,1743,5637,1396043960.87,356798690.0999999,734986221.4200001,303897181.87,735.7638812746994,332.56993265481793,52.30499999999999,48.025,50.272499999999994,36460166,16419809,248.67741935483872,129.09677419354838,273.21,859.49,732.52,31613.67,118047.72,160869.37,186.7,94.3,16.375,78.62069,195.7741935483871,196.25806451612902,109.54838709677419,16.90903226,594.0
2021-12-18,4,12,2021,18,72500.0,5,7.100000000000003,2579566.8209999977,37821,,2865.2,6652,63231,2744,6652,1743,5637,1396043960.87,356798690.0999999,734986221.4200001,303897181.87,735.7638812746994,332.56993265481793,52.30499999999999,48.025,50.272499999999994,36460166,16419809,248.67741935483872,129.09677419354838,273.21,859.49,732.52,31613.67,118047.72,160869.37,186.7,94.3,16.375,78.62069,195.7741935483871,196.25806451612902,109.54838709677419,16.90903226,594.0
2021-12-19,4,12,2021,19,67500.0,8,7.100000000000003,2579566.8209999977,37821,,2865.2,6652,63231,2744,6652,1743,5637,1396043960.87,356798690.0999999,734986221.4200001,303897181.87,735.7638812746994,332.56993265481793,52.30499999999999,48.025,50.272499999999994,36460166,16419809,248.67741935483872,129.09677419354838,273.21,859.49,732.52,31613.67,118047.72,160869.37,186.7,94.3,16.375,78.62069,195.7741935483871,196.25806451612902,109.54838709677419,16.90903226,594.0
2021-12-20,4,12,2021,20,60000.0,40,7.100000000000003,2579566.8209999977,37821,,2865.2,6652,63231,2744,6652,1743,5637,1396043960.87,356798690.0999999,734986221.4200001,303897181.87,735.7638812746994,332.56993265481793,52.30499999999999,48.025,50.272499999999994,36460166,16419809,248.67741935483872,129.09677419354838,273.21,859.49,732.52,31613.67,118047.72,160869.37,186.7,94.3,16.375,78.62069,195.7741935483871,196.25806451612902,109.54838709677419,16.90903226,594.0
2021-12-21,4,12,2021,21,70000.0,25,7.100000000000003,2579566.8209999977,37821,,2865.2,6652,63231,2744,6652,1743,5637,1396043960.87,356798690.0999999,734986221.4200001,303897181.87,735.7638812746994,332.56993265481793,52.30499999999999,48.025,50.272499999999994,36460166,16419809,248.67741935483872,129.09677419354838,273.21,859.49,732.52,31613.67,118047.72,160869.37,186.7,94.3,16.375,78.62069,195.7741935483871,196.25806451612902,109.54838709677419,16.90903226,594.0
2021-12-22,4,12,2021,22,60000.0,29,7.100000000000003,2579566.8209999977,37821,,2865.2,6652,63231,2744,6652,1743,5637,1396043960.87,356798690.0999999,734986221.4200001,303897181.87,735.7638812746994,332.56993265481793,52.30499999999999,48.025,50.272499999999994,36460166,16419809,248.67741935483872,129.09677419354838,273.21,859.49,732.52,31613.67,118047.72,160869.37,186.7,94.3,16.375,78.62069,195.7741935483871,196.25806451612902,109.54838709677419,16.90903226,594.0
2021-12-23,4,12,2021,23,60000.0,18,7.100000000000003,2579566.8209999977,37821,,2865.2,6652,63231,2744,6652,1743,5637,1396043960.87,356798690.0999999,734986221.4200001,303897181.87,735.7638812746994,332.56993265481793,52.30499999999999,48.025,50.272499999999994,36460166,16419809,248.67741935483872,129.09677419354838,273.21,859.49,732.52,31613.67,118047.72,160869.37,186.7,94.3,16.375,78.62069,195.7741935483871,196.25806451612902,109.54838709677419,16.90903226,594.0
2021-12-24,4,12,2021,24,60000.0,15,7.100000000000003,2579566.8209999977,37821,,2865.2,6652,63231,2744,6652,1743,5637,1396043960.87,356798690.0999999,734986221.4200001,303897181.87,735.7638812746994,332.56993265481793,52.30499999999999,48.025,50.272499999999994,36460166,16419809,248.67741935483872,129.09677419354838,273.21,859.49,732.52,31613.67,118047.72,160869.37,186.7,94.3,16.375,78.62069,195.7741935483871,196.25806451612902,109.54838709677419,16.90903226,594.0
2021-12-25,4,12,2021,25,60000.0,7,7.100000000000003,2579566.8209999977,37821,,2865.2,6652,63231,2744,6652,1743,5637,1396043960.87,356798690.0999999,734986221.4200001,303897181.87,735.7638812746994,332.56993265481793,52.30499999999999,48.025,50.272499999999994,36460166,16419809,248.67741935483872,129.09677419354838,273.21,859.49,732.52,31613.67,118047.72,160869.37,186.7,94.3,16.375,78.62069,195.7741935483871,196.25806451612902,109.54838709677419,16.90903226,594.0
2021-12-26,4,12,2021,26,50000.0,11,7.100000000000003,2579566.8209999977,37821,,2865.2,6652,63231,2744,6652,1743,5637,1396043960.87,356798690.0999999,734986221.4200001,303897181.87,735.7638812746994,332.56993265481793,52.30499999999999,48.025,50.272499999999994,36460166,16419809,248.67741935483872,129.09677419354838,273.21,859.49,732.52,31613.67,118047.72,160869.37,186.7,94.3,16.375,78.62069,195.7741935483871,196.25806451612902,109.54838709677419,16.90903226,594.0
2021-12-27,4,12,2021,27,58750.0,24,7.100000000000003,2579566.8209999977,37821,,2865.2,6652,63231,2744,6652,1743,5637,1396043960.87,356798690.0999999,734986221.4200001,303897181.87,735.7638812746994,332.56993265481793,52.30499999999999,48.025,50.272499999999994,36460166,16419809,248.67741935483872,129.09677419354838,273.21,859.49,732.52,31613.67,118047.72,160869.37,186.7,94.3,16.375,78.62069,195.7741935483871,196.25806451612902,109.54838709677419,16.90903226,594.0
2021-12-28,4,12,2021,28,55000.0,37,7.100000000000003,2579566.8209999977,37821,,2865.2,6652,63231,2744,6652,1743,5637,1396043960.87,356798690.0999999,734986221.4200001,303897181.87,735.7638812746994,332.56993265481793,52.30499999999999,48.025,50.272499999999994,36460166,16419809,248.67741935483872,129.09677419354838,273.21,859.49,732.52,31613.67,118047.72,160869.37,186.7,94.3,16.375,78.62069,195.7741935483871,196.25806451612902,109.54838709677419,16.90903226,594.0
2021-12-29,4,12,2021,29,67000.0,25,7.100000000000003,2579566.8209999977,37821,,2865.2,6652,63231,2744,6652,1743,5637,1396043960.87,356798690.0999999,734986221.4200001,303897181.87,735.7638812746994,332.56993265481793,52.30499999999999,48.025,50.272499999999994,36460166,16419809,248.67741935483872,129.09677419354838,273.21,859.49,732.52,31613.67,118047.72,160869.37,186.7,94.3,16.375,78.62069,195.7741935483871,196.25806451612902,109.54838709677419,16.90903226,594.0
2021-12-30,4,12,2021,30,52500.0,26,7.100000000000003,2579566.8209999977,37821,,2865.2,6652,63231,2744,6652,1743,5637,1396043960.87,356798690.0999999,734986221.4200001,303897181.87,735.7638812746994,332.56993265481793,52.30499999999999,48.025,50.272499999999994,36460166,16419809,248.67741935483872,129.09677419354838,273.21,859.49,732.52,31613.67,118047.72,160869.37,186.7,94.3,16.375,78.62069,195.7741935483871,196.25806451612902,109.54838709677419,16.90903226,594.0
2021-12-31,4,12,2021,31,75000.0,7,7.100000000000003,2579566.8209999977,37821,,2865.2,6652,63231,2744,6652,1743,5637,1396043960.87,356798690.0999999,734986221.4200001,303897181.87,735.7638812746994,332.56993265481793,52.30499999999999,48.025,50.272499999999994,36460166,16419809,248.67741935483872,129.09677419354838,273.21,859.49,732.52,31613.67,118047.72,160869.37,186.7,94.3,16.375,78.62069,195.7741935483871,196.25806451612902,109.54838709677419,16.90903226,594.0
2022-01-02,1,1,2022,2,50000.0,1,24.6,2701392.028000002,38378,,2186.7,4323,63314,83,4323,1112,2941,363953140.84,10980077.55,348544164.64,4393928.7,559.8164990998248,206.2569386038688,52.9675,48.355000000000004,51.019999999999996,28374066,10627045,181.5483870967742,113.96774193548387,654.14,822.98,844.8,41725.08,104215.7,198826.77,92.3,32.7,13.3,61.3,133.51612903225808,173.67741935483872,115.19354838709677,17.04967742,
2022-01-03,1,1,2022,3,52500.0,5,24.6,2701392.028000002,38378,,2186.7,4323,63314,83,4323,1112,2941,363953140.84,10980077.55,348544164.64,4393928.7,559.8164990998248,206.2569386038688,52.9675,48.355000000000004,51.019999999999996,28374066,10627045,181.5483870967742,113.96774193548387,654.14,822.98,844.8,41725.08,104215.7,198826.77,92.3,32.7,13.3,61.3,133.51612903225808,173.67741935483872,115.19354838709677,17.04967742,
2022-01-04,1,1,2022,4,55000.0,8,24.6,2701392.028000002,38378,,2186.7,4323,63314,83,4323,1112,2941,363953140.84,10980077.55,348544164.64,4393928.7,559.8164990998248,206.2569386038688,52.9675,48.355000000000004,51.019999999999996,28374066,10627045,181.5483870967742,113.96774193548387,654.14,822.98,844.8,41725.08,104215.7,198826.77,92.3,32.7,13.3,61.3,133.51612903225808,173.67741935483872,115.19354838709677,17.04967742,
2022-01-05,1,1,2022,5,60000.0,7,24.6,2701392.028000002,38378,,2186.7,4323,63314,83,4323,1112,2941,363953140.84,10980077.55,348544164.64,4393928.7,559.8164990998248,206.2569386038688,52.9675,48.355000000000004,51.019999999999996,28374066,10627045,181.5483870967742,113.96774193548387,654.14,822.98,844.8,41725.08,104215.7,198826.77,92.3,32.7,13.3,61.3,133.51612903225808,173.67741935483872,115.19354838709677,17.04967742,
2022-01-06,1,1,2022,6,61000.0,3,24.6,2701392.028000002,38378,,2186.7,4323,63314,83,4323,1112,2941,363953140.84,10980077.55,348544164.64,4393928.7,559.8164990998248,206.2569386038688,52.9675,48.355000000000004,51.019999999999996,28374066,10627045,181.5483870967742,113.96774193548387,654.14,822.98,844.8,41725.08,104215.7,198826.77,92.3,32.7,13.3,61.3,133.51612903225808,173.67741935483872,115.19354838709677,17.04967742,
2022-01-07,1,1,2022,7,72500.0,10,24.6,2701392.028000002,38378,,2186.7,4323,63314,83,4323,1112,2941,363953140.84,10980077.55,348544164.64,4393928.7,559.8164990998248,206.2569386038688,52.9675,48.355000000000004,51.019999999999996,28374066,10627045,181.5483870967742,113.96774193548387,654.14,822.98,844.8,41725.08,104215.7,198826.77,92.3,32.7,13.3,61.3,133.51612903225808,173.67741935483872,115.19354838709677,17.04967742,
2022-01-08,1,1,2022,8,61250.0,8,24.6,2701392.028000002,38378,,2186.7,4323,63314,83,4323,1112,2941,363953140.84,10980077.55,348544164.64,4393928.7,559.8164990998248,206.2569386038688,52.9675,48.355000000000004,51.019999999999996,28374066,10627045,181.5483870967742,113.96774193548387,654.14,822.98,844.8,41725.08,104215.7,198826.77,92.3,32.7,13.3,61.3,133.51612903225808,173.67741935483872,115.19354838709677,17.04967742,
2022-01-09,1,1,2022,9,53750.0,7,24.6,2701392.028000002,38378,,2186.7,4323,63314,83,4323,1112,2941,363953140.84,10980077.55,348544164.64,4393928.7,559.8164990998248,206.2569386038688,52.9675,48.355000000000004,51.019999999999996,28374066,10627045,181.5483870967742,113.96774193548387,654.14,822.98,844.8,41725.08,104215.7,198826.77,92.3,32.7,13.3,61.3,133.51612903225808,173.67741935483872,115.19354838709677,17.04967742,
2022-01-10,1,1,2022,10,60000.0,59,24.6,2701392.028000002,38378,,2186.7,4323,63314,83,4323,1112,2941,363953140.84,10980077.55,348544164.64,4393928.7,559.8164990998248,206.2569386038688,52.9675,48.355000000000004,51.019999999999996,28374066,10627045,181.5483870967742,113.96774193548387,654.14,822.98,844.8,41725.08,104215.7,198826.77,92.3,32.7,13.3,61.3,133.51612903225808,173.67741935483872,115.19354838709677,17.04967742,
2022-01-11,1,1,2022,11,63750.0,74,24.6,2701392.028000002,38378,,2186.7,4323,63314,83,4323,1112,2941,363953140.84,10980077.55,348544164.64,4393928.7,559.8164990998248,206.2569386038688,52.9675,48.355000000000004,51.019999999999996,28374066,10627045,181.5483870967742,113.96774193548387,654.14,822.98,844.8,41725.08,104215.7,198826.77,92.3,32.7,13.3,61.3,133.51612903225808,173.67741935483872,115.19354838709677,17.04967742,
2022-01-12,1,1,2022,12,67500.0,71,24.6,2701392.028000002,38378,,2186.7,4323,63314,83,4323,1112,2941,363953140.84,10980077.55,348544164.64,4393928.7,559.8164990998248,206.2569386038688,52.9675,48.355000000000004,51.019999999999996,28374066,10627045,181.5483870967742,113.96774193548387,654.14,822.98,844.8,41725.08,104215.7,198826.77,92.3,32.7,13.3,61.3,133.51612903225808,173.67741935483872,115.19354838709677,17.04967742,
2022-01-13,1,1,2022,13,65000.0,55,24.6,2701392.028000002,38378,,2186.7,4323,63314,83,4323,1112,2941,363953140.84,10980077.55,348544164.64,4393928.7,559.8164990998248,206.2569386038688,52.9675,48.355000000000004,51.019999999999996,28374066,10627045,181.5483870967742,113.96774193548387,654.14,822.98,844.8,41725.08,104215.7,198826.77,92.3,32.7,13.3,61.3,133.51612903225808,173.67741935483872,115.19354838709677,17.04967742,
2022-01-14,1,1,2022,14,60000.0,50,24.6,2701392.028000002,38378,,2186.7,4323,63314,83,4323,1112,2941,363953140.84,10980077.55,348544164.64,4393928.7,559.8164990998248,206.2569386038688,52.9675,48.355000000000004,51.019999999999996,28374066,10627045,181.5483870967742,113.96774193548387,654.14,822.98,844.8,41725.08,104215.7,198826.77,92.3,32.7,13.3,61.3,133.51612903225808,173.67741935483872,115.19354838709677,17.04967742,
2022-01-15,1,1,2022,15,80000.0,9,24.6,2701392.028000002,38378,,2186.7,4323,63314,83,4323,1112,2941,363953140.84,10980077.55,348544164.64,4393928.7,559.8164990998248,206.2569386038688,52.9675,48.355000000000004,51.019999999999996,28374066,10627045,181.5483870967742,113.96774193548387,654.14,822.98,844.8,41725.08,104215.7,198826.77,92.3,32.7,13.3,61.3,133.51612903225808,173.67741935483872,115.19354838709677,17.04967742,
2022-01-16,1,1,2022,16,60000.0,6,24.6,2701392.028000002,38378,,2186.7,4323,63314,83,4323,1112,2941,363953140.84,10980077.55,348544164.64,4393928.7,559.8164990998248,206.2569386038688,52.9675,48.355000000000004,51.019999999999996,28374066,10627045,181.5483870967742,113.96774193548387,654.14,822.98,844.8,41725.08,104215.7,198826.77,92.3,32.7,13.3,61.3,133.51612903225808,173.67741935483872,115.19354838709677,17.04967742,
2022-01-17,1,1,2022,17,66250.0,60,24.6,2701392.028000002,38378,,2186.7,4323,63314,83,4323,1112,2941,363953140.84,10980077.55,348544164.64,4393928.7,559.8164990998248,206.2569386038688,52.9675,48.355000000000004,51.019999999999996,28374066,10627045,181.5483870967742,113.96774193548387,654.14,822.98,844.8,41725.08,104215.7,198826.77,92.3,32.7,13.3,61.3,133.51612903225808,173.67741935483872,115.19354838709677,17.04967742,
2022-01-18,1,1,2022,18,60000.0,53,24.6,2701392.028000002,38378,,2186.7,4323,63314,83,4323,1112,2941,363953140.84,10980077.55,348544164.64,4393928.7,559.8164990998248,206.2569386038688,52.9675,48.355000000000004,51.019999999999996,28374066,10627045,181.5483870967742,113.96774193548387,654.14,822.98,844.8,41725.08,104215.7,198826.77,92.3,32.7,13.3,61.3,133.51612903225808,173.67741935483872,115.19354838709677,17.04967742,
2022-01-19,1,1,2022,19,72500.0,28,24.6,2701392.028000002,38378,,2186.7,4323,63314,83,4323,1112,2941,363953140.84,10980077.55,348544164.64,4393928.7,559.8164990998248,206.2569386038688,52.9675,48.355000000000004,51.019999999999996,28374066,10627045,181.5483870967742,113.96774193548387,654.14,822.98,844.8,41725.08,104215.7,198826.77,92.3,32.7,13.3,61.3,133.51612903225808,173.67741935483872,115.19354838709677,17.04967742,
2022-01-20,1,1,2022,20,55000.0,37,24.6,2701392.028000002,38378,,2186.7,4323,63314,83,4323,1112,2941,363953140.84,10980077.55,348544164.64,4393928.7,559.8164990998248,206.2569386038688,52.9675,48.355000000000004,51.019999999999996,28374066,10627045,181.5483870967742,113.96774193548387,654.14,822.98,844.8,41725.08,104215.7,198826.77,92.3,32.7,13.3,61.3,133.51612903225808,173.67741935483872,115.19354838709677,17.04967742,
2022-01-21,1,1,2022,21,55000.0,42,24.6,2701392.028000002,38378,,2186.7,4323,63314,83,4323,1112,2941,363953140.84,10980077.55,348544164.64,4393928.7,559.8164990998248,206.2569386038688,52.9675,48.355000000000004,51.019999999999996,28374066,10627045,181.5483870967742,113.96774193548387,654.14,822.98,844.8,41725.08,104215.7,198826.77,92.3,32.7,13.3,61.3,133.51612903225808,173.67741935483872,115.19354838709677,17.04967742,
2022-01-22,1,1,2022,22,82500.0,12,24.6,2701392.028000002,38378,,2186.7,4323,63314,83,4323,1112,2941,363953140.84,10980077.55,348544164.64,4393928.7,559.8164990998248,206.2569386038688,52.9675,48.355000000000004,51.019999999999996,28374066,10627045,181.5483870967742,113.96774193548387,654.14,822.98,844.8,41725.08,104215.7,198826.77,92.3,32.7,13.3,61.3,133.51612903225808,173.67741935483872,115.19354838709677,17.04967742,
2022-01-23,1,1,2022,23,62500.0,9,24.6,2701392.028000002,38378,,2186.7,4323,63314,83,4323,1112,2941,363953140.84,10980077.55,348544164.64,4393928.7,559.8164990998248,206.2569386038688,52.9675,48.355000000000004,51.019999999999996,28374066,10627045,181.5483870967742,113.96774193548387,654.14,822.98,844.8,41725.08,104215.7,198826.77,92.3,32.7,13.3,61.3,133.51612903225808,173.67741935483872,115.19354838709677,17.04967742,
2022-01-24,1,1,2022,24,62000.0,55,24.6,2701392.028000002,38378,,2186.7,4323,63314,83,4323,1112,2941,363953140.84,10980077.55,348544164.64,4393928.7,559.8164990998248,206.2569386038688,52.9675,48.355000000000004,51.019999999999996,28374066,10627045,181.5483870967742,113.96774193548387,654.14,822.98,844.8,41725.08,104215.7,198826.77,92.3,32.7,13.3,61.3,133.51612903225808,173.67741935483872,115.19354838709677,17.04967742,
2022-01-25,1,1,2022,25,55700.0,73,24.6,2701392.028000002,38378,,2186.7,4323,63314,83,4323,1112,2941,363953140.84,10980077.55,348544164.64,4393928.7,559.8164990998248,206.2569386038688,52.9675,48.355000000000004,51.019999999999996,28374066,10627045,181.5483870967742,113.96774193548387,654.14,822.98,844.8,41725.08,104215.7,198826.77,92.3,32.7,13.3,61.3,133.51612903225808,173.67741935483872,115.19354838709677,17.04967742,
2022-01-26,1,1,2022,26,60000.0,49,24.6,2701392.028000002,38378,,2186.7,4323,63314,83,4323,1112,2941,363953140.84,10980077.55,348544164.64,4393928.7,559.8164990998248,206.2569386038688,52.9675,48.355000000000004,51.019999999999996,28374066,10627045,181.5483870967742,113.96774193548387,654.14,822.98,844.8,41725.08,104215.7,198826.77,92.3,32.7,13.3,61.3,133.51612903225808,173.67741935483872,115.19354838709677,17.04967742,
2022-01-27,1,1,2022,27,63750.0,27,24.6,2701392.028000002,38378,,2186.7,4323,63314,83,4323,1112,2941,363953140.84,10980077.55,348544164.64,4393928.7,559.8164990998248,206.2569386038688,52.9675,48.355000000000004,51.019999999999996,28374066,10627045,181.5483870967742,113.96774193548387,654.14,822.98,844.8,41725.08,104215.7,198826.77,92.3,32.7,13.3,61.3,133.51612903225808,173.67741935483872,115.19354838709677,17.04967742,
2022-01-28,1,1,2022,28,60000.0,47,24.6,2701392.028000002,38378,,2186.7,4323,63314,83,4323,1112,2941,363953140.84,10980077.55,348544164.64,4393928.7,559.8164990998248,206.2569386038688,52.9675,48.355000000000004,51.019999999999996,28374066,10627045,181.5483870967742,113.96774193548387,654.14,822.98,844.8,41725.08,104215.7,198826.77,92.3,32.7,13.3,61.3,133.51612903225808,173.67741935483872,115.19354838709677,17.04967742,
2022-01-29,1,1,2022,29,65000.0,11,24.6,2701392.028000002,38378,,2186.7,4323,63314,83,4323,1112,2941,363953140.84,10980077.55,348544164.64,4393928.7,559.8164990998248,206.2569386038688,52.9675,48.355000000000004,51.019999999999996,28374066,10627045,181.5483870967742,113.96774193548387,654.14,822.98,844.8,41725.08,104215.7,198826.77,92.3,32.7,13.3,61.3,133.51612903225808,173.67741935483872,115.19354838709677,17.04967742,
2022-01-30,1,1,2022,30,60000.0,7,24.6,2701392.028000002,38378,,2186.7,4323,63314,83,4323,1112,2941,363953140.84,10980077.55,348544164.64,4393928.7,559.8164990998248,206.2569386038688,52.9675,48.355000000000004,51.019999999999996,28374066,10627045,181.5483870967742,113.96774193548387,654.14,822.98,844.8,41725.08,104215.7,198826.77,92.3,32.7,13.3,61.3,133.51612903225808,173.67741935483872,115.19354838709677,17.04967742,
2022-01-31,1,1,2022,31,66500.0,52,24.6,2701392.028000002,38378,,2186.7,4323,63314,83,4323,1112,2941,363953140.84,10980077.55,348544164.64,4393928.7,559.8164990998248,206.2569386038688,52.9675,48.355000000000004,51.019999999999996,28374066,10627045,181.5483870967742,113.96774193548387,654.14,822.98,844.8,41725.08,104215.7,198826.77,92.3,32.7,13.3,61.3,133.51612903225808,173.67741935483872,115.19354838709677,17.04967742,
2022-02-01,1,2,2022,1,60000.0,35,24.6,2402885.5800000015,38200,,2186.7,6012,66892,3578,6012,1494,3982,151292768.96000004,40136226.620000005,81016928.55000001,29726090.59,559.8164990998248,206.2569386038688,53.065,48.345,51.61,28374066,10627045,226.14285714285714,126.60714285714286,,,,,,,92.3,32.7,15.5,71.14286,178.35714285714286,221.32142857142858,121.07142857142857,17.34464286,
2022-02-02,1,2,2022,2,55000.0,49,24.6,2402885.5800000015,38200,,2186.7,6012,66892,3578,6012,1494,3982,151292768.96000004,40136226.620000005,81016928.55000001,29726090.59,559.8164990998248,206.2569386038688,53.065,48.345,51.61,28374066,10627045,226.14285714285714,126.60714285714286,,,,,,,92.3,32.7,15.5,71.14286,178.35714285714286,221.32142857142858,121.07142857142857,17.34464286,
2022-02-03,1,2,2022,3,60000.0,35,24.6,2402885.5800000015,38200,,2186.7,6012,66892,3578,6012,1494,3982,151292768.96000004,40136226.620000005,81016928.55000001,29726090.59,559.8164990998248,206.2569386038688,53.065,48.345,51.61,28374066,10627045,226.14285714285714,126.60714285714286,,,,,,,92.3,32.7,15.5,71.14286,178.35714285714286,221.32142857142858,121.07142857142857,17.34464286,
2022-02-04,1,2,2022,4,70000.0,37,24.6,2402885.5800000015,38200,,2186.7,6012,66892,3578,6012,1494,3982,151292768.96000004,40136226.620000005,81016928.55000001,29726090.59,559.8164990998248,206.2569386038688,53.065,48.345,51.61,28374066,10627045,226.14285714285714,126.60714285714286,,,,,,,92.3,32.7,15.5,71.14286,178.35714285714286,221.32142857142858,121.07142857142857,17.34464286,
2022-02-05,1,2,2022,5,70000.0,9,24.6,2402885.5800000015,38200,,2186.7,6012,66892,3578,6012,1494,3982,151292768.96000004,40136226.620000005,81016928.55000001,29726090.59,559.8164990998248,206.2569386038688,53.065,48.345,51.61,28374066,10627045,226.14285714285714,126.60714285714286,,,,,,,92.3,32.7,15.5,71.14286,178.35714285714286,221.32142857142858,121.07142857142857,17.34464286,
2022-02-06,1,2,2022,6,70000.0,18,24.6,2402885.5800000015,38200,,2186.7,6012,66892,3578,6012,1494,3982,151292768.96000004,40136226.620000005,81016928.55000001,29726090.59,559.8164990998248,206.2569386038688,53.065,48.345,51.61,28374066,10627045,226.14285714285714,126.60714285714286,,,,,,,92.3,32.7,15.5,71.14286,178.35714285714286,221.32142857142858,121.07142857142857,17.34464286,
2022-02-07,1,2,2022,7,55000.0,63,24.6,2402885.5800000015,38200,,2186.7,6012,66892,3578,6012,1494,3982,151292768.96000004,40136226.620000005,81016928.55000001,29726090.59,559.8164990998248,206.2569386038688,53.065,48.345,51.61,28374066,10627045,226.14285714285714,126.60714285714286,,,,,,,92.3,32.7,15.5,71.14286,178.35714285714286,221.32142857142858,121.07142857142857,17.34464286,
2022-02-08,1,2,2022,8,60000.0,56,24.6,2402885.5800000015,38200,,2186.7,6012,66892,3578,6012,1494,3982,151292768.96000004,40136226.620000005,81016928.55000001,29726090.59,559.8164990998248,206.2569386038688,53.065,48.345,51.61,28374066,10627045,226.14285714285714,126.60714285714286,,,,,,,92.3,32.7,15.5,71.14286,178.35714285714286,221.32142857142858,121.07142857142857,17.34464286,
2022-02-09,1,2,2022,9,70000.0,63,24.6,2402885.5800000015,38200,,2186.7,6012,66892,3578,6012,1494,3982,151292768.96000004,40136226.620000005,81016928.55000001,29726090.59,559.8164990998248,206.2569386038688,53.065,48.345,51.61,28374066,10627045,226.14285714285714,126.60714285714286,,,,,,,92.3,32.7,15.5,71.14286,178.35714285714286,221.32142857142858,121.07142857142857,17.34464286,
2022-02-10,1,2,2022,10,60000.0,63,24.6,2402885.5800000015,38200,,2186.7,6012,66892,3578,6012,1494,3982,151292768.96000004,40136226.620000005,81016928.55000001,29726090.59,559.8164990998248,206.2569386038688,53.065,48.345,51.61,28374066,10627045,226.14285714285714,126.60714285714286,,,,,,,92.3,32.7,15.5,71.14286,178.35714285714286,221.32142857142858,121.07142857142857,17.34464286,
2022-02-11,1,2,2022,11,57500.0,47,24.6,2402885.5800000015,38200,,2186.7,6012,66892,3578,6012,1494,3982,151292768.96000004,40136226.620000005,81016928.55000001,29726090.59,559.8164990998248,206.2569386038688,53.065,48.345,51.61,28374066,10627045,226.14285714285714,126.60714285714286,,,,,,,92.3,32.7,15.5,71.14286,178.35714285714286,221.32142857142858,121.07142857142857,17.34464286,
2022-02-12,1,2,2022,12,75000.0,1,24.6,2402885.5800000015,38200,,2186.7,6012,66892,3578,6012,1494,3982,151292768.96000004,40136226.620000005,81016928.55000001,29726090.59,559.8164990998248,206.2569386038688,53.065,48.345,51.61,28374066,10627045,226.14285714285714,126.60714285714286,,,,,,,92.3,32.7,15.5,71.14286,178.35714285714286,221.32142857142858,121.07142857142857,17.34464286,
2022-02-13,1,2,2022,13,57500.0,14,24.6,2402885.5800000015,38200,,2186.7,6012,66892,3578,6012,1494,3982,151292768.96000004,40136226.620000005,81016928.55000001,29726090.59,559.8164990998248,206.2569386038688,53.065,48.345,51.61,28374066,10627045,226.14285714285714,126.60714285714286,,,,,,,92.3,32.7,15.5,71.14286,178.35714285714286,221.32142857142858,121.07142857142857,17.34464286,
2022-02-14,1,2,2022,14,55000.0,54,24.6,2402885.5800000015,38200,,2186.7,6012,66892,3578,6012,1494,3982,151292768.96000004,40136226.620000005,81016928.55000001,29726090.59,559.8164990998248,206.2569386038688,53.065,48.345,51.61,28374066,10627045,226.14285714285714,126.60714285714286,,,,,,,92.3,32.7,15.5,71.14286,178.35714285714286,221.32142857142858,121.07142857142857,17.34464286,
2022-02-15,1,2,2022,15,60000.0,48,24.6,2402885.5800000015,38200,,2186.7,6012,66892,3578,6012,1494,3982,151292768.96000004,40136226.620000005,81016928.55000001,29726090.59,559.8164990998248,206.2569386038688,53.065,48.345,51.61,28374066,10627045,226.14285714285714,126.60714285714286,,,,,,,92.3,32.7,15.5,71.14286,178.35714285714286,221.32142857142858,121.07142857142857,17.34464286,
2022-02-16,1,2,2022,16,60000.0,45,24.6,2402885.5800000015,38200,,2186.7,6012,66892,3578,6012,1494,3982,151292768.96000004,40136226.620000005,81016928.55000001,29726090.59,559.8164990998248,206.2569386038688,53.065,48.345,51.61,28374066,10627045,226.14285714285714,126.60714285714286,,,,,,,92.3,32.7,15.5,71.14286,178.35714285714286,221.32142857142858,121.07142857142857,17.34464286,
2022-02-17,1,2,2022,17,55000.0,35,24.6,2402885.5800000015,38200,,2186.7,6012,66892,3578,6012,1494,3982,151292768.96000004,40136226.620000005,81016928.55000001,29726090.59,559.8164990998248,206.2569386038688,53.065,48.345,51.61,28374066,10627045,226.14285714285714,126.60714285714286,,,,,,,92.3,32.7,15.5,71.14286,178.35714285714286,221.32142857142858,121.07142857142857,17.34464286,
2022-02-18,1,2,2022,18,56250.0,52,24.6,2402885.5800000015,38200,,2186.7,6012,66892,3578,6012,1494,3982,151292768.96000004,40136226.620000005,81016928.55000001,29726090.59,559.8164990998248,206.2569386038688,53.065,48.345,51.61,28374066,10627045,226.14285714285714,126.60714285714286,,,,,,,92.3,32.7,15.5,71.14286,178.35714285714286,221.32142857142858,121.07142857142857,17.34464286,
2022-02-19,1,2,2022,19,60000.0,7,24.6,2402885.5800000015,38200,,2186.7,6012,66892,3578,6012,1494,3982,151292768.96000004,40136226.620000005,81016928.55000001,29726090.59,559.8164990998248,206.2569386038688,53.065,48.345,51.61,28374066,10627045,226.14285714285714,126.60714285714286,,,,,,,92.3,32.7,15.5,71.14286,178.35714285714286,221.32142857142858,121.07142857142857,17.34464286,
2022-02-20,1,2,2022,20,50000.0,5,24.6,2402885.5800000015,38200,,2186.7,6012,66892,3578,6012,1494,3982,151292768.96000004,40136226.620000005,81016928.55000001,29726090.59,559.8164990998248,206.2569386038688,53.065,48.345,51.61,28374066,10627045,226.14285714285714,126.60714285714286,,,,,,,92.3,32.7,15.5,71.14286,178.35714285714286,221.32142857142858,121.07142857142857,17.34464286,
2022-02-21,1,2,2022,21,62500.0,46,24.6,2402885.5800000015,38200,,2186.7,6012,66892,3578,6012,1494,3982,151292768.96000004,40136226.620000005,81016928.55000001,29726090.59,559.8164990998248,206.2569386038688,53.065,48.345,51.61,28374066,10627045,226.14285714285714,126.60714285714286,,,,,,,92.3,32.7,15.5,71.14286,178.35714285714286,221.32142857142858,121.07142857142857,17.34464286,
2022-02-22,1,2,2022,22,52500.0,32,24.6,2402885.5800000015,38200,,2186.7,6012,66892,3578,6012,1494,3982,151292768.96000004,40136226.620000005,81016928.55000001,29726090.59,559.8164990998248,206.2569386038688,53.065,48.345,51.61,28374066,10627045,226.14285714285714,126.60714285714286,,,,,,,92.3,32.7,15.5,71.14286,178.35714285714286,221.32142857142858,121.07142857142857,17.34464286,
2022-02-23,1,2,2022,23,70000.0,28,24.6,2402885.5800000015,38200,,2186.7,6012,66892,3578,6012,1494,3982,151292768.96000004,40136226.620000005,81016928.55000001,29726090.59,559.8164990998248,206.2569386038688,53.065,48.345,51.61,28374066,10627045,226.14285714285714,126.60714285714286,,,,,,,92.3,32.7,15.5,71.14286,178.35714285714286,221.32142857142858,121.07142857142857,17.34464286,
2022-02-24,1,2,2022,24,65000.0,29,24.6,2402885.5800000015,38200,,2186.7,6012,66892,3578,6012,1494,3982,151292768.96000004,40136226.620000005,81016928.55000001,29726090.59,559.8164990998248,206.2569386038688,53.065,48.345,51.61,28374066,10627045,226.14285714285714,126.60714285714286,,,,,,,92.3,32.7,15.5,71.14286,178.35714285714286,221.32142857142858,121.07142857142857,17.34464286,
2022-02-25,1,2,2022,25,52500.0,44,24.6,2402885.5800000015,38200,,2186.7,6012,66892,3578,6012,1494,3982,151292768.96000004,40136226.620000005,81016928.55000001,29726090.59,559.8164990998248,206.2569386038688,53.065,48.345,51.61,28374066,10627045,226.14285714285714,126.60714285714286,,,,,,,92.3,32.7,15.5,71.14286,178.35714285714286,221.32142857142858,121.07142857142857,17.34464286,
2022-02-26,1,2,2022,26,80000.0,21,24.6,2402885.5800000015,38200,,2186.7,6012,66892,3578,6012,1494,3982,151292768.96000004,40136226.620000005,81016928.55000001,29726090.59,559.8164990998248,206.2569386038688,53.065,48.345,51.61,28374066,10627045,226.14285714285714,126.60714285714286,,,,,,,92.3,32.7,15.5,71.14286,178.35714285714286,221.32142857142858,121.07142857142857,17.34464286,
2022-02-27,1,2,2022,27,100000.0,9,24.6,2402885.5800000015,38200,,2186.7,6012,66892,3578,6012,1494,3982,151292768.96000004,40136226.620000005,81016928.55000001,29726090.59,559.8164990998248,206.2569386038688,53.065,48.345,51.61,28374066,10627045,226.14285714285714,126.60714285714286,,,,,,,92.3,32.7,15.5,71.14286,178.35714285714286,221.32142857142858,121.07142857142857,17.34464286,
2022-02-28,1,2,2022,28,60000.0,38,24.6,2402885.5800000015,38200,,2186.7,6012,66892,3578,6012,1494,3982,151292768.96000004,40136226.620000005,81016928.55000001,29726090.59,559.8164990998248,206.2569386038688,53.065,48.345,51.61,28374066,10627045,226.14285714285714,126.60714285714286,,,,,,,92.3,32.7,15.5,71.14286,178.35714285714286,221.32142857142858,121.07142857142857,17.34464286,
2022-03-01,1,3,2022,1,59300.0,34,24.6,2655610.7179999985,38885,,2186.7,8426,70201,3309,8426,2410,5268,,,,,559.8164990998248,206.2569386038688,53.06,48.315000000000005,51.940000000000005,28374066,10627045,204.03225806451613,115.61290322580645,,,,,,,92.3,32.7,15.2,58.48387,182.06451612903226,199.83870967741936,94.19354838709677,14.04822581,
2022-03-02,1,3,2022,2,60000.0,37,24.6,2655610.7179999985,38885,,2186.7,8426,70201,3309,8426,2410,5268,,,,,559.8164990998248,206.2569386038688,53.06,48.315000000000005,51.940000000000005,28374066,10627045,204.03225806451613,115.61290322580645,,,,,,,92.3,32.7,15.2,58.48387,182.06451612903226,199.83870967741936,94.19354838709677,14.04822581,
2022-03-03,1,3,2022,3,50300.0,33,24.6,2655610.7179999985,38885,,2186.7,8426,70201,3309,8426,2410,5268,,,,,559.8164990998248,206.2569386038688,53.06,48.315000000000005,51.940000000000005,28374066,10627045,204.03225806451613,115.61290322580645,,,,,,,92.3,32.7,15.2,58.48387,182.06451612903226,199.83870967741936,94.19354838709677,14.04822581,
2022-03-04,1,3,2022,4,70000.0,25,24.6,2655610.7179999985,38885,,2186.7,8426,70201,3309,8426,2410,5268,,,,,559.8164990998248,206.2569386038688,53.06,48.315000000000005,51.940000000000005,28374066,10627045,204.03225806451613,115.61290322580645,,,,,,,92.3,32.7,15.2,58.48387,182.06451612903226,199.83870967741936,94.19354838709677,14.04822581,
2022-03-05,1,3,2022,5,75000.0,15,24.6,2655610.7179999985,38885,,2186.7,8426,70201,3309,8426,2410,5268,,,,,559.8164990998248,206.2569386038688,53.06,48.315000000000005,51.940000000000005,28374066,10627045,204.03225806451613,115.61290322580645,,,,,,,92.3,32.7,15.2,58.48387,182.06451612903226,199.83870967741936,94.19354838709677,14.04822581,
2022-03-06,1,3,2022,6,70000.0,9,24.6,2655610.7179999985,38885,,2186.7,8426,70201,3309,8426,2410,5268,,,,,559.8164990998248,206.2569386038688,53.06,48.315000000000005,51.940000000000005,28374066,10627045,204.03225806451613,115.61290322580645,,,,,,,92.3,32.7,15.2,58.48387,182.06451612903226,199.83870967741936,94.19354838709677,14.04822581,
2022-03-07,1,3,2022,7,70000.0,24,24.6,2655610.7179999985,38885,,2186.7,8426,70201,3309,8426,2410,5268,,,,,559.8164990998248,206.2569386038688,53.06,48.315000000000005,51.940000000000005,28374066,10627045,204.03225806451613,115.61290322580645,,,,,,,92.3,32.7,15.2,58.48387,182.06451612903226,199.83870967741936,94.19354838709677,14.04822581,
2022-03-08,1,3,2022,8,65000.0,7,24.6,2655610.7179999985,38885,,2186.7,8426,70201,3309,8426,2410,5268,,,,,559.8164990998248,206.2569386038688,53.06,48.315000000000005,51.940000000000005,28374066,10627045,204.03225806451613,115.61290322580645,,,,,,,92.3,32.7,15.2,58.48387,182.06451612903226,199.83870967741936,94.19354838709677,14.04822581,
2022-03-09,1,3,2022,9,60000.0,42,24.6,2655610.7179999985,38885,,2186.7,8426,70201,3309,8426,2410,5268,,,,,559.8164990998248,206.2569386038688,53.06,48.315000000000005,51.940000000000005,28374066,10627045,204.03225806451613,115.61290322580645,,,,,,,92.3,32.7,15.2,58.48387,182.06451612903226,199.83870967741936,94.19354838709677,14.04822581,
2022-03-10,1,3,2022,10,60000.0,31,24.6,2655610.7179999985,38885,,2186.7,8426,70201,3309,8426,2410,5268,,,,,559.8164990998248,206.2569386038688,53.06,48.315000000000005,51.940000000000005,28374066,10627045,204.03225806451613,115.61290322580645,,,,,,,92.3,32.7,15.2,58.48387,182.06451612903226,199.83870967741936,94.19354838709677,14.04822581,
2022-03-11,1,3,2022,11,53900.0,26,24.6,2655610.7179999985,38885,,2186.7,8426,70201,3309,8426,2410,5268,,,,,559.8164990998248,206.2569386038688,53.06,48.315000000000005,51.940000000000005,28374066,10627045,204.03225806451613,115.61290322580645,,,,,,,92.3,32.7,15.2,58.48387,182.06451612903226,199.83870967741936,94.19354838709677,14.04822581,
2022-03-12,1,3,2022,12,50950.0,4,24.6,2655610.7179999985,38885,,2186.7,8426,70201,3309,8426,2410,5268,,,,,559.8164990998248,206.2569386038688,53.06,48.315000000000005,51.940000000000005,28374066,10627045,204.03225806451613,115.61290322580645,,,,,,,92.3,32.7,15.2,58.48387,182.06451612903226,199.83870967741936,94.19354838709677,14.04822581,
2022-03-13,1,3,2022,13,72500.0,8,24.6,2655610.7179999985,38885,,2186.7,8426,70201,3309,8426,2410,5268,,,,,559.8164990998248,206.2569386038688,53.06,48.315000000000005,51.940000000000005,28374066,10627045,204.03225806451613,115.61290322580645,,,,,,,92.3,32.7,15.2,58.48387,182.06451612903226,199.83870967741936,94.19354838709677,14.04822581,
2022-03-14,1,3,2022,14,60000.0,30,24.6,2655610.7179999985,38885,,2186.7,8426,70201,3309,8426,2410,5268,,,,,559.8164990998248,206.2569386038688,53.06,48.315000000000005,51.940000000000005,28374066,10627045,204.03225806451613,115.61290322580645,,,,,,,92.3,32.7,15.2,58.48387,182.06451612903226,199.83870967741936,94.19354838709677,14.04822581,
2022-03-15,1,3,2022,15,60000.0,26,24.6,2655610.7179999985,38885,,2186.7,8426,70201,3309,8426,2410,5268,,,,,559.8164990998248,206.2569386038688,53.06,48.315000000000005,51.940000000000005,28374066,10627045,204.03225806451613,115.61290322580645,,,,,,,92.3,32.7,15.2,58.48387,182.06451612903226,199.83870967741936,94.19354838709677,14.04822581,
2022-03-16,1,3,2022,16,51250.0,26,24.6,2655610.7179999985,38885,,2186.7,8426,70201,3309,8426,2410,5268,,,,,559.8164990998248,206.2569386038688,53.06,48.315000000000005,51.940000000000005,28374066,10627045,204.03225806451613,115.61290322580645,,,,,,,92.3,32.7,15.2,58.48387,182.06451612903226,199.83870967741936,94.19354838709677,14.04822581,
2022-03-17,1,3,2022,17,73750.0,30,24.6,2655610.7179999985,38885,,2186.7,8426,70201,3309,8426,2410,5268,,,,,559.8164990998248,206.2569386038688,53.06,48.315000000000005,51.940000000000005,28374066,10627045,204.03225806451613,115.61290322580645,,,,,,,92.3,32.7,15.2,58.48387,182.06451612903226,199.83870967741936,94.19354838709677,14.04822581,
2022-03-18,1,3,2022,18,60000.0,33,24.6,2655610.7179999985,38885,,2186.7,8426,70201,3309,8426,2410,5268,,,,,559.8164990998248,206.2569386038688,53.06,48.315000000000005,51.940000000000005,28374066,10627045,204.03225806451613,115.61290322580645,,,,,,,92.3,32.7,15.2,58.48387,182.06451612903226,199.83870967741936,94.19354838709677,14.04822581,
2022-03-19,1,3,2022,19,70000.0,14,24.6,2655610.7179999985,38885,,2186.7,8426,70201,3309,8426,2410,5268,,,,,559.8164990998248,206.2569386038688,53.06,48.315000000000005,51.940000000000005,28374066,10627045,204.03225806451613,115.61290322580645,,,,,,,92.3,32.7,15.2,58.48387,182.06451612903226,199.83870967741936,94.19354838709677,14.04822581,
2022-03-20,1,3,2022,20,55000.0,11,24.6,2655610.7179999985,38885,,2186.7,8426,70201,3309,8426,2410,5268,,,,,559.8164990998248,206.2569386038688,53.06,48.315000000000005,51.940000000000005,28374066,10627045,204.03225806451613,115.61290322580645,,,,,,,92.3,32.7,15.2,58.48387,182.06451612903226,199.83870967741936,94.19354838709677,14.04822581,
2022-03-21,1,3,2022,21,60000.0,40,24.6,2655610.7179999985,38885,,2186.7,8426,70201,3309,8426,2410,5268,,,,,559.8164990998248,206.2569386038688,53.06,48.315000000000005,51.940000000000005,28374066,10627045,204.03225806451613,115.61290322580645,,,,,,,92.3,32.7,15.2,58.48387,182.06451612903226,199.83870967741936,94.19354838709677,14.04822581,
2022-03-22,1,3,2022,22,52500.0,29,24.6,2655610.7179999985,38885,,2186.7,8426,70201,3309,8426,2410,5268,,,,,559.8164990998248,206.2569386038688,53.06,48.315000000000005,51.940000000000005,28374066,10627045,204.03225806451613,115.61290322580645,,,,,,,92.3,32.7,15.2,58.48387,182.06451612903226,199.83870967741936,94.19354838709677,14.04822581,
2022-03-23,1,3,2022,23,62000.0,46,24.6,2655610.7179999985,38885,,2186.7,8426,70201,3309,8426,2410,5268,,,,,559.8164990998248,206.2569386038688,53.06,48.315000000000005,51.940000000000005,28374066,10627045,204.03225806451613,115.61290322580645,,,,,,,92.3,32.7,15.2,58.48387,182.06451612903226,199.83870967741936,94.19354838709677,14.04822581,
2022-03-24,1,3,2022,24,58750.0,26,24.6,2655610.7179999985,38885,,2186.7,8426,70201,3309,8426,2410,5268,,,,,559.8164990998248,206.2569386038688,53.06,48.315000000000005,51.940000000000005,28374066,10627045,204.03225806451613,115.61290322580645,,,,,,,92.3,32.7,15.2,58.48387,182.06451612903226,199.83870967741936,94.19354838709677,14.04822581,
2022-03-25,1,3,2022,25,60000.0,35,24.6,2655610.7179999985,38885,,2186.7,8426,70201,3309,8426,2410,5268,,,,,559.8164990998248,206.2569386038688,53.06,48.315000000000005,51.940000000000005,28374066,10627045,204.03225806451613,115.61290322580645,,,,,,,92.3,32.7,15.2,58.48387,182.06451612903226,199.83870967741936,94.19354838709677,14.04822581,
2022-03-26,1,3,2022,26,53000.0,12,24.6,2655610.7179999985,38885,,2186.7,8426,70201,3309,8426,2410,5268,,,,,559.8164990998248,206.2569386038688,53.06,48.315000000000005,51.940000000000005,28374066,10627045,204.03225806451613,115.61290322580645,,,,,,,92.3,32.7,15.2,58.48387,182.06451612903226,199.83870967741936,94.19354838709677,14.04822581,
2022-03-27,1,3,2022,27,62500.0,8,24.6,2655610.7179999985,38885,,2186.7,8426,70201,3309,8426,2410,5268,,,,,559.8164990998248,206.2569386038688,53.06,48.315000000000005,51.940000000000005,28374066,10627045,204.03225806451613,115.61290322580645,,,,,,,92.3,32.7,15.2,58.48387,182.06451612903226,199.83870967741936,94.19354838709677,14.04822581,
2022-03-28,1,3,2022,28,52500.0,47,24.6,2655610.7179999985,38885,,2186.7,8426,70201,3309,8426,2410,5268,,,,,559.8164990998248,206.2569386038688,53.06,48.315000000000005,51.940000000000005,28374066,10627045,204.03225806451613,115.61290322580645,,,,,,,92.3,32.7,15.2,58.48387,182.06451612903226,199.83870967741936,94.19354838709677,14.04822581,
2022-03-29,1,3,2022,29,50000.0,25,24.6,2655610.7179999985,38885,,2186.7,8426,70201,3309,8426,2410,5268,,,,,559.8164990998248,206.2569386038688,53.06,48.315000000000005,51.940000000000005,28374066,10627045,204.03225806451613,115.61290322580645,,,,,,,92.3,32.7,15.2,58.48387,182.06451612903226,199.83870967741936,94.19354838709677,14.04822581,
2022-03-30,1,3,2022,30,60000.0,37,24.6,2655610.7179999985,38885,,2186.7,8426,70201,3309,8426,2410,5268,,,,,559.8164990998248,206.2569386038688,53.06,48.315000000000005,51.940000000000005,28374066,10627045,204.03225806451613,115.61290322580645,,,,,,,92.3,32.7,15.2,58.48387,182.06451612903226,199.83870967741936,94.19354838709677,14.04822581,
2022-03-31,1,3,2022,31,58750.0,26,24.6,2655610.7179999985,38885,,2186.7,8426,70201,3309,8426,2410,5268,,,,,559.8164990998248,206.2569386038688,53.06,48.315000000000005,51.940000000000005,28374066,10627045,204.03225806451613,115.61290322580645,,,,,,,92.3,32.7,15.2,58.48387,182.06451612903226,199.83870967741936,94.19354838709677,14.04822581,
2022-04-01,2,4,2022,1,60000.0,24,110.70000000000002,2142731.4570000004,41158,,4385.5,4231,74668,4467,4231,1026,1868,,,,,579.3569149637442,160.213109985135,53.05499999999999,48.19500000000001,51.8775,29296148,8352844,154.3,119.26666666666667,,,,,,,238.7,45.2,16.075,61.4,126.9,187.33333333333334,103.83333333333333,13.54166667,
2022-04-02,2,4,2022,2,77500.0,4,110.70000000000002,2142731.4570000004,41158,,4385.5,4231,74668,4467,4231,1026,1868,,,,,579.3569149637442,160.213109985135,53.05499999999999,48.19500000000001,51.8775,29296148,8352844,154.3,119.26666666666667,,,,,,,238.7,45.2,16.075,61.4,126.9,187.33333333333334,103.83333333333333,13.54166667,
2022-04-03,2,4,2022,3,80000.0,4,110.70000000000002,2142731.4570000004,41158,,4385.5,4231,74668,4467,4231,1026,1868,,,,,579.3569149637442,160.213109985135,53.05499999999999,48.19500000000001,51.8775,29296148,8352844,154.3,119.26666666666667,,,,,,,238.7,45.2,16.075,61.4,126.9,187.33333333333334,103.83333333333333,13.54166667,
2022-04-04,2,4,2022,4,50000.0,42,110.70000000000002,2142731.4570000004,41158,,4385.5,4231,74668,4467,4231,1026,1868,,,,,579.3569149637442,160.213109985135,53.05499999999999,48.19500000000001,51.8775,29296148,8352844,154.3,119.26666666666667,,,,,,,238.7,45.2,16.075,61.4,126.9,187.33333333333334,103.83333333333333,13.54166667,
2022-04-05,2,4,2022,5,60000.0,40,110.70000000000002,2142731.4570000004,41158,,4385.5,4231,74668,4467,4231,1026,1868,,,,,579.3569149637442,160.213109985135,53.05499999999999,48.19500000000001,51.8775,29296148,8352844,154.3,119.26666666666667,,,,,,,238.7,45.2,16.075,61.4,126.9,187.33333333333334,103.83333333333333,13.54166667,
2022-04-06,2,4,2022,6,54500.0,38,110.70000000000002,2142731.4570000004,41158,,4385.5,4231,74668,4467,4231,1026,1868,,,,,579.3569149637442,160.213109985135,53.05499999999999,48.19500000000001,51.8775,29296148,8352844,154.3,119.26666666666667,,,,,,,238.7,45.2,16.075,61.4,126.9,187.33333333333334,103.83333333333333,13.54166667,
2022-04-07,2,4,2022,7,60000.0,26,110.70000000000002,2142731.4570000004,41158,,4385.5,4231,74668,4467,4231,1026,1868,,,,,579.3569149637442,160.213109985135,53.05499999999999,48.19500000000001,51.8775,29296148,8352844,154.3,119.26666666666667,,,,,,,238.7,45.2,16.075,61.4,126.9,187.33333333333334,103.83333333333333,13.54166667,
2022-04-08,2,4,2022,8,67500.0,28,110.70000000000002,2142731.4570000004,41158,,4385.5,4231,74668,4467,4231,1026,1868,,,,,579.3569149637442,160.213109985135,53.05499999999999,48.19500000000001,51.8775,29296148,8352844,154.3,119.26666666666667,,,,,,,238.7,45.2,16.075,61.4,126.9,187.33333333333334,103.83333333333333,13.54166667,
2022-04-09,2,4,2022,9,65000.0,12,110.70000000000002,2142731.4570000004,41158,,4385.5,4231,74668,4467,4231,1026,1868,,,,,579.3569149637442,160.213109985135,53.05499999999999,48.19500000000001,51.8775,29296148,8352844,154.3,119.26666666666667,,,,,,,238.7,45.2,16.075,61.4,126.9,187.33333333333334,103.83333333333333,13.54166667,
2022-04-10,2,4,2022,10,77500.0,12,110.70000000000002,2142731.4570000004,41158,,4385.5,4231,74668,4467,4231,1026,1868,,,,,579.3569149637442,160.213109985135,53.05499999999999,48.19500000000001,51.8775,29296148,8352844,154.3,119.26666666666667,,,,,,,238.7,45.2,16.075,61.4,126.9,187.33333333333334,103.83333333333333,13.54166667,
2022-04-11,2,4,2022,11,55000.0,41,110.70000000000002,2142731.4570000004,41158,,4385.5,4231,74668,4467,4231,1026,1868,,,,,579.3569149637442,160.213109985135,53.05499999999999,48.19500000000001,51.8775,29296148,8352844,154.3,119.26666666666667,,,,,,,238.7,45.2,16.075,61.4,126.9,187.33333333333334,103.83333333333333,13.54166667,
2022-04-12,2,4,2022,12,60000.0,45,110.70000000000002,2142731.4570000004,41158,,4385.5,4231,74668,4467,4231,1026,1868,,,,,579.3569149637442,160.213109985135,53.05499999999999,48.19500000000001,51.8775,29296148,8352844,154.3,119.26666666666667,,,,,,,238.7,45.2,16.075,61.4,126.9,187.33333333333334,103.83333333333333,13.54166667,
2022-04-13,2,4,2022,13,73750.0,38,110.70000000000002,2142731.4570000004,41158,,4385.5,4231,74668,4467,4231,1026,1868,,,,,579.3569149637442,160.213109985135,53.05499999999999,48.19500000000001,51.8775,29296148,8352844,154.3,119.26666666666667,,,,,,,238.7,45.2,16.075,61.4,126.9,187.33333333333334,103.83333333333333,13.54166667,
2022-04-14,2,4,2022,14,60000.0,24,110.70000000000002,2142731.4570000004,41158,,4385.5,4231,74668,4467,4231,1026,1868,,,,,579.3569149637442,160.213109985135,53.05499999999999,48.19500000000001,51.8775,29296148,8352844,154.3,119.26666666666667,,,,,,,238.7,45.2,16.075,61.4,126.9,187.33333333333334,103.83333333333333,13.54166667,
2022-04-15,2,4,2022,15,60000.0,45,110.70000000000002,2142731.4570000004,41158,,4385.5,4231,74668,4467,4231,1026,1868,,,,,579.3569149637442,160.213109985135,53.05499999999999,48.19500000000001,51.8775,29296148,8352844,154.3,119.26666666666667,,,,,,,238.7,45.2,16.075,61.4,126.9,187.33333333333334,103.83333333333333,13.54166667,
2022-04-16,2,4,2022,16,70000.0,17,110.70000000000002,2142731.4570000004,41158,,4385.5,4231,74668,4467,4231,1026,1868,,,,,579.3569149637442,160.213109985135,53.05499999999999,48.19500000000001,51.8775,29296148,8352844,154.3,119.26666666666667,,,,,,,238.7,45.2,16.075,61.4,126.9,187.33333333333334,103.83333333333333,13.54166667,
2022-04-17,2,4,2022,17,62500.0,17,110.70000000000002,2142731.4570000004,41158,,4385.5,4231,74668,4467,4231,1026,1868,,,,,579.3569149637442,160.213109985135,53.05499999999999,48.19500000000001,51.8775,29296148,8352844,154.3,119.26666666666667,,,,,,,238.7,45.2,16.075,61.4,126.9,187.33333333333334,103.83333333333333,13.54166667,
2022-04-18,2,4,2022,18,55000.0,42,110.70000000000002,2142731.4570000004,41158,,4385.5,4231,74668,4467,4231,1026,1868,,,,,579.3569149637442,160.213109985135,53.05499999999999,48.19500000000001,51.8775,29296148,8352844,154.3,119.26666666666667,,,,,,,238.7,45.2,16.075,61.4,126.9,187.33333333333334,103.83333333333333,13.54166667,
2022-04-19,2,4,2022,19,60000.0,39,110.70000000000002,2142731.4570000004,41158,,4385.5,4231,74668,4467,4231,1026,1868,,,,,579.3569149637442,160.213109985135,53.05499999999999,48.19500000000001,51.8775,29296148,8352844,154.3,119.26666666666667,,,,,,,238.7,45.2,16.075,61.4,126.9,187.33333333333334,103.83333333333333,13.54166667,
2022-04-20,2,4,2022,20,57500.0,31,110.70000000000002,2142731.4570000004,41158,,4385.5,4231,74668,4467,4231,1026,1868,,,,,579.3569149637442,160.213109985135,53.05499999999999,48.19500000000001,51.8775,29296148,8352844,154.3,119.26666666666667,,,,,,,238.7,45.2,16.075,61.4,126.9,187.33333333333334,103.83333333333333,13.54166667,
2022-04-21,2,4,2022,21,65000.0,34,110.70000000000002,2142731.4570000004,41158,,4385.5,4231,74668,4467,4231,1026,1868,,,,,579.3569149637442,160.213109985135,53.05499999999999,48.19500000000001,51.8775,29296148,8352844,154.3,119.26666666666667,,,,,,,238.7,45.2,16.075,61.4,126.9,187.33333333333334,103.83333333333333,13.54166667,
2022-04-22,2,4,2022,22,65000.0,30,110.70000000000002,2142731.4570000004,41158,,4385.5,4231,74668,4467,4231,1026,1868,,,,,579.3569149637442,160.213109985135,53.05499999999999,48.19500000000001,51.8775,29296148,8352844,154.3,119.26666666666667,,,,,,,238.7,45.2,16.075,61.4,126.9,187.33333333333334,103.83333333333333,13.54166667,
2022-04-23,2,4,2022,23,70000.0,6,110.70000000000002,2142731.4570000004,41158,,4385.5,4231,74668,4467,4231,1026,1868,,,,,579.3569149637442,160.213109985135,53.05499999999999,48.19500000000001,51.8775,29296148,8352844,154.3,119.26666666666667,,,,,,,238.7,45.2,16.075,61.4,126.9,187.33333333333334,103.83333333333333,13.54166667,
2022-04-24,2,4,2022,24,65000.0,4,110.70000000000002,2142731.4570000004,41158,,4385.5,4231,74668,4467,4231,1026,1868,,,,,579.3569149637442,160.213109985135,53.05499999999999,48.19500000000001,51.8775,29296148,8352844,154.3,119.26666666666667,,,,,,,238.7,45.2,16.075,61.4,126.9,187.33333333333334,103.83333333333333,13.54166667,
2022-04-25,2,4,2022,25,60000.0,33,110.70000000000002,2142731.4570000004,41158,,4385.5,4231,74668,4467,4231,1026,1868,,,,,579.3569149637442,160.213109985135,53.05499999999999,48.19500000000001,51.8775,29296148,8352844,154.3,119.26666666666667,,,,,,,238.7,45.2,16.075,61.4,126.9,187.33333333333334,103.83333333333333,13.54166667,
2022-04-26,2,4,2022,26,50000.0,37,110.70000000000002,2142731.4570000004,41158,,4385.5,4231,74668,4467,4231,1026,1868,,,,,579.3569149637442,160.213109985135,53.05499999999999,48.19500000000001,51.8775,29296148,8352844,154.3,119.26666666666667,,,,,,,238.7,45.2,16.075,61.4,126.9,187.33333333333334,103.83333333333333,13.54166667,
2022-04-27,2,4,2022,27,65000.0,39,110.70000000000002,2142731.4570000004,41158,,4385.5,4231,74668,4467,4231,1026,1868,,,,,579.3569149637442,160.213109985135,53.05499999999999,48.19500000000001,51.8775,29296148,8352844,154.3,119.26666666666667,,,,,,,238.7,45.2,16.075,61.4,126.9,187.33333333333334,103.83333333333333,13.54166667,
2022-04-28,2,4,2022,28,60000.0,37,110.70000000000002,2142731.4570000004,41158,,4385.5,4231,74668,4467,4231,1026,1868,,,,,579.3569149637442,160.213109985135,53.05499999999999,48.19500000000001,51.8775,29296148,8352844,154.3,119.26666666666667,,,,,,,238.7,45.2,16.075,61.4,126.9,187.33333333333334,103.83333333333333,13.54166667,
2022-04-29,2,4,2022,29,60000.0,19,110.70000000000002,2142731.4570000004,41158,,4385.5,4231,74668,4467,4231,1026,1868,,,,,579.3569149637442,160.213109985135,53.05499999999999,48.19500000000001,51.8775,29296148,8352844,154.3,119.26666666666667,,,,,,,238.7,45.2,16.075,61.4,126.9,187.33333333333334,103.83333333333333,13.54166667,
2022-04-30,2,4,2022,30,70000.0,4,110.70000000000002,2142731.4570000004,41158,,4385.5,4231,74668,4467,4231,1026,1868,,,,,579.3569149637442,160.213109985135,53.05499999999999,48.19500000000001,51.8775,29296148,8352844,154.3,119.26666666666667,,,,,,,238.7,45.2,16.075,61.4,126.9,187.33333333333334,103.83333333333333,13.54166667,
2022-05-01,2,5,2022,1,75030.0,9,110.70000000000002,2084531.1500000008,43117,,4385.5,3587,75052,384,3587,731,1416,,,,,579.3569149637442,160.213109985135,52.95,48.1225,52.17,29296148,8352844,148.70967741935485,117.90322580645162,,,,,,,238.7,45.2,18.38,59.58065,123.25806451612904,170.25806451612902,106.87096774193549,12.5583871,
2022-05-02,2,5,2022,2,62500.0,16,110.70000000000002,2084531.1500000008,43117,,4385.5,3587,75052,384,3587,731,1416,,,,,579.3569149637442,160.213109985135,52.95,48.1225,52.17,29296148,8352844,148.70967741935485,117.90322580645162,,,,,,,238.7,45.2,18.38,59.58065,123.25806451612904,170.25806451612902,106.87096774193549,12.5583871,
2022-05-03,2,5,2022,3,150000.0,21,110.70000000000002,2084531.1500000008,43117,,4385.5,3587,75052,384,3587,731,1416,,,,,579.3569149637442,160.213109985135,52.95,48.1225,52.17,29296148,8352844,148.70967741935485,117.90322580645162,,,,,,,238.7,45.2,18.38,59.58065,123.25806451612904,170.25806451612902,106.87096774193549,12.5583871,
2022-05-04,2,5,2022,4,60000.0,55,110.70000000000002,2084531.1500000008,43117,,4385.5,3587,75052,384,3587,731,1416,,,,,579.3569149637442,160.213109985135,52.95,48.1225,52.17,29296148,8352844,148.70967741935485,117.90322580645162,,,,,,,238.7,45.2,18.38,59.58065,123.25806451612904,170.25806451612902,106.87096774193549,12.5583871,
2022-05-05,2,5,2022,5,60000.0,36,110.70000000000002,2084531.1500000008,43117,,4385.5,3587,75052,384,3587,731,1416,,,,,579.3569149637442,160.213109985135,52.95,48.1225,52.17,29296148,8352844,148.70967741935485,117.90322580645162,,,,,,,238.7,45.2,18.38,59.58065,123.25806451612904,170.25806451612902,106.87096774193549,12.5583871,
2022-05-06,2,5,2022,6,50000.0,33,110.70000000000002,2084531.1500000008,43117,,4385.5,3587,75052,384,3587,731,1416,,,,,579.3569149637442,160.213109985135,52.95,48.1225,52.17,29296148,8352844,148.70967741935485,117.90322580645162,,,,,,,238.7,45.2,18.38,59.58065,123.25806451612904,170.25806451612902,106.87096774193549,12.5583871,
2022-05-07,2,5,2022,7,75000.0,11,110.70000000000002,2084531.1500000008,43117,,4385.5,3587,75052,384,3587,731,1416,,,,,579.3569149637442,160.213109985135,52.95,48.1225,52.17,29296148,8352844,148.70967741935485,117.90322580645162,,,,,,,238.7,45.2,18.38,59.58065,123.25806451612904,170.25806451612902,106.87096774193549,12.5583871,
2022-05-08,2,5,2022,8,80000.0,6,110.70000000000002,2084531.1500000008,43117,,4385.5,3587,75052,384,3587,731,1416,,,,,579.3569149637442,160.213109985135,52.95,48.1225,52.17,29296148,8352844,148.70967741935485,117.90322580645162,,,,,,,238.7,45.2,18.38,59.58065,123.25806451612904,170.25806451612902,106.87096774193549,12.5583871,
2022-05-09,2,5,2022,9,95000.0,11,110.70000000000002,2084531.1500000008,43117,,4385.5,3587,75052,384,3587,731,1416,,,,,579.3569149637442,160.213109985135,52.95,48.1225,52.17,29296148,8352844,148.70967741935485,117.90322580645162,,,,,,,238.7,45.2,18.38,59.58065,123.25806451612904,170.25806451612902,106.87096774193549,12.5583871,
2022-05-10,2,5,2022,10,65000.0,20,110.70000000000002,2084531.1500000008,43117,,4385.5,3587,75052,384,3587,731,1416,,,,,579.3569149637442,160.213109985135,52.95,48.1225,52.17,29296148,8352844,148.70967741935485,117.90322580645162,,,,,,,238.7,45.2,18.38,59.58065,123.25806451612904,170.25806451612902,106.87096774193549,12.5583871,
2022-05-11,2,5,2022,11,60000.0,57,110.70000000000002,2084531.1500000008,43117,,4385.5,3587,75052,384,3587,731,1416,,,,,579.3569149637442,160.213109985135,52.95,48.1225,52.17,29296148,8352844,148.70967741935485,117.90322580645162,,,,,,,238.7,45.2,18.38,59.58065,123.25806451612904,170.25806451612902,106.87096774193549,12.5583871,
2022-05-12,2,5,2022,12,60000.0,40,110.70000000000002,2084531.1500000008,43117,,4385.5,3587,75052,384,3587,731,1416,,,,,579.3569149637442,160.213109985135,52.95,48.1225,52.17,29296148,8352844,148.70967741935485,117.90322580645162,,,,,,,238.7,45.2,18.38,59.58065,123.25806451612904,170.25806451612902,106.87096774193549,12.5583871,
2022-05-13,2,5,2022,13,65000.0,37,110.70000000000002,2084531.1500000008,43117,,4385.5,3587,75052,384,3587,731,1416,,,,,579.3569149637442,160.213109985135,52.95,48.1225,52.17,29296148,8352844,148.70967741935485,117.90322580645162,,,,,,,238.7,45.2,18.38,59.58065,123.25806451612904,170.25806451612902,106.87096774193549,12.5583871,
2022-05-14,2,5,2022,14,55000.0,4,110.70000000000002,2084531.1500000008,43117,,4385.5,3587,75052,384,3587,731,1416,,,,,579.3569149637442,160.213109985135,52.95,48.1225,52.17,29296148,8352844,148.70967741935485,117.90322580645162,,,,,,,238.7,45.2,18.38,59.58065,123.25806451612904,170.25806451612902,106.87096774193549,12.5583871,
2022-05-15,2,5,2022,15,65000.0,12,110.70000000000002,2084531.1500000008,43117,,4385.5,3587,75052,384,3587,731,1416,,,,,579.3569149637442,160.213109985135,52.95,48.1225,52.17,29296148,8352844,148.70967741935485,117.90322580645162,,,,,,,238.7,45.2,18.38,59.58065,123.25806451612904,170.25806451612902,106.87096774193549,12.5583871,
2022-05-16,2,5,2022,16,59000.0,65,110.70000000000002,2084531.1500000008,43117,,4385.5,3587,75052,384,3587,731,1416,,,,,579.3569149637442,160.213109985135,52.95,48.1225,52.17,29296148,8352844,148.70967741935485,117.90322580645162,,,,,,,238.7,45.2,18.38,59.58065,123.25806451612904,170.25806451612902,106.87096774193549,12.5583871,
2022-05-17,2,5,2022,17,55000.0,43,110.70000000000002,2084531.1500000008,43117,,4385.5,3587,75052,384,3587,731,1416,,,,,579.3569149637442,160.213109985135,52.95,48.1225,52.17,29296148,8352844,148.70967741935485,117.90322580645162,,,,,,,238.7,45.2,18.38,59.58065,123.25806451612904,170.25806451612902,106.87096774193549,12.5583871,
2022-05-18,2,5,2022,18,55000.0,37,110.70000000000002,2084531.1500000008,43117,,4385.5,3587,75052,384,3587,731,1416,,,,,579.3569149637442,160.213109985135,52.95,48.1225,52.17,29296148,8352844,148.70967741935485,117.90322580645162,,,,,,,238.7,45.2,18.38,59.58065,123.25806451612904,170.25806451612902,106.87096774193549,12.5583871,
2022-05-19,2,5,2022,19,60250.0,46,110.70000000000002,2084531.1500000008,43117,,4385.5,3587,75052,384,3587,731,1416,,,,,579.3569149637442,160.213109985135,52.95,48.1225,52.17,29296148,8352844,148.70967741935485,117.90322580645162,,,,,,,238.7,45.2,18.38,59.58065,123.25806451612904,170.25806451612902,106.87096774193549,12.5583871,
2022-05-20,2,5,2022,20,60000.0,27,110.70000000000002,2084531.1500000008,43117,,4385.5,3587,75052,384,3587,731,1416,,,,,579.3569149637442,160.213109985135,52.95,48.1225,52.17,29296148,8352844,148.70967741935485,117.90322580645162,,,,,,,238.7,45.2,18.38,59.58065,123.25806451612904,170.25806451612902,106.87096774193549,12.5583871,
2022-05-21,2,5,2022,21,70000.0,13,110.70000000000002,2084531.1500000008,43117,,4385.5,3587,75052,384,3587,731,1416,,,,,579.3569149637442,160.213109985135,52.95,48.1225,52.17,29296148,8352844,148.70967741935485,117.90322580645162,,,,,,,238.7,45.2,18.38,59.58065,123.25806451612904,170.25806451612902,106.87096774193549,12.5583871,
2022-05-22,2,5,2022,22,65000.0,10,110.70000000000002,2084531.1500000008,43117,,4385.5,3587,75052,384,3587,731,1416,,,,,579.3569149637442,160.213109985135,52.95,48.1225,52.17,29296148,8352844,148.70967741935485,117.90322580645162,,,,,,,238.7,45.2,18.38,59.58065,123.25806451612904,170.25806451612902,106.87096774193549,12.5583871,
2022-05-23,2,5,2022,23,55000.0,51,110.70000000000002,2084531.1500000008,43117,,4385.5,3587,75052,384,3587,731,1416,,,,,579.3569149637442,160.213109985135,52.95,48.1225,52.17,29296148,8352844,148.70967741935485,117.90322580645162,,,,,,,238.7,45.2,18.38,59.58065,123.25806451612904,170.25806451612902,106.87096774193549,12.5583871,
2022-05-24,2,5,2022,24,60000.0,34,110.70000000000002,2084531.1500000008,43117,,4385.5,3587,75052,384,3587,731,1416,,,,,579.3569149637442,160.213109985135,52.95,48.1225,52.17,29296148,8352844,148.70967741935485,117.90322580645162,,,,,,,238.7,45.2,18.38,59.58065,123.25806451612904,170.25806451612902,106.87096774193549,12.5583871,
2022-05-25,2,5,2022,25,60000.0,32,110.70000000000002,2084531.1500000008,43117,,4385.5,3587,75052,384,3587,731,1416,,,,,579.3569149637442,160.213109985135,52.95,48.1225,52.17,29296148,8352844,148.70967741935485,117.90322580645162,,,,,,,238.7,45.2,18.38,59.58065,123.25806451612904,170.25806451612902,106.87096774193549,12.5583871,
2022-05-26,2,5,2022,26,62500.0,37,110.70000000000002,2084531.1500000008,43117,,4385.5,3587,75052,384,3587,731,1416,,,,,579.3569149637442,160.213109985135,52.95,48.1225,52.17,29296148,8352844,148.70967741935485,117.90322580645162,,,,,,,238.7,45.2,18.38,59.58065,123.25806451612904,170.25806451612902,106.87096774193549,12.5583871,
2022-05-27,2,5,2022,27,60000.0,31,110.70000000000002,2084531.1500000008,43117,,4385.5,3587,75052,384,3587,731,1416,,,,,579.3569149637442,160.213109985135,52.95,48.1225,52.17,29296148,8352844,148.70967741935485,117.90322580645162,,,,,,,238.7,45.2,18.38,59.58065,123.25806451612904,170.25806451612902,106.87096774193549,12.5583871,
2022-05-28,2,5,2022,28,47500.0,8,110.70000000000002,2084531.1500000008,43117,,4385.5,3587,75052,384,3587,731,1416,,,,,579.3569149637442,160.213109985135,52.95,48.1225,52.17,29296148,8352844,148.70967741935485,117.90322580645162,,,,,,,238.7,45.2,18.38,59.58065,123.25806451612904,170.25806451612902,106.87096774193549,12.5583871,
2022-05-29,2,5,2022,29,88750.0,6,110.70000000000002,2084531.1500000008,43117,,4385.5,3587,75052,384,3587,731,1416,,,,,579.3569149637442,160.213109985135,52.95,48.1225,52.17,29296148,8352844,148.70967741935485,117.90322580645162,,,,,,,238.7,45.2,18.38,59.58065,123.25806451612904,170.25806451612902,106.87096774193549,12.5583871,
2022-05-30,2,5,2022,30,60000.0,23,110.70000000000002,2084531.1500000008,43117,,4385.5,3587,75052,384,3587,731,1416,,,,,579.3569149637442,160.213109985135,52.95,48.1225,52.17,29296148,8352844,148.70967741935485,117.90322580645162,,,,,,,238.7,45.2,18.38,59.58065,123.25806451612904,170.25806451612902,106.87096774193549,12.5583871,
2022-05-31,2,5,2022,31,77500.0,30,110.70000000000002,2084531.1500000008,43117,,4385.5,3587,75052,384,3587,731,1416,,,,,579.3569149637442,160.213109985135,52.95,48.1225,52.17,29296148,8352844,148.70967741935485,117.90322580645162,,,,,,,238.7,45.2,18.38,59.58065,123.25806451612904,170.25806451612902,106.87096774193549,12.5583871,
2022-06-01,2,6,2022,1,70000.0,21,110.70000000000002,2237012.9000000013,44253,,4385.5,5951,74641,-411,5951,1157,2450,,,,,579.3569149637442,160.213109985135,52.9675,48.10999999999999,52.36,29296148,8352844,155.36666666666667,123.33333333333333,,,,,,,238.7,45.2,22.975,62.96667,120.53333333333333,169.9,113.9,13.80133333,
2022-06-02,2,6,2022,2,60000.0,33,110.70000000000002,2237012.9000000013,44253,,4385.5,5951,74641,-411,5951,1157,2450,,,,,579.3569149637442,160.213109985135,52.9675,48.10999999999999,52.36,29296148,8352844,155.36666666666667,123.33333333333333,,,,,,,238.7,45.2,22.975,62.96667,120.53333333333333,169.9,113.9,13.80133333,
2022-06-03,2,6,2022,3,60000.0,27,110.70000000000002,2237012.9000000013,44253,,4385.5,5951,74641,-411,5951,1157,2450,,,,,579.3569149637442,160.213109985135,52.9675,48.10999999999999,52.36,29296148,8352844,155.36666666666667,123.33333333333333,,,,,,,238.7,45.2,22.975,62.96667,120.53333333333333,169.9,113.9,13.80133333,
2022-06-04,2,6,2022,4,53700.0,8,110.70000000000002,2237012.9000000013,44253,,4385.5,5951,74641,-411,5951,1157,2450,,,,,579.3569149637442,160.213109985135,52.9675,48.10999999999999,52.36,29296148,8352844,155.36666666666667,123.33333333333333,,,,,,,238.7,45.2,22.975,62.96667,120.53333333333333,169.9,113.9,13.80133333,
2022-06-05,2,6,2022,5,68750.0,10,110.70000000000002,2237012.9000000013,44253,,4385.5,5951,74641,-411,5951,1157,2450,,,,,579.3569149637442,160.213109985135,52.9675,48.10999999999999,52.36,29296148,8352844,155.36666666666667,123.33333333333333,,,,,,,238.7,45.2,22.975,62.96667,120.53333333333333,169.9,113.9,13.80133333,
2022-06-06,2,6,2022,6,65000.0,46,110.70000000000002,2237012.9000000013,44253,,4385.5,5951,74641,-411,5951,1157,2450,,,,,579.3569149637442,160.213109985135,52.9675,48.10999999999999,52.36,29296148,8352844,155.36666666666667,123.33333333333333,,,,,,,238.7,45.2,22.975,62.96667,120.53333333333333,169.9,113.9,13.80133333,
2022-06-07,2,6,2022,7,70000.0,40,110.70000000000002,2237012.9000000013,44253,,4385.5,5951,74641,-411,5951,1157,2450,,,,,579.3569149637442,160.213109985135,52.9675,48.10999999999999,52.36,29296148,8352844,155.36666666666667,123.33333333333333,,,,,,,238.7,45.2,22.975,62.96667,120.53333333333333,169.9,113.9,13.80133333,
2022-06-08,2,6,2022,8,60000.0,25,110.70000000000002,2237012.9000000013,44253,,4385.5,5951,74641,-411,5951,1157,2450,,,,,579.3569149637442,160.213109985135,52.9675,48.10999999999999,52.36,29296148,8352844,155.36666666666667,123.33333333333333,,,,,,,238.7,45.2,22.975,62.96667,120.53333333333333,169.9,113.9,13.80133333,
2022-06-09,2,6,2022,9,60000.0,29,110.70000000000002,2237012.9000000013,44253,,4385.5,5951,74641,-411,5951,1157,2450,,,,,579.3569149637442,160.213109985135,52.9675,48.10999999999999,52.36,29296148,8352844,155.36666666666667,123.33333333333333,,,,,,,238.7,45.2,22.975,62.96667,120.53333333333333,169.9,113.9,13.80133333,
2022-06-10,2,6,2022,10,55000.0,28,110.70000000000002,2237012.9000000013,44253,,4385.5,5951,74641,-411,5951,1157,2450,,,,,579.3569149637442,160.213109985135,52.9675,48.10999999999999,52.36,29296148,8352844,155.36666666666667,123.33333333333333,,,,,,,238.7,45.2,22.975,62.96667,120.53333333333333,169.9,113.9,13.80133333,
2022-06-11,2,6,2022,11,55000.0,10,110.70000000000002,2237012.9000000013,44253,,4385.5,5951,74641,-411,5951,1157,2450,,,,,579.3569149637442,160.213109985135,52.9675,48.10999999999999,52.36,29296148,8352844,155.36666666666667,123.33333333333333,,,,,,,238.7,45.2,22.975,62.96667,120.53333333333333,169.9,113.9,13.80133333,
2022-06-12,2,6,2022,12,80000.0,16,110.70000000000002,2237012.9000000013,44253,,4385.5,5951,74641,-411,5951,1157,2450,,,,,579.3569149637442,160.213109985135,52.9675,48.10999999999999,52.36,29296148,8352844,155.36666666666667,123.33333333333333,,,,,,,238.7,45.2,22.975,62.96667,120.53333333333333,169.9,113.9,13.80133333,
2022-06-13,2,6,2022,13,50000.0,19,110.70000000000002,2237012.9000000013,44253,,4385.5,5951,74641,-411,5951,1157,2450,,,,,579.3569149637442,160.213109985135,52.9675,48.10999999999999,52.36,29296148,8352844,155.36666666666667,123.33333333333333,,,,,,,238.7,45.2,22.975,62.96667,120.53333333333333,169.9,113.9,13.80133333,
2022-06-14,2,6,2022,14,70000.0,66,110.70000000000002,2237012.9000000013,44253,,4385.5,5951,74641,-411,5951,1157,2450,,,,,579.3569149637442,160.213109985135,52.9675,48.10999999999999,52.36,29296148,8352844,155.36666666666667,123.33333333333333,,,,,,,238.7,45.2,22.975,62.96667,120.53333333333333,169.9,113.9,13.80133333,
2022-06-15,2,6,2022,15,80000.0,55,110.70000000000002,2237012.9000000013,44253,,4385.5,5951,74641,-411,5951,1157,2450,,,,,579.3569149637442,160.213109985135,52.9675,48.10999999999999,52.36,29296148,8352844,155.36666666666667,123.33333333333333,,,,,,,238.7,45.2,22.975,62.96667,120.53333333333333,169.9,113.9,13.80133333,
2022-06-16,2,6,2022,16,56250.0,50,110.70000000000002,2237012.9000000013,44253,,4385.5,5951,74641,-411,5951,1157,2450,,,,,579.3569149637442,160.213109985135,52.9675,48.10999999999999,52.36,29296148,8352844,155.36666666666667,123.33333333333333,,,,,,,238.7,45.2,22.975,62.96667,120.53333333333333,169.9,113.9,13.80133333,
2022-06-17,2,6,2022,17,62400.0,24,110.70000000000002,2237012.9000000013,44253,,4385.5,5951,74641,-411,5951,1157,2450,,,,,579.3569149637442,160.213109985135,52.9675,48.10999999999999,52.36,29296148,8352844,155.36666666666667,123.33333333333333,,,,,,,238.7,45.2,22.975,62.96667,120.53333333333333,169.9,113.9,13.80133333,
2022-06-18,2,6,2022,18,67500.0,6,110.70000000000002,2237012.9000000013,44253,,4385.5,5951,74641,-411,5951,1157,2450,,,,,579.3569149637442,160.213109985135,52.9675,48.10999999999999,52.36,29296148,8352844,155.36666666666667,123.33333333333333,,,,,,,238.7,45.2,22.975,62.96667,120.53333333333333,169.9,113.9,13.80133333,
2022-06-19,2,6,2022,19,61250.0,6,110.70000000000002,2237012.9000000013,44253,,4385.5,5951,74641,-411,5951,1157,2450,,,,,579.3569149637442,160.213109985135,52.9675,48.10999999999999,52.36,29296148,8352844,155.36666666666667,123.33333333333333,,,,,,,238.7,45.2,22.975,62.96667,120.53333333333333,169.9,113.9,13.80133333,
2022-06-20,2,6,2022,20,53750.0,34,110.70000000000002,2237012.9000000013,44253,,4385.5,5951,74641,-411,5951,1157,2450,,,,,579.3569149637442,160.213109985135,52.9675,48.10999999999999,52.36,29296148,8352844,155.36666666666667,123.33333333333333,,,,,,,238.7,45.2,22.975,62.96667,120.53333333333333,169.9,113.9,13.80133333,
2022-06-21,2,6,2022,21,60000.0,31,110.70000000000002,2237012.9000000013,44253,,4385.5,5951,74641,-411,5951,1157,2450,,,,,579.3569149637442,160.213109985135,52.9675,48.10999999999999,52.36,29296148,8352844,155.36666666666667,123.33333333333333,,,,,,,238.7,45.2,22.975,62.96667,120.53333333333333,169.9,113.9,13.80133333,
2022-06-22,2,6,2022,22,60000.0,47,110.70000000000002,2237012.9000000013,44253,,4385.5,5951,74641,-411,5951,1157,2450,,,,,579.3569149637442,160.213109985135,52.9675,48.10999999999999,52.36,29296148,8352844,155.36666666666667,123.33333333333333,,,,,,,238.7,45.2,22.975,62.96667,120.53333333333333,169.9,113.9,13.80133333,
2022-06-23,2,6,2022,23,55000.0,42,110.70000000000002,2237012.9000000013,44253,,4385.5,5951,74641,-411,5951,1157,2450,,,,,579.3569149637442,160.213109985135,52.9675,48.10999999999999,52.36,29296148,8352844,155.36666666666667,123.33333333333333,,,,,,,238.7,45.2,22.975,62.96667,120.53333333333333,169.9,113.9,13.80133333,
2022-06-24,2,6,2022,24,61250.0,36,110.70000000000002,2237012.9000000013,44253,,4385.5,5951,74641,-411,5951,1157,2450,,,,,579.3569149637442,160.213109985135,52.9675,48.10999999999999,52.36,29296148,8352844,155.36666666666667,123.33333333333333,,,,,,,238.7,45.2,22.975,62.96667,120.53333333333333,169.9,113.9,13.80133333,
2022-06-25,2,6,2022,25,75000.0,5,110.70000000000002,2237012.9000000013,44253,,4385.5,5951,74641,-411,5951,1157,2450,,,,,579.3569149637442,160.213109985135,52.9675,48.10999999999999,52.36,29296148,8352844,155.36666666666667,123.33333333333333,,,,,,,238.7,45.2,22.975,62.96667,120.53333333333333,169.9,113.9,13.80133333,
2022-06-26,2,6,2022,26,88374.25,6,110.70000000000002,2237012.9000000013,44253,,4385.5,5951,74641,-411,5951,1157,2450,,,,,579.3569149637442,160.213109985135,52.9675,48.10999999999999,52.36,29296148,8352844,155.36666666666667,123.33333333333333,,,,,,,238.7,45.2,22.975,62.96667,120.53333333333333,169.9,113.9,13.80133333,
2022-06-27,2,6,2022,27,59000.0,42,110.70000000000002,2237012.9000000013,44253,,4385.5,5951,74641,-411,5951,1157,2450,,,,,579.3569149637442,160.213109985135,52.9675,48.10999999999999,52.36,29296148,8352844,155.36666666666667,123.33333333333333,,,,,,,238.7,45.2,22.975,62.96667,120.53333333333333,169.9,113.9,13.80133333,
2022-06-28,2,6,2022,28,55000.0,36,110.70000000000002,2237012.9000000013,44253,,4385.5,5951,74641,-411,5951,1157,2450,,,,,579.3569149637442,160.213109985135,52.9675,48.10999999999999,52.36,29296148,8352844,155.36666666666667,123.33333333333333,,,,,,,238.7,45.2,22.975,62.96667,120.53333333333333,169.9,113.9,13.80133333,
2022-06-29,2,6,2022,29,57500.0,45,110.70000000000002,2237012.9000000013,44253,,4385.5,5951,74641,-411,5951,1157,2450,,,,,579.3569149637442,160.213109985135,52.9675,48.10999999999999,52.36,29296148,8352844,155.36666666666667,123.33333333333333,,,,,,,238.7,45.2,22.975,62.96667,120.53333333333333,169.9,113.9,13.80133333,
2022-06-30,2,6,2022,30,65000.0,31,110.70000000000002,2237012.9000000013,44253,,4385.5,5951,74641,-411,5951,1157,2450,,,,,579.3569149637442,160.213109985135,52.9675,48.10999999999999,52.36,29296148,8352844,155.36666666666667,123.33333333333333,,,,,,,238.7,45.2,22.975,62.96667,120.53333333333333,169.9,113.9,13.80133333,
2022-07-01,3,7,2022,1,65000.0,33,73.5,2500865.009,43776,,6473.2,7719,74897,256,7719,1503,3366,,,,,,,52.925,48.057500000000005,51.82749999999999,,,144.7,105.9,,,,,,,379.2,54.5,25.2,61.64516,108.16666666666667,176.2,92.06666666666666,15.927,
2022-07-02,3,7,2022,2,65000.0,29,73.5,2500865.009,43776,,6473.2,7719,74897,256,7719,1503,3366,,,,,,,52.925,48.057500000000005,51.82749999999999,,,144.7,105.9,,,,,,,379.2,54.5,25.2,61.64516,108.16666666666667,176.2,92.06666666666666,15.927,
2022-07-03,3,7,2022,3,75000.0,67,73.5,2500865.009,43776,,6473.2,7719,74897,256,7719,1503,3366,,,,,,,52.925,48.057500000000005,51.82749999999999,,,144.7,105.9,,,,,,,379.2,54.5,25.2,61.64516,108.16666666666667,176.2,92.06666666666666,15.927,
2022-07-04,3,7,2022,4,55000.0,73,73.5,2500865.009,43776,,6473.2,7719,74897,256,7719,1503,3366,,,,,,,52.925,48.057500000000005,51.82749999999999,,,144.7,105.9,,,,,,,379.2,54.5,25.2,61.64516,108.16666666666667,176.2,92.06666666666666,15.927,
2022-07-05,3,7,2022,5,66250.0,46,73.5,2500865.009,43776,,6473.2,7719,74897,256,7719,1503,3366,,,,,,,52.925,48.057500000000005,51.82749999999999,,,144.7,105.9,,,,,,,379.2,54.5,25.2,61.64516,108.16666666666667,176.2,92.06666666666666,15.927,
2022-07-06,3,7,2022,6,60000.0,45,73.5,2500865.009,43776,,6473.2,7719,74897,256,7719,1503,3366,,,,,,,52.925,48.057500000000005,51.82749999999999,,,144.7,105.9,,,,,,,379.2,54.5,25.2,61.64516,108.16666666666667,176.2,92.06666666666666,15.927,
2022-07-07,3,7,2022,7,67500.0,48,73.5,2500865.009,43776,,6473.2,7719,74897,256,7719,1503,3366,,,,,,,52.925,48.057500000000005,51.82749999999999,,,144.7,105.9,,,,,,,379.2,54.5,25.2,61.64516,108.16666666666667,176.2,92.06666666666666,15.927,
2022-07-08,3,7,2022,8,60000.0,41,73.5,2500865.009,43776,,6473.2,7719,74897,256,7719,1503,3366,,,,,,,52.925,48.057500000000005,51.82749999999999,,,144.7,105.9,,,,,,,379.2,54.5,25.2,61.64516,108.16666666666667,176.2,92.06666666666666,15.927,
2022-07-09,3,7,2022,9,65000.0,12,73.5,2500865.009,43776,,6473.2,7719,74897,256,7719,1503,3366,,,,,,,52.925,48.057500000000005,51.82749999999999,,,144.7,105.9,,,,,,,379.2,54.5,25.2,61.64516,108.16666666666667,176.2,92.06666666666666,15.927,
2022-07-10,3,7,2022,10,55000.0,5,73.5,2500865.009,43776,,6473.2,7719,74897,256,7719,1503,3366,,,,,,,52.925,48.057500000000005,51.82749999999999,,,144.7,105.9,,,,,,,379.2,54.5,25.2,61.64516,108.16666666666667,176.2,92.06666666666666,15.927,
2022-07-11,3,7,2022,11,57500.0,31,73.5,2500865.009,43776,,6473.2,7719,74897,256,7719,1503,3366,,,,,,,52.925,48.057500000000005,51.82749999999999,,,144.7,105.9,,,,,,,379.2,54.5,25.2,61.64516,108.16666666666667,176.2,92.06666666666666,15.927,
2022-07-12,3,7,2022,12,65000.0,46,73.5,2500865.009,43776,,6473.2,7719,74897,256,7719,1503,3366,,,,,,,52.925,48.057500000000005,51.82749999999999,,,144.7,105.9,,,,,,,379.2,54.5,25.2,61.64516,108.16666666666667,176.2,92.06666666666666,15.927,
2022-07-13,3,7,2022,13,65000.0,24,73.5,2500865.009,43776,,6473.2,7719,74897,256,7719,1503,3366,,,,,,,52.925,48.057500000000005,51.82749999999999,,,144.7,105.9,,,,,,,379.2,54.5,25.2,61.64516,108.16666666666667,176.2,92.06666666666666,15.927,
2022-07-14,3,7,2022,14,61700.0,42,73.5,2500865.009,43776,,6473.2,7719,74897,256,7719,1503,3366,,,,,,,52.925,48.057500000000005,51.82749999999999,,,144.7,105.9,,,,,,,379.2,54.5,25.2,61.64516,108.16666666666667,176.2,92.06666666666666,15.927,
2022-07-15,3,7,2022,15,68000.0,42,73.5,2500865.009,43776,,6473.2,7719,74897,256,7719,1503,3366,,,,,,,52.925,48.057500000000005,51.82749999999999,,,144.7,105.9,,,,,,,379.2,54.5,25.2,61.64516,108.16666666666667,176.2,92.06666666666666,15.927,
2022-07-16,3,7,2022,16,60000.0,14,73.5,2500865.009,43776,,6473.2,7719,74897,256,7719,1503,3366,,,,,,,52.925,48.057500000000005,51.82749999999999,,,144.7,105.9,,,,,,,379.2,54.5,25.2,61.64516,108.16666666666667,176.2,92.06666666666666,15.927,
2022-07-17,3,7,2022,17,52500.0,22,73.5,2500865.009,43776,,6473.2,7719,74897,256,7719,1503,3366,,,,,,,52.925,48.057500000000005,51.82749999999999,,,144.7,105.9,,,,,,,379.2,54.5,25.2,61.64516,108.16666666666667,176.2,92.06666666666666,15.927,
2022-07-18,3,7,2022,18,65000.0,44,73.5,2500865.009,43776,,6473.2,7719,74897,256,7719,1503,3366,,,,,,,52.925,48.057500000000005,51.82749999999999,,,144.7,105.9,,,,,,,379.2,54.5,25.2,61.64516,108.16666666666667,176.2,92.06666666666666,15.927,
2022-07-19,3,7,2022,19,65000.0,20,73.5,2500865.009,43776,,6473.2,7719,74897,256,7719,1503,3366,,,,,,,52.925,48.057500000000005,51.82749999999999,,,144.7,105.9,,,,,,,379.2,54.5,25.2,61.64516,108.16666666666667,176.2,92.06666666666666,15.927,
2022-07-20,3,7,2022,20,67500.0,40,73.5,2500865.009,43776,,6473.2,7719,74897,256,7719,1503,3366,,,,,,,52.925,48.057500000000005,51.82749999999999,,,144.7,105.9,,,,,,,379.2,54.5,25.2,61.64516,108.16666666666667,176.2,92.06666666666666,15.927,
2022-07-21,3,7,2022,21,62500.0,25,73.5,2500865.009,43776,,6473.2,7719,74897,256,7719,1503,3366,,,,,,,52.925,48.057500000000005,51.82749999999999,,,144.7,105.9,,,,,,,379.2,54.5,25.2,61.64516,108.16666666666667,176.2,92.06666666666666,15.927,
2022-07-22,3,7,2022,22,62500.0,47,73.5,2500865.009,43776,,6473.2,7719,74897,256,7719,1503,3366,,,,,,,52.925,48.057500000000005,51.82749999999999,,,144.7,105.9,,,,,,,379.2,54.5,25.2,61.64516,108.16666666666667,176.2,92.06666666666666,15.927,
2022-07-23,3,7,2022,23,55000.0,16,73.5,2500865.009,43776,,6473.2,7719,74897,256,7719,1503,3366,,,,,,,52.925,48.057500000000005,51.82749999999999,,,144.7,105.9,,,,,,,379.2,54.5,25.2,61.64516,108.16666666666667,176.2,92.06666666666666,15.927,
2022-07-24,3,7,2022,24,60000.0,20,73.5,2500865.009,43776,,6473.2,7719,74897,256,7719,1503,3366,,,,,,,52.925,48.057500000000005,51.82749999999999,,,144.7,105.9,,,,,,,379.2,54.5,25.2,61.64516,108.16666666666667,176.2,92.06666666666666,15.927,
2022-07-25,3,7,2022,25,57750.0,42,73.5,2500865.009,43776,,6473.2,7719,74897,256,7719,1503,3366,,,,,,,52.925,48.057500000000005,51.82749999999999,,,144.7,105.9,,,,,,,379.2,54.5,25.2,61.64516,108.16666666666667,176.2,92.06666666666666,15.927,
2022-07-26,3,7,2022,26,60000.0,29,73.5,2500865.009,43776,,6473.2,7719,74897,256,7719,1503,3366,,,,,,,52.925,48.057500000000005,51.82749999999999,,,144.7,105.9,,,,,,,379.2,54.5,25.2,61.64516,108.16666666666667,176.2,92.06666666666666,15.927,
2022-07-27,3,7,2022,27,60000.0,30,73.5,2500865.009,43776,,6473.2,7719,74897,256,7719,1503,3366,,,,,,,52.925,48.057500000000005,51.82749999999999,,,144.7,105.9,,,,,,,379.2,54.5,25.2,61.64516,108.16666666666667,176.2,92.06666666666666,15.927,
2022-07-28,3,7,2022,28,55500.0,46,73.5,2500865.009,43776,,6473.2,7719,74897,256,7719,1503,3366,,,,,,,52.925,48.057500000000005,51.82749999999999,,,144.7,105.9,,,,,,,379.2,54.5,25.2,61.64516,108.16666666666667,176.2,92.06666666666666,15.927,
2022-07-29,3,7,2022,29,58750.0,51,73.5,2500865.009,43776,,6473.2,7719,74897,256,7719,1503,3366,,,,,,,52.925,48.057500000000005,51.82749999999999,,,144.7,105.9,,,,,,,379.2,54.5,25.2,61.64516,108.16666666666667,176.2,92.06666666666666,15.927,
2022-07-30,3,7,2022,30,60000.0,19,73.5,2500865.009,43776,,6473.2,7719,74897,256,7719,1503,3366,,,,,,,52.925,48.057500000000005,51.82749999999999,,,144.7,105.9,,,,,,,379.2,54.5,25.2,61.64516,108.16666666666667,176.2,92.06666666666666,15.927,
2022-07-31,3,7,2022,31,70000.0,19,73.5,2500865.009,43776,,6473.2,7719,74897,256,7719,1503,3366,,,,,,,52.925,48.057500000000005,51.82749999999999,,,144.7,105.9,,,,,,,379.2,54.5,25.2,61.64516,108.16666666666667,176.2,92.06666666666666,15.927,
2022-08-01,3,8,2022,1,70000.0,35,73.5,2879781.3710000026,44455,,6473.2,9247,76694,1797,9247,1719,4375,,,,,,,52.955,48.135,52.245,,,156.96774193548387,128.61290322580646,,,,,,,379.2,54.5,26.5,60.87097,115,173.29032258064515,112.41935483870968,12.64096774,
2022-08-02,3,8,2022,2,65000.0,38,73.5,2879781.3710000026,44455,,6473.2,9247,76694,1797,9247,1719,4375,,,,,,,52.955,48.135,52.245,,,156.96774193548387,128.61290322580646,,,,,,,379.2,54.5,26.5,60.87097,115,173.29032258064515,112.41935483870968,12.64096774,
2022-08-03,3,8,2022,3,55000.0,39,73.5,2879781.3710000026,44455,,6473.2,9247,76694,1797,9247,1719,4375,,,,,,,52.955,48.135,52.245,,,156.96774193548387,128.61290322580646,,,,,,,379.2,54.5,26.5,60.87097,115,173.29032258064515,112.41935483870968,12.64096774,
2022-08-04,3,8,2022,4,60000.0,41,73.5,2879781.3710000026,44455,,6473.2,9247,76694,1797,9247,1719,4375,,,,,,,52.955,48.135,52.245,,,156.96774193548387,128.61290322580646,,,,,,,379.2,54.5,26.5,60.87097,115,173.29032258064515,112.41935483870968,12.64096774,
2022-08-05,3,8,2022,5,70000.0,35,73.5,2879781.3710000026,44455,,6473.2,9247,76694,1797,9247,1719,4375,,,,,,,52.955,48.135,52.245,,,156.96774193548387,128.61290322580646,,,,,,,379.2,54.5,26.5,60.87097,115,173.29032258064515,112.41935483870968,12.64096774,
2022-08-06,3,8,2022,6,82500.0,16,73.5,2879781.3710000026,44455,,6473.2,9247,76694,1797,9247,1719,4375,,,,,,,52.955,48.135,52.245,,,156.96774193548387,128.61290322580646,,,,,,,379.2,54.5,26.5,60.87097,115,173.29032258064515,112.41935483870968,12.64096774,
2022-08-07,3,8,2022,7,75000.0,19,73.5,2879781.3710000026,44455,,6473.2,9247,76694,1797,9247,1719,4375,,,,,,,52.955,48.135,52.245,,,156.96774193548387,128.61290322580646,,,,,,,379.2,54.5,26.5,60.87097,115,173.29032258064515,112.41935483870968,12.64096774,
2022-08-08,3,8,2022,8,58750.0,42,73.5,2879781.3710000026,44455,,6473.2,9247,76694,1797,9247,1719,4375,,,,,,,52.955,48.135,52.245,,,156.96774193548387,128.61290322580646,,,,,,,379.2,54.5,26.5,60.87097,115,173.29032258064515,112.41935483870968,12.64096774,
2022-08-09,3,8,2022,9,67800.0,27,73.5,2879781.3710000026,44455,,6473.2,9247,76694,1797,9247,1719,4375,,,,,,,52.955,48.135,52.245,,,156.96774193548387,128.61290322580646,,,,,,,379.2,54.5,26.5,60.87097,115,173.29032258064515,112.41935483870968,12.64096774,
2022-08-10,3,8,2022,10,60000.0,29,73.5,2879781.3710000026,44455,,6473.2,9247,76694,1797,9247,1719,4375,,,,,,,52.955,48.135,52.245,,,156.96774193548387,128.61290322580646,,,,,,,379.2,54.5,26.5,60.87097,115,173.29032258064515,112.41935483870968,12.64096774,
2022-08-11,3,8,2022,11,51250.0,22,73.5,2879781.3710000026,44455,,6473.2,9247,76694,1797,9247,1719,4375,,,,,,,52.955,48.135,52.245,,,156.96774193548387,128.61290322580646,,,,,,,379.2,54.5,26.5,60.87097,115,173.29032258064515,112.41935483870968,12.64096774,
2022-08-12,3,8,2022,12,60000.0,26,73.5,2879781.3710000026,44455,,6473.2,9247,76694,1797,9247,1719,4375,,,,,,,52.955,48.135,52.245,,,156.96774193548387,128.61290322580646,,,,,,,379.2,54.5,26.5,60.87097,115,173.29032258064515,112.41935483870968,12.64096774,
2022-08-13,3,8,2022,13,67500.0,25,73.5,2879781.3710000026,44455,,6473.2,9247,76694,1797,9247,1719,4375,,,,,,,52.955,48.135,52.245,,,156.96774193548387,128.61290322580646,,,,,,,379.2,54.5,26.5,60.87097,115,173.29032258064515,112.41935483870968,12.64096774,
2022-08-14,3,8,2022,14,60000.0,21,73.5,2879781.3710000026,44455,,6473.2,9247,76694,1797,9247,1719,4375,,,,,,,52.955,48.135,52.245,,,156.96774193548387,128.61290322580646,,,,,,,379.2,54.5,26.5,60.87097,115,173.29032258064515,112.41935483870968,12.64096774,
2022-08-15,3,8,2022,15,60000.0,47,73.5,2879781.3710000026,44455,,6473.2,9247,76694,1797,9247,1719,4375,,,,,,,52.955,48.135,52.245,,,156.96774193548387,128.61290322580646,,,,,,,379.2,54.5,26.5,60.87097,115,173.29032258064515,112.41935483870968,12.64096774,
2022-08-16,3,8,2022,16,60000.0,27,73.5,2879781.3710000026,44455,,6473.2,9247,76694,1797,9247,1719,4375,,,,,,,52.955,48.135,52.245,,,156.96774193548387,128.61290322580646,,,,,,,379.2,54.5,26.5,60.87097,115,173.29032258064515,112.41935483870968,12.64096774,
2022-08-17,3,8,2022,17,60000.0,31,73.5,2879781.3710000026,44455,,6473.2,9247,76694,1797,9247,1719,4375,,,,,,,52.955,48.135,52.245,,,156.96774193548387,128.61290322580646,,,,,,,379.2,54.5,26.5,60.87097,115,173.29032258064515,112.41935483870968,12.64096774,
2022-08-18,3,8,2022,18,65000.0,23,73.5,2879781.3710000026,44455,,6473.2,9247,76694,1797,9247,1719,4375,,,,,,,52.955,48.135,52.245,,,156.96774193548387,128.61290322580646,,,,,,,379.2,54.5,26.5,60.87097,115,173.29032258064515,112.41935483870968,12.64096774,
2022-08-19,3,8,2022,19,60000.0,28,73.5,2879781.3710000026,44455,,6473.2,9247,76694,1797,9247,1719,4375,,,,,,,52.955,48.135,52.245,,,156.96774193548387,128.61290322580646,,,,,,,379.2,54.5,26.5,60.87097,115,173.29032258064515,112.41935483870968,12.64096774,
2022-08-20,3,8,2022,20,77500.0,12,73.5,2879781.3710000026,44455,,6473.2,9247,76694,1797,9247,1719,4375,,,,,,,52.955,48.135,52.245,,,156.96774193548387,128.61290322580646,,,,,,,379.2,54.5,26.5,60.87097,115,173.29032258064515,112.41935483870968,12.64096774,
2022-08-21,3,8,2022,21,77500.0,25,73.5,2879781.3710000026,44455,,6473.2,9247,76694,1797,9247,1719,4375,,,,,,,52.955,48.135,52.245,,,156.96774193548387,128.61290322580646,,,,,,,379.2,54.5,26.5,60.87097,115,173.29032258064515,112.41935483870968,12.64096774,
2022-08-22,3,8,2022,22,60000.0,49,73.5,2879781.3710000026,44455,,6473.2,9247,76694,1797,9247,1719,4375,,,,,,,52.955,48.135,52.245,,,156.96774193548387,128.61290322580646,,,,,,,379.2,54.5,26.5,60.87097,115,173.29032258064515,112.41935483870968,12.64096774,
2022-08-23,3,8,2022,23,63750.0,36,73.5,2879781.3710000026,44455,,6473.2,9247,76694,1797,9247,1719,4375,,,,,,,52.955,48.135,52.245,,,156.96774193548387,128.61290322580646,,,,,,,379.2,54.5,26.5,60.87097,115,173.29032258064515,112.41935483870968,12.64096774,
2022-08-24,3,8,2022,24,58750.0,43,73.5,2879781.3710000026,44455,,6473.2,9247,76694,1797,9247,1719,4375,,,,,,,52.955,48.135,52.245,,,156.96774193548387,128.61290322580646,,,,,,,379.2,54.5,26.5,60.87097,115,173.29032258064515,112.41935483870968,12.64096774,
2022-08-25,3,8,2022,25,57500.0,37,73.5,2879781.3710000026,44455,,6473.2,9247,76694,1797,9247,1719,4375,,,,,,,52.955,48.135,52.245,,,156.96774193548387,128.61290322580646,,,,,,,379.2,54.5,26.5,60.87097,115,173.29032258064515,112.41935483870968,12.64096774,
2022-08-26,3,8,2022,26,54500.0,30,73.5,2879781.3710000026,44455,,6473.2,9247,76694,1797,9247,1719,4375,,,,,,,52.955,48.135,52.245,,,156.96774193548387,128.61290322580646,,,,,,,379.2,54.5,26.5,60.87097,115,173.29032258064515,112.41935483870968,12.64096774,
2022-08-27,3,8,2022,27,80000.0,21,73.5,2879781.3710000026,44455,,6473.2,9247,76694,1797,9247,1719,4375,,,,,,,52.955,48.135,52.245,,,156.96774193548387,128.61290322580646,,,,,,,379.2,54.5,26.5,60.87097,115,173.29032258064515,112.41935483870968,12.64096774,
2022-08-28,3,8,2022,28,70000.0,21,73.5,2879781.3710000026,44455,,6473.2,9247,76694,1797,9247,1719,4375,,,,,,,52.955,48.135,52.245,,,156.96774193548387,128.61290322580646,,,,,,,379.2,54.5,26.5,60.87097,115,173.29032258064515,112.41935483870968,12.64096774,
2022-08-29,3,8,2022,29,65000.0,57,73.5,2879781.3710000026,44455,,6473.2,9247,76694,1797,9247,1719,4375,,,,,,,52.955,48.135,52.245,,,156.96774193548387,128.61290322580646,,,,,,,379.2,54.5,26.5,60.87097,115,173.29032258064515,112.41935483870968,12.64096774,
2022-08-30,3,8,2022,30,58500.0,53,73.5,2879781.3710000026,44455,,6473.2,9247,76694,1797,9247,1719,4375,,,,,,,52.955,48.135,52.245,,,156.96774193548387,128.61290322580646,,,,,,,379.2,54.5,26.5,60.87097,115,173.29032258064515,112.41935483870968,12.64096774,
2022-08-31,3,8,2022,31,65000.0,27,73.5,2879781.3710000026,44455,,6473.2,9247,76694,1797,9247,1719,4375,,,,,,,52.955,48.135,52.245,,,156.96774193548387,128.61290322580646,,,,,,,379.2,54.5,26.5,60.87097,115,173.29032258064515,112.41935483870968,12.64096774,
2022-09-01,3,9,2022,1,60000.0,30,73.5,2202197.536999998,48502,,6473.2,10636,75552,-1142,10636,2001,4875,,,,,,,53.03,48.1225,52.83749999999999,,,144.46666666666667,115.5,,,,,,,379.2,54.5,27.7,60.8,111.06666666666666,175.16666666666666,104.43333333333334,14.14,
2022-09-02,3,9,2022,2,70000.0,29,73.5,2202197.536999998,48502,,6473.2,10636,75552,-1142,10636,2001,4875,,,,,,,53.03,48.1225,52.83749999999999,,,144.46666666666667,115.5,,,,,,,379.2,54.5,27.7,60.8,111.06666666666666,175.16666666666666,104.43333333333334,14.14,
2022-09-03,3,9,2022,3,80000.0,19,73.5,2202197.536999998,48502,,6473.2,10636,75552,-1142,10636,2001,4875,,,,,,,53.03,48.1225,52.83749999999999,,,144.46666666666667,115.5,,,,,,,379.2,54.5,27.7,60.8,111.06666666666666,175.16666666666666,104.43333333333334,14.14,
2022-09-04,3,9,2022,4,75000.0,29,73.5,2202197.536999998,48502,,6473.2,10636,75552,-1142,10636,2001,4875,,,,,,,53.03,48.1225,52.83749999999999,,,144.46666666666667,115.5,,,,,,,379.2,54.5,27.7,60.8,111.06666666666666,175.16666666666666,104.43333333333334,14.14,
2022-09-05,3,9,2022,5,60000.0,53,73.5,2202197.536999998,48502,,6473.2,10636,75552,-1142,10636,2001,4875,,,,,,,53.03,48.1225,52.83749999999999,,,144.46666666666667,115.5,,,,,,,379.2,54.5,27.7,60.8,111.06666666666666,175.16666666666666,104.43333333333334,14.14,
2022-09-06,3,9,2022,6,62500.0,52,73.5,2202197.536999998,48502,,6473.2,10636,75552,-1142,10636,2001,4875,,,,,,,53.03,48.1225,52.83749999999999,,,144.46666666666667,115.5,,,,,,,379.2,54.5,27.7,60.8,111.06666666666666,175.16666666666666,104.43333333333334,14.14,
2022-09-07,3,9,2022,7,60000.0,27,73.5,2202197.536999998,48502,,6473.2,10636,75552,-1142,10636,2001,4875,,,,,,,53.03,48.1225,52.83749999999999,,,144.46666666666667,115.5,,,,,,,379.2,54.5,27.7,60.8,111.06666666666666,175.16666666666666,104.43333333333334,14.14,
2022-09-08,3,9,2022,8,63750.0,50,73.5,2202197.536999998,48502,,6473.2,10636,75552,-1142,10636,2001,4875,,,,,,,53.03,48.1225,52.83749999999999,,,144.46666666666667,115.5,,,,,,,379.2,54.5,27.7,60.8,111.06666666666666,175.16666666666666,104.43333333333334,14.14,
2022-09-09,3,9,2022,9,70000.0,50,73.5,2202197.536999998,48502,,6473.2,10636,75552,-1142,10636,2001,4875,,,,,,,53.03,48.1225,52.83749999999999,,,144.46666666666667,115.5,,,,,,,379.2,54.5,27.7,60.8,111.06666666666666,175.16666666666666,104.43333333333334,14.14,
2022-09-10,3,9,2022,10,65000.0,23,73.5,2202197.536999998,48502,,6473.2,10636,75552,-1142,10636,2001,4875,,,,,,,53.03,48.1225,52.83749999999999,,,144.46666666666667,115.5,,,,,,,379.2,54.5,27.7,60.8,111.06666666666666,175.16666666666666,104.43333333333334,14.14,
2022-09-11,3,9,2022,11,70000.0,21,73.5,2202197.536999998,48502,,6473.2,10636,75552,-1142,10636,2001,4875,,,,,,,53.03,48.1225,52.83749999999999,,,144.46666666666667,115.5,,,,,,,379.2,54.5,27.7,60.8,111.06666666666666,175.16666666666666,104.43333333333334,14.14,
2022-09-12,3,9,2022,12,60000.0,41,73.5,2202197.536999998,48502,,6473.2,10636,75552,-1142,10636,2001,4875,,,,,,,53.03,48.1225,52.83749999999999,,,144.46666666666667,115.5,,,,,,,379.2,54.5,27.7,60.8,111.06666666666666,175.16666666666666,104.43333333333334,14.14,
2022-09-13,3,9,2022,13,65000.0,40,73.5,2202197.536999998,48502,,6473.2,10636,75552,-1142,10636,2001,4875,,,,,,,53.03,48.1225,52.83749999999999,,,144.46666666666667,115.5,,,,,,,379.2,54.5,27.7,60.8,111.06666666666666,175.16666666666666,104.43333333333334,14.14,
2022-09-14,3,9,2022,14,65000.0,46,73.5,2202197.536999998,48502,,6473.2,10636,75552,-1142,10636,2001,4875,,,,,,,53.03,48.1225,52.83749999999999,,,144.46666666666667,115.5,,,,,,,379.2,54.5,27.7,60.8,111.06666666666666,175.16666666666666,104.43333333333334,14.14,
2022-09-15,3,9,2022,15,65000.0,50,73.5,2202197.536999998,48502,,6473.2,10636,75552,-1142,10636,2001,4875,,,,,,,53.03,48.1225,52.83749999999999,,,144.46666666666667,115.5,,,,,,,379.2,54.5,27.7,60.8,111.06666666666666,175.16666666666666,104.43333333333334,14.14,
2022-09-16,3,9,2022,16,60000.0,36,73.5,2202197.536999998,48502,,6473.2,10636,75552,-1142,10636,2001,4875,,,,,,,53.03,48.1225,52.83749999999999,,,144.46666666666667,115.5,,,,,,,379.2,54.5,27.7,60.8,111.06666666666666,175.16666666666666,104.43333333333334,14.14,
2022-09-17,3,9,2022,17,80000.0,24,73.5,2202197.536999998,48502,,6473.2,10636,75552,-1142,10636,2001,4875,,,,,,,53.03,48.1225,52.83749999999999,,,144.46666666666667,115.5,,,,,,,379.2,54.5,27.7,60.8,111.06666666666666,175.16666666666666,104.43333333333334,14.14,
2022-09-18,3,9,2022,18,64500.0,22,73.5,2202197.536999998,48502,,6473.2,10636,75552,-1142,10636,2001,4875,,,,,,,53.03,48.1225,52.83749999999999,,,144.46666666666667,115.5,,,,,,,379.2,54.5,27.7,60.8,111.06666666666666,175.16666666666666,104.43333333333334,14.14,
2022-09-19,3,9,2022,19,60000.0,53,73.5,2202197.536999998,48502,,6473.2,10636,75552,-1142,10636,2001,4875,,,,,,,53.03,48.1225,52.83749999999999,,,144.46666666666667,115.5,,,,,,,379.2,54.5,27.7,60.8,111.06666666666666,175.16666666666666,104.43333333333334,14.14,
2022-09-20,3,9,2022,20,60000.0,35,73.5,2202197.536999998,48502,,6473.2,10636,75552,-1142,10636,2001,4875,,,,,,,53.03,48.1225,52.83749999999999,,,144.46666666666667,115.5,,,,,,,379.2,54.5,27.7,60.8,111.06666666666666,175.16666666666666,104.43333333333334,14.14,
2022-09-21,3,9,2022,21,63750.0,40,73.5,2202197.536999998,48502,,6473.2,10636,75552,-1142,10636,2001,4875,,,,,,,53.03,48.1225,52.83749999999999,,,144.46666666666667,115.5,,,,,,,379.2,54.5,27.7,60.8,111.06666666666666,175.16666666666666,104.43333333333334,14.14,
2022-09-22,3,9,2022,22,65000.0,52,73.5,2202197.536999998,48502,,6473.2,10636,75552,-1142,10636,2001,4875,,,,,,,53.03,48.1225,52.83749999999999,,,144.46666666666667,115.5,,,,,,,379.2,54.5,27.7,60.8,111.06666666666666,175.16666666666666,104.43333333333334,14.14,
2022-09-23,3,9,2022,23,65000.0,65,73.5,2202197.536999998,48502,,6473.2,10636,75552,-1142,10636,2001,4875,,,,,,,53.03,48.1225,52.83749999999999,,,144.46666666666667,115.5,,,,,,,379.2,54.5,27.7,60.8,111.06666666666666,175.16666666666666,104.43333333333334,14.14,
2022-09-24,3,9,2022,24,75000.0,21,73.5,2202197.536999998,48502,,6473.2,10636,75552,-1142,10636,2001,4875,,,,,,,53.03,48.1225,52.83749999999999,,,144.46666666666667,115.5,,,,,,,379.2,54.5,27.7,60.8,111.06666666666666,175.16666666666666,104.43333333333334,14.14,
2022-09-25,3,9,2022,25,70000.0,38,73.5,2202197.536999998,48502,,6473.2,10636,75552,-1142,10636,2001,4875,,,,,,,53.03,48.1225,52.83749999999999,,,144.46666666666667,115.5,,,,,,,379.2,54.5,27.7,60.8,111.06666666666666,175.16666666666666,104.43333333333334,14.14,
2022-09-26,3,9,2022,26,60000.0,67,73.5,2202197.536999998,48502,,6473.2,10636,75552,-1142,10636,2001,4875,,,,,,,53.03,48.1225,52.83749999999999,,,144.46666666666667,115.5,,,,,,,379.2,54.5,27.7,60.8,111.06666666666666,175.16666666666666,104.43333333333334,14.14,
2022-09-27,3,9,2022,27,60000.0,58,73.5,2202197.536999998,48502,,6473.2,10636,75552,-1142,10636,2001,4875,,,,,,,53.03,48.1225,52.83749999999999,,,144.46666666666667,115.5,,,,,,,379.2,54.5,27.7,60.8,111.06666666666666,175.16666666666666,104.43333333333334,14.14,
2022-09-28,3,9,2022,28,60000.0,53,73.5,2202197.536999998,48502,,6473.2,10636,75552,-1142,10636,2001,4875,,,,,,,53.03,48.1225,52.83749999999999,,,144.46666666666667,115.5,,,,,,,379.2,54.5,27.7,60.8,111.06666666666666,175.16666666666666,104.43333333333334,14.14,
2022-09-29,3,9,2022,29,66250.0,66,73.5,2202197.536999998,48502,,6473.2,10636,75552,-1142,10636,2001,4875,,,,,,,53.03,48.1225,52.83749999999999,,,144.46666666666667,115.5,,,,,,,379.2,54.5,27.7,60.8,111.06666666666666,175.16666666666666,104.43333333333334,14.14,
2022-09-30,3,9,2022,30,67500.0,46,73.5,2202197.536999998,48502,,6473.2,10636,75552,-1142,10636,2001,4875,,,,,,,53.03,48.1225,52.83749999999999,,,144.46666666666667,115.5,,,,,,,379.2,54.5,27.7,60.8,111.06666666666666,175.16666666666666,104.43333333333334,14.14,
2022-10-01,4,10,2022,1,66250.0,8,,2247017.498999997,57055,,,,78033,2481,,,,,,,,,,52.99999999999999,48.1575,53.415,,,145.5483870967742,105.96774193548387,,,,,,,,,,55.51613,108.2258064516129,176.25806451612902,91.7741935483871,16.09870968,
2022-10-02,4,10,2022,2,70000.0,9,,2247017.498999997,57055,,,,78033,2481,,,,,,,,,,52.99999999999999,48.1575,53.415,,,145.5483870967742,105.96774193548387,,,,,,,,,,55.51613,108.2258064516129,176.25806451612902,91.7741935483871,16.09870968,
2022-10-03,4,10,2022,3,60000.0,75,,2247017.498999997,57055,,,,78033,2481,,,,,,,,,,52.99999999999999,48.1575,53.415,,,145.5483870967742,105.96774193548387,,,,,,,,,,55.51613,108.2258064516129,176.25806451612902,91.7741935483871,16.09870968,
2022-10-04,4,10,2022,4,65000.0,45,,2247017.498999997,57055,,,,78033,2481,,,,,,,,,,52.99999999999999,48.1575,53.415,,,145.5483870967742,105.96774193548387,,,,,,,,,,55.51613,108.2258064516129,176.25806451612902,91.7741935483871,16.09870968,
2022-10-05,4,10,2022,5,70000.0,49,,2247017.498999997,57055,,,,78033,2481,,,,,,,,,,52.99999999999999,48.1575,53.415,,,145.5483870967742,105.96774193548387,,,,,,,,,,55.51613,108.2258064516129,176.25806451612902,91.7741935483871,16.09870968,
2022-10-06,4,10,2022,6,65000.0,85,,2247017.498999997,57055,,,,78033,2481,,,,,,,,,,52.99999999999999,48.1575,53.415,,,145.5483870967742,105.96774193548387,,,,,,,,,,55.51613,108.2258064516129,176.25806451612902,91.7741935483871,16.09870968,
2022-10-07,4,10,2022,7,65000.0,89,,2247017.498999997,57055,,,,78033,2481,,,,,,,,,,52.99999999999999,48.1575,53.415,,,145.5483870967742,105.96774193548387,,,,,,,,,,55.51613,108.2258064516129,176.25806451612902,91.7741935483871,16.09870968,
2022-10-08,4,10,2022,8,65000.0,27,,2247017.498999997,57055,,,,78033,2481,,,,,,,,,,52.99999999999999,48.1575,53.415,,,145.5483870967742,105.96774193548387,,,,,,,,,,55.51613,108.2258064516129,176.25806451612902,91.7741935483871,16.09870968,
2022-10-09,4,10,2022,9,70000.0,29,,2247017.498999997,57055,,,,78033,2481,,,,,,,,,,52.99999999999999,48.1575,53.415,,,145.5483870967742,105.96774193548387,,,,,,,,,,55.51613,108.2258064516129,176.25806451612902,91.7741935483871,16.09870968,
2022-10-10,4,10,2022,10,64000.0,79,,2247017.498999997,57055,,,,78033,2481,,,,,,,,,,52.99999999999999,48.1575,53.415,,,145.5483870967742,105.96774193548387,,,,,,,,,,55.51613,108.2258064516129,176.25806451612902,91.7741935483871,16.09870968,
2022-10-11,4,10,2022,11,75000.0,55,,2247017.498999997,57055,,,,78033,2481,,,,,,,,,,52.99999999999999,48.1575,53.415,,,145.5483870967742,105.96774193548387,,,,,,,,,,55.51613,108.2258064516129,176.25806451612902,91.7741935483871,16.09870968,
2022-10-12,4,10,2022,12,70000.0,74,,2247017.498999997,57055,,,,78033,2481,,,,,,,,,,52.99999999999999,48.1575,53.415,,,145.5483870967742,105.96774193548387,,,,,,,,,,55.51613,108.2258064516129,176.25806451612902,91.7741935483871,16.09870968,
